study_hours_per_week,attendance_rate,midterm_score,homework_avg_score,sleep_hours_per_night,time_on_social_media_min_per_day,gender,commute_time_minutes,has_part_time_job,favorite_music_genre,final_exam_score
19.0,0.68,66.0,65.0,5.0,51.0,0.0,86.0,0.0,calm,82.0
17.6,0.7,80.0,72.0,8.6,181.0,1.0,32.0,1.0,energetic,93.0
17.0,0.73,48.0,39.0,5.4,112.0,1.0,36.0,0.0,energetic,76.0
37.5,0.88,85.0,67.0,4.5,141.0,0.0,59.0,1.0,energetic,100.0
37.5,0.82,84.0,66.0,8.0,282.0,0.0,88.0,1.0,energetic,100.0
24.8,0.96,61.0,53.0,6.7,232.0,0.0,55.0,1.0,calm,88.0
25.0,0.94,42.0,51.0,9.6,228.0,0.0,22.0,0.0,calm,83.0
31.4,0.86,95.0,63.0,7.9,118.0,0.0,40.0,1.0,energetic,100.0
31.7,0.71,86.0,52.0,6.8,273.0,0.0,73.0,0.0,energetic,98.0
11.5,0.58,55.0,64.0,5.0,272.0,0.0,45.0,1.0,energetic,72.0
33.1,0.92,50.0,43.0,5.7,163.0,1.0,46.0,0.0,calm,93.0
21.8,0.53,89.0,55.0,6.9,117.0,0.0,52.0,1.0,calm,94.0
24.9,0.7,56.0,46.0,5.8,236.0,1.0,41.0,0.0,calm,84.0
16.8,0.68,89.0,76.0,8.6,81.0,0.0,26.0,0.0,calm,93.0
7.6,0.58,47.0,48.0,4.4,52.0,0.0,87.0,1.0,calm,61.0
38.3,0.94,91.0,76.0,8.8,124.0,1.0,28.0,0.0,calm,100.0
16.6,0.78,53.0,41.0,4.8,92.0,1.0,35.0,1.0,calm,79.0
6.7,0.59,91.0,57.0,7.7,41.0,0.0,23.0,0.0,calm,90.0
21.8,0.63,79.0,50.0,6.3,40.0,1.0,23.0,1.0,calm,93.0
25.1,0.82,74.0,3.0055646040487574,6.5,59.0,0.0,22.0,0.0,calm,96.0
36.2,0.76,51.0,57.0,6.2,185.0,1.0,40.0,0.0,calm,96.0
26.9,0.77,45.0,58.0,7.0,186.0,1.0,29.0,1.0,calm,89.0
9.8,0.67,63.0,41.0,4.4,186.0,0.0,72.0,0.0,energetic,70.0
12.2,0.58,46.0,59.0,4.0,286.0,1.0,76.0,0.0,calm,69.0
25.5,0.94,45.0,43.0,8.0,272.0,1.0,24.0,0.0,energetic,81.0
31.4,0.75,56.0,40.0,9.0,68.0,0.0,40.0,0.0,energetic,91.0
7.7,0.47,91.0,48.0,8.3,172.0,0.0,78.0,0.0,calm,75.0
28.8,0.69,83.0,73.0,7.0,32.0,0.0,55.0,1.0,calm,98.0
8.6,0.5,66.0,40.0,4.8,116.0,1.0,62.0,1.0,calm,71.0
37.0,0.86,49.0,42.0,9.8,58.0,0.0,25.0,0.0,calm,93.0
7.4,0.5,49.0,44.0,9.8,208.0,0.0,39.0,0.0,energetic,58.0
7.7,0.55,71.0,45.0,8.9,279.0,1.0,88.0,,energetic,69.0
40.0,0.87,45.0,38.0,9.1,70.0,1.0,49.0,1.0,energetic,99.0
30.3,0.9,66.0,51.0,6.9,217.0,0.0,80.0,0.0,calm,99.0
27.5,0.83,51.0,47.0,9.0,131.0,0.0,81.0,1.0,calm,89.0
30.0,0.68,66.0,47.0,6.4,53.0,1.0,59.0,0.0,energetic,96.0
26.6,0.89,59.0,56.0,7.1,226.0,1.0,82.0,1.0,calm,97.0
30.4,0.86,94.0,68.0,9.0,96.0,0.0,55.0,0.0,calm,100.0
11.9,0.78,56.0,60.0,8.3,171.0,0.0,43.0,0.0,calm,77.0
23.6,0.65,64.0,43.0,4.2,254.0,0.0,31.0,1.0,calm,82.0
12.4,0.69,78.0,45.0,6.2,239.0,0.0,16.0,1.0,calm,77.0
17.0,0.8,45.0,55.0,4.5,243.0,1.0,42.0,1.0,energetic,72.0
27.8,0.71,87.0,67.0,8.2,211.0,0.0,66.0,1.0,calm,94.0
16.0,0.67,81.0,70.0,7.6,76.0,0.0,15.0,0.0,calm,93.0
23.1,0.49,50.0,45.0,6.6,284.0,1.0,49.0,1.0,energetic,71.0
5.3,0.5,42.0,37.0,6.4,179.0,0.0,19.0,0.0,energetic,58.0
30.3,0.66,61.0,57.0,6.6,118.0,0.0,63.0,0.0,energetic,92.0
19.6,0.71,61.0,63.0,8.9,300.0,0.0,89.0,1.0,energetic,85.0
21.9,0.68,85.0,47.0,8.4,202.0,0.0,51.0,0.0,energetic,89.0
20.7,0.78,78.0,46.0,6.1,266.0,1.0,22.0,0.0,energetic,89.0
9.8,0.68,47.0,62.0,7.8,115.0,0.0,18.0,1.0,calm,68.0
18.1,0.78,77.0,58.0,9.4,61.0,1.0,81.0,1.0,energetic,91.0
38.4,0.76,93.0,48.0,6.8,271.0,1.0,82.0,1.0,energetic,100.0
11.4,0.54,43.0,63.0,8.5,142.0,0.0,31.0,1.0,calm,66.0
34.3,0.88,50.0,48.0,8.9,37.0,1.0,13.0,0.0,energetic,95.0
5.5,0.59,84.0,50.0,6.5,110.0,1.0,24.0,1.0,calm,75.0
33.3,0.96,66.0,47.0,6.9,148.0,0.0,53.0,1.0,calm,100.0
5.6,0.52,80.0,49.0,7.8,241.0,1.0,75.0,0.0,calm,74.0
36.0,0.87,66.0,40.0,9.6,35.0,1.0,14.0,0.0,energetic,99.0
70.42734975746302,0.69,42.0,54.0,7.3,278.0,0.0,37.0,0.0,energetic,69.0
27.5,0.77,66.0,44.0,5.6,153.0,1.0,84.0,0.0,calm,85.0
14.0,0.55,82.0,53.0,7.3,64.0,1.0,67.0,0.0,energetic,81.0
30.9,0.59,48.0,37.0,4.6,285.0,1.0,62.0,0.0,energetic,75.0
14.3,0.87,51.0,44.0,6.4,33.0,1.0,41.0,1.0,calm,85.0
22.4,0.69,86.0,70.0,6.0,68.0,1.0,54.0,1.0,energetic,99.0
37.8,0.91,90.0,58.0,5.6,105.0,0.0,33.0,1.0,energetic,100.0
20.0,0.65,49.0,41.0,6.6,199.0,0.0,79.0,1.0,calm,76.0
38.0,0.85,59.0,39.0,4.8,256.0,0.0,22.0,1.0,calm,89.0
39.8,1.0,49.0,61.0,5.7,287.0,1.0,23.0,1.0,energetic,100.0
37.8,0.78,42.0,59.0,5.7,228.0,0.0,71.0,1.0,energetic,91.0
18.0,0.54,89.0,57.0,9.6,119.0,1.0,5.0,1.0,energetic,90.0
13.2,0.62,92.0,65.0,6.9,50.0,0.0,46.0,1.0,energetic,94.0
24.1,0.63,90.0,59.0,9.7,118.0,0.0,83.0,1.0,energetic,99.0
20.3,0.72,54.0,46.0,5.4,278.0,1.0,51.0,0.0,energetic,76.0
22.8,0.72,77.0,55.0,5.9,173.0,0.0,22.0,1.0,energetic,87.0
18.8,0.59,51.0,60.0,6.6,150.0,0.0,64.0,1.0,calm,73.0
13.8,0.67,44.0,40.0,9.1,91.0,1.0,16.0,1.0,calm,75.0
8.2,0.79,50.0,36.0,7.6,215.0,1.0,87.0,0.0,energetic,69.0
14.2,0.53,92.0,58.0,9.9,278.0,1.0,60.0,0.0,calm,84.0
39.3,0.82,66.0,48.0,9.5,284.0,0.0,73.0,0.0,energetic,100.0
28.2,0.65,83.0,75.0,9.9,162.0,0.0,82.0,1.0,energetic,91.0
13.7,0.73,41.0,36.0,7.8,118.0,0.0,19.0,0.0,energetic,67.0
11.9,0.61,74.0,71.0,9.8,133.0,1.0,90.0,1.0,energetic,81.0
13.8,0.52,63.0,64.0,8.4,122.0,0.0,44.0,0.0,calm,81.0
18.2,0.57,62.0,54.0,9.8,154.0,1.0,57.0,0.0,energetic,79.0
23.5,0.82,,61.0,8.6,212.0,0.0,6.0,0.0,calm,96.0
14.8,0.66,69.0,45.0,9.9,66.0,1.0,64.0,0.0,energetic,80.0
8.1,0.54,80.0,57.0,7.1,70.0,0.0,,0.0,energetic,72.0
23.7,0.71,48.0,35.0,9.5,276.0,1.0,25.0,1.0,energetic,71.0
23.4,0.72,65.0,51.0,9.2,57.0,1.0,57.0,1.0,energetic,89.0
10.9,0.67,65.0,58.0,6.2,64.0,0.0,87.0,1.0,calm,81.0
16.4,0.69,87.0,51.0,7.7,264.0,0.0,57.0,1.0,calm,84.0
25.6,0.74,74.0,64.0,8.0,259.0,1.0,80.0,0.0,energetic,98.0
9.7,0.56,62.0,47.0,4.6,76.0,0.0,43.0,,energetic,74.0
26.9,0.74,75.0,50.0,7.2,38.0,0.0,45.0,0.0,calm,100.0
10.9,0.56,42.0,60.0,8.0,82.0,1.0,80.0,0.0,energetic,66.0
7.9,0.7,64.0,64.0,6.7,109.0,1.0,61.0,0.0,energetic,82.0
5.8,0.7,88.0,48.0,5.4,-210.96138412589235,1.0,53.0,1.0,calm,75.0
21.7,0.72,43.0,35.0,5.6,42.0,1.0,56.0,0.0,energetic,82.0
25.4,0.59,65.0,66.0,4.4,131.0,0.0,23.0,0.0,energetic,84.0
9.1,0.68,59.0,64.0,8.3,32.0,1.0,79.0,0.0,calm,79.0
27.8,0.84,70.0,66.0,7.6,206.0,1.0,74.0,0.0,energetic,95.0
27.5,0.77,47.0,40.0,9.0,96.0,1.0,23.0,0.0,calm,85.0
6.7,0.69,62.0,67.0,8.0,216.0,0.0,62.0,0.0,calm,74.0
29.2,0.78,54.0,64.0,8.1,91.0,0.0,9.0,0.0,energetic,94.0
37.7,0.89,50.0,51.0,9.4,206.0,1.0,39.0,0.0,energetic,91.0
31.3,0.8,51.0,62.0,4.8,151.0,1.0,7.0,1.0,calm,90.0
25.8,0.83,53.0,64.0,4.8,,0.0,32.0,1.0,calm,86.0
31.9,0.9,89.0,50.0,10.0,95.0,0.0,43.0,0.0,energetic,100.0
29.4,0.7,46.0,53.0,6.3,227.0,1.0,45.0,1.0,calm,83.0
33.7,0.78,65.0,63.0,8.1,101.0,1.0,90.0,1.0,energetic,100.0
18.4,0.74,42.0,43.0,5.6,225.0,1.0,84.0,1.0,energetic,73.0
39.8,1.0,69.0,41.0,8.6,240.0,1.0,46.0,0.0,energetic,100.0
12.8,0.54,93.0,67.0,8.0,112.0,1.0,52.0,1.0,calm,84.0
26.0,0.78,74.0,49.0,8.8,58.0,0.0,51.0,0.0,calm,91.0
18.4,0.61,74.0,58.0,7.8,175.0,1.0,68.0,0.0,calm,87.0
17.4,0.71,80.0,71.0,8.0,211.0,1.0,84.0,0.0,calm,91.0
14.3,0.58,79.0,69.0,4.8,244.0,0.0,73.0,1.0,calm,77.0
5.8,0.46,51.0,58.0,4.0,58.0,1.0,86.0,0.0,calm,59.0
8.4,0.66,55.0,66.0,9.1,264.0,0.0,57.0,0.0,energetic,76.0
33.2,0.85,56.0,65.0,6.2,98.0,0.0,18.0,1.0,calm,97.0
30.4,0.85,46.0,38.0,4.0,272.0,1.0,20.0,,calm,84.0
38.5,0.68,63.0,64.0,7.2,218.0,1.0,28.0,1.0,calm,96.0
18.6,0.63,61.0,44.0,7.4,212.0,1.0,23.0,0.0,energetic,76.0
23.1,0.78,80.0,44.0,15.499019402463084,211.0,0.0,47.0,0.0,calm,92.0
32.4,0.71,43.0,36.0,5.2,77.0,1.0,74.0,1.0,calm,87.0
36.1,0.79,83.0,52.0,9.4,102.0,1.0,41.0,1.0,energetic,100.0
20.1,0.69,91.0,73.0,6.3,131.0,0.0,80.0,0.0,calm,92.0
12.1,0.61,83.0,53.0,6.5,63.0,0.0,79.0,0.0,calm,84.0
31.7,0.84,52.0,59.0,4.1,90.0,0.0,19.0,1.0,energetic,95.0
22.0,0.77,78.0,59.0,6.3,236.0,0.0,187.39006887276315,0.0,calm,89.0
25.2,0.64,63.0,65.0,4.0,98.0,0.0,6.0,0.0,calm,89.0
10.3,0.58,50.0,63.0,6.3,156.0,0.0,84.0,0.0,energetic,70.0
6.0,0.57,60.0,59.0,5.3,130.0,1.0,20.0,0.0,calm,71.0
30.4,0.79,81.0,65.0,6.8,79.0,0.0,66.0,0.0,energetic,100.0
28.3,0.81,66.0,58.0,9.7,192.0,1.0,42.0,0.0,energetic,98.0
36.5,0.76,94.0,50.0,9.5,164.0,0.0,5.0,1.0,energetic,100.0
26.4,0.75,40.0,46.0,6.1,61.0,0.0,12.0,1.0,calm,75.0
36.2,0.82,72.0,67.0,4.6,255.0,0.0,66.0,1.0,calm,100.0
36.2,0.88,81.0,56.0,8.9,145.0,0.0,22.0,1.0,calm,100.0
27.9,0.75,67.0,65.0,5.2,36.0,1.0,56.0,1.0,calm,100.0
19.6,0.73,91.0,106.65870351830199,8.2,272.0,0.0,18.0,0.0,calm,92.0
29.5,0.93,42.0,38.0,4.5,142.0,0.0,30.0,1.0,energetic,85.0
34.5,0.77,64.0,43.0,9.0,185.0,1.0,74.0,0.0,energetic,93.0
39.2,0.86,46.0,47.0,8.4,52.0,0.0,33.0,0.0,calm,100.0
34.5,0.78,44.0,59.0,7.3,279.0,1.0,76.0,1.0,calm,90.0
22.5,0.74,48.0,36.0,7.8,100.0,0.0,30.0,1.0,calm,80.0
35.0,0.72,51.0,54.0,4.5,234.0,1.0,66.0,1.0,energetic,95.0
19.6,0.73,94.0,74.0,5.7,198.0,1.0,26.0,0.0,energetic,100.0
8.1,0.68,77.0,57.0,5.4,72.0,0.0,73.0,1.0,calm,82.0
39.4,0.98,92.0,74.0,8.4,142.0,1.0,43.0,0.0,energetic,100.0
6.9,0.4,65.0,67.0,4.6,77.0,1.0,71.0,0.0,calm,74.0
35.9,0.62,93.0,62.0,4.3,197.0,1.0,71.0,0.0,calm,100.0
12.4,0.52,63.0,54.0,9.5,213.0,1.0,46.0,1.0,energetic,70.0
34.7,0.82,55.0,41.0,5.4,48.0,0.0,60.0,0.0,energetic,93.0
9.9,0.47,46.0,52.0,7.0,237.0,1.0,67.0,0.0,energetic,60.0
29.5,0.74,50.0,35.0,5.0,521.5323650124151,1.0,73.0,0.0,calm,83.0
39.4,1.0,78.0,47.0,8.2,62.0,0.0,90.0,0.0,energetic,100.0
37.4,1.0,80.0,62.0,4.0,131.0,0.0,31.0,1.0,energetic,100.0
38.2,1.0,,62.0,4.7,183.0,0.0,67.0,1.0,energetic,95.0
23.0,0.6,88.0,76.0,6.8,58.0,0.0,51.0,0.0,energetic,95.0
36.3,0.91,73.0,44.0,5.5,98.0,0.0,58.0,1.0,calm,100.0
34.3,0.85,88.0,70.0,9.2,167.0,0.0,85.0,0.0,calm,100.0
18.2,0.7,67.0,45.0,4.1,135.0,1.0,10.0,1.0,calm,82.0
7.2,0.44,73.0,63.0,8.0,166.0,0.0,37.0,0.0,energetic,66.0
15.2,0.61,63.0,67.0,8.9,66.0,1.0,68.0,0.0,energetic,79.0
9.4,0.48,89.0,74.0,7.8,232.0,1.0,81.0,0.0,calm,84.0
21.8,0.72,89.0,58.0,8.6,81.0,0.0,70.0,0.0,energetic,100.0
31.5,0.83,64.0,41.0,9.4,108.0,1.0,82.0,0.0,energetic,89.0
34.6,0.83,89.0,73.0,9.5,235.0,0.0,37.0,0.0,energetic,100.0
19.9,0.59,90.0,57.0,6.8,217.0,0.0,29.0,1.0,calm,94.0
16.1,0.71,80.0,68.0,8.9,62.0,1.0,60.0,0.0,energetic,98.0
16.2,0.59,78.0,62.0,4.3,241.0,0.0,54.0,1.0,energetic,78.0
18.5,0.75,82.0,57.0,7.4,121.0,0.0,64.0,0.0,calm,88.0
8.3,0.39,40.0,36.0,8.7,52.0,1.0,22.0,0.0,calm,62.0
29.1,0.89,51.0,36.0,6.8,105.0,1.0,37.0,0.0,calm,94.0
38.6,0.81,88.0,56.0,6.5,237.0,0.0,61.0,0.0,calm,100.0
19.2,0.56,84.0,50.0,4.0,207.0,1.0,24.0,1.0,energetic,84.0
32.6,0.83,57.0,51.0,9.6,164.0,1.0,27.0,0.0,calm,98.0
20.8,0.67,78.0,44.0,6.0,240.0,1.0,35.0,0.0,energetic,86.0
22.9,0.59,92.0,63.0,7.6,35.0,0.0,88.0,1.0,calm,99.0
17.1,0.7,82.0,59.0,5.8,129.0,1.0,53.0,0.0,calm,86.0
17.0,0.7,77.0,70.0,4.2,269.0,1.0,41.0,1.0,energetic,84.0
19.2,0.85,94.0,59.0,9.8,162.0,0.0,74.0,0.0,calm,94.0
28.6,0.8,74.0,57.0,7.5,253.0,1.0,79.0,0.0,calm,93.0
18.9,0.87,58.0,46.0,7.7,530.294581526563,0.0,23.0,0.0,calm,85.0
24.0,0.81,64.0,64.0,7.3,217.0,1.0,23.0,1.0,energetic,90.0
28.1,0.63,93.0,61.0,9.9,252.0,0.0,25.0,1.0,energetic,96.0
22.5,0.55,81.0,70.0,7.9,241.0,0.0,45.0,0.0,energetic,95.0
10.7,0.48,46.0,53.0,6.4,191.0,0.0,69.0,1.0,calm,61.0
34.3,0.76,40.0,43.0,5.5,296.0,1.0,30.0,1.0,calm,88.0
24.0,0.67,59.0,61.0,9.6,90.0,0.0,57.0,0.0,calm,86.0
6.1,0.75,89.0,68.0,4.6,254.0,0.0,28.0,1.0,energetic,81.0
12.1,0.55,79.0,58.0,6.5,193.0,1.0,7.0,0.0,calm,84.0
19.2,0.7,46.0,44.0,8.5,191.0,0.0,87.0,0.0,energetic,71.0
28.3,0.78,51.0,56.0,8.9,232.0,0.0,17.0,0.0,energetic,82.0
15.8,0.67,86.0,63.0,8.3,110.0,0.0,7.0,0.0,calm,85.0
33.8,0.73,41.0,41.0,8.5,290.0,0.0,57.0,0.0,calm,79.0
30.1,0.89,46.0,47.0,4.7,205.0,0.0,62.0,0.0,energetic,79.0
9.8,0.49,93.0,62.0,8.1,275.0,1.0,81.0,1.0,calm,78.0
26.9,0.89,83.0,50.0,9.6,205.0,0.0,57.0,1.0,energetic,96.0
10.3,0.58,42.0,53.0,9.9,146.0,1.0,78.0,1.0,energetic,64.0
11.1,0.7,94.0,72.0,6.0,270.0,1.0,5.0,0.0,calm,91.0
5.1,0.63,94.0,75.0,4.7,88.0,0.0,63.0,1.0,calm,79.0
17.7,0.56,60.0,42.0,4.3,113.0,1.0,39.0,0.0,energetic,71.0
30.2,0.66,54.0,41.0,7.1,52.0,0.0,84.0,1.0,energetic,89.0
29.6,0.65,53.0,46.0,4.2,240.0,0.0,7.0,1.0,energetic,76.0
23.2,0.64,47.0,57.0,6.7,205.0,1.0,59.0,0.0,calm,81.0
14.1,0.53,44.0,46.0,4.8,192.0,0.0,75.0,0.0,energetic,63.0
15.1,0.66,70.0,42.0,9.6,182.0,1.0,39.0,1.0,energetic,76.0
24.4,0.63,60.0,38.0,7.2,297.0,0.0,53.0,0.0,energetic,78.0
20.8,0.57,62.0,65.0,7.1,123.0,0.0,72.0,0.0,calm,87.0
35.7,1.0,85.0,52.0,6.2,97.0,1.0,46.0,1.0,energetic,100.0
11.1,0.41,44.0,60.0,10.0,292.0,0.0,65.0,1.0,energetic,57.0
36.0,0.88,43.0,35.0,6.1,298.0,0.0,60.0,1.0,calm,90.0
22.1,0.73,41.0,47.0,8.5,263.0,1.0,19.0,0.0,calm,67.0
25.6,0.61,79.0,70.0,8.1,285.0,0.0,76.0,0.0,energetic,88.0
38.9,0.94,92.0,60.0,9.8,99.0,1.0,23.0,1.0,energetic,100.0
33.6,0.71,58.0,52.0,5.9,292.0,1.0,81.0,0.0,energetic,94.0
35.0,0.7,49.0,56.0,9.3,286.0,0.0,57.0,1.0,calm,87.0
16.8,0.72,67.0,46.0,8.1,65.0,1.0,11.0,0.0,calm,80.0
15.5,0.71,44.0,55.0,6.5,191.0,1.0,23.0,1.0,calm,74.0
24.2,0.62,57.0,54.0,4.5,284.0,1.0,45.0,1.0,energetic,81.0
7.0,0.6,82.0,51.0,4.0,86.0,1.0,72.0,0.0,energetic,77.0
6.4,0.34,43.0,52.0,8.1,119.0,0.0,15.0,0.0,calm,60.0
35.8,0.68,-20.107189956051954,69.0,5.6,65.0,1.0,48.0,1.0,calm,100.0
38.9,0.85,58.0,50.0,6.1,216.0,0.0,55.0,1.0,calm,100.0
20.6,0.81,69.0,60.0,4.5,163.0,1.0,31.0,0.0,energetic,86.0
14.0,0.53,88.0,47.0,5.0,66.0,1.0,79.0,0.0,calm,92.0
6.6,0.68,83.0,63.0,8.3,64.0,1.0,42.0,0.0,calm,85.0
26.1,0.74,71.0,54.0,9.1,244.0,0.0,28.0,1.0,energetic,92.0
39.3,0.72,40.0,45.0,7.3,146.0,1.0,84.0,1.0,calm,93.0
33.8,0.75,71.0,57.0,4.2,102.0,1.0,83.0,1.0,calm,100.0
35.5,0.72,68.0,52.0,5.2,282.0,0.0,7.0,0.0,calm,94.0
29.0,0.86,81.0,54.0,6.0,115.0,0.0,43.0,1.0,calm,93.0
19.2,0.72,48.0,55.0,4.3,158.0,1.0,77.0,0.0,energetic,70.0
22.5,0.73,83.0,56.0,8.9,250.0,1.0,8.0,0.0,energetic,95.0
7.8,0.6,49.0,56.0,5.3,246.0,1.0,55.0,0.0,calm,70.0
18.6,0.74,87.0,47.0,4.4,81.0,0.0,84.0,0.0,calm,92.0
5.5,0.6,49.0,37.0,8.2,81.0,0.0,64.0,1.0,calm,59.0
24.4,0.61,83.0,66.0,5.8,148.0,1.0,54.0,1.0,energetic,98.0
29.9,0.68,44.0,46.0,9.3,193.0,0.0,41.0,1.0,calm,78.0
36.5,0.66,95.0,60.0,8.6,160.0,0.0,29.0,1.0,energetic,100.0
33.0,0.71,78.0,54.0,8.5,99.0,0.0,83.0,1.0,energetic,97.0
32.7,0.86,74.0,52.0,8.3,167.0,1.0,68.0,0.0,calm,100.0
24.6,0.78,93.0,71.0,4.4,274.0,0.0,21.0,1.0,calm,99.0
10.6,0.52,76.0,65.0,5.7,104.0,1.0,62.0,1.0,calm,78.0
26.8,0.74,69.0,49.0,8.0,54.0,0.0,19.0,0.0,energetic,97.0
31.7,0.89,58.0,56.0,5.5,170.0,0.0,73.0,0.0,calm,96.0
32.8,0.77,92.0,74.0,5.4,214.0,1.0,49.0,0.0,energetic,100.0
39.6,0.81,80.0,54.0,6.5,255.0,0.0,85.0,0.0,energetic,100.0
28.6,0.86,76.0,44.0,8.5,268.0,1.0,79.0,0.0,energetic,91.0
13.4,0.72,68.0,61.0,5.6,181.0,0.0,13.0,0.0,energetic,75.0
5.4,0.59,56.0,56.0,8.3,197.0,1.0,73.0,0.0,calm,65.0
28.5,0.84,40.0,39.0,7.6,277.0,1.0,49.0,1.0,energetic,82.0
22.9,0.57,64.0,41.0,4.8,264.0,0.0,34.0,0.0,calm,77.0
31.4,0.94,55.0,50.0,4.7,66.0,0.0,26.0,1.0,calm,97.0
7.6,0.51,67.0,46.0,6.4,92.0,0.0,7.0,0.0,energetic,64.0
21.6,0.71,94.0,68.0,7.6,269.0,0.0,35.0,0.0,energetic,98.0
35.3,0.95,90.0,58.0,4.0,53.0,0.0,62.0,0.0,energetic,100.0
10.2,0.46,63.0,63.0,5.0,264.0,1.0,80.0,0.0,energetic,68.0
16.5,0.75,43.0,43.0,7.4,228.0,1.0,31.0,0.0,energetic,77.0
25.8,0.54,92.0,52.0,8.0,182.0,0.0,50.0,1.0,calm,91.0
12.4,0.68,63.0,43.0,7.0,91.0,0.0,14.0,1.0,calm,72.0
5.2,0.43,62.0,63.0,7.0,173.0,1.0,56.0,0.0,calm,67.0
33.1,0.93,52.0,61.0,9.8,234.0,1.0,80.0,1.0,energetic,95.0
20.9,0.58,77.0,66.0,6.7,80.0,0.0,77.0,1.0,energetic,88.0
23.3,0.66,41.0,49.0,7.2,163.0,1.0,36.0,0.0,energetic,79.0
30.3,0.74,80.0,56.0,8.5,251.0,1.0,85.0,0.0,calm,95.0
7.6,0.57,72.0,60.0,6.4,128.0,0.0,35.0,1.0,energetic,70.0
25.9,0.62,82.0,47.0,8.5,263.0,0.0,61.0,0.0,calm,88.0
19.7,0.75,68.0,67.0,6.0,277.0,0.0,68.0,0.0,energetic,82.0
35.8,0.84,78.0,72.0,4.6,48.0,0.0,10.0,0.0,calm,100.0
28.7,0.61,94.0,60.0,5.8,273.0,1.0,85.0,1.0,energetic,100.0
28.7,0.69,51.0,55.0,9.5,279.0,0.0,17.0,1.0,calm,86.0
31.8,0.78,65.0,60.0,5.4,238.0,1.0,31.0,1.0,energetic,95.0
39.7,0.91,49.0,61.0,6.3,135.0,0.0,14.0,0.0,calm,94.0
14.9,0.49,52.0,53.0,5.9,56.0,1.0,54.0,0.0,calm,71.0
33.6,0.83,70.0,45.0,4.8,263.0,1.0,42.0,1.0,calm,96.0
19.5,0.61,79.0,73.0,4.6,228.0,0.0,25.0,0.0,energetic,84.0
9.4,0.43,90.0,59.0,8.5,239.0,0.0,10.0,1.0,energetic,76.0
39.0,0.97,59.0,48.0,8.9,102.0,0.0,86.0,0.0,energetic,95.0
32.5,0.87,83.0,68.0,9.4,236.0,0.0,58.0,1.0,calm,100.0
37.7,0.91,71.0,61.0,9.6,175.0,0.0,80.0,1.0,energetic,95.0
34.4,0.94,93.0,61.0,9.9,290.0,0.0,67.0,1.0,calm,100.0
29.2,0.82,56.0,45.0,7.0,157.0,0.0,20.0,0.0,energetic,87.0
9.1,0.76,42.0,50.0,6.6,43.0,0.0,75.0,0.0,calm,71.0
39.4,1.0,83.0,61.0,8.9,47.0,0.0,67.0,0.0,calm,100.0
15.4,0.63,48.0,38.0,8.7,278.0,0.0,39.0,1.0,calm,65.0
15.8,0.87,87.0,69.0,6.0,70.0,1.0,31.0,1.0,calm,96.0
19.8,0.46,94.0,55.0,,293.0,0.0,86.0,1.0,calm,85.0
33.8,0.92,92.0,64.0,8.7,286.0,1.0,82.0,0.0,energetic,100.0
19.9,0.58,89.0,61.0,5.2,67.0,1.0,80.0,0.0,energetic,94.0
18.0,0.67,44.0,51.0,8.1,158.0,1.0,90.0,0.0,calm,71.0
21.5,0.63,,34.0,6.1,146.0,1.0,55.0,0.0,calm,67.0
21.6,0.69,54.0,53.0,9.7,278.0,1.0,62.0,0.0,energetic,81.0
6.4,0.57,90.0,67.0,4.7,84.0,1.0,72.0,0.0,calm,82.0
7.6,0.63,69.0,43.0,7.3,289.0,1.0,37.0,0.0,calm,68.0
27.0,0.7,60.0,61.0,6.5,33.0,0.0,27.0,1.0,energetic,91.0
14.9,0.59,80.0,46.0,6.0,227.0,1.0,84.0,1.0,energetic,82.0
11.7,0.56,46.0,62.0,7.0,108.0,1.0,41.0,0.0,calm,69.0
27.6,0.82,53.0,57.0,8.6,94.0,1.0,76.0,0.0,calm,90.0
8.5,0.48,93.0,50.0,9.6,219.0,0.0,88.0,0.0,calm,79.0
11.0,0.49,89.0,68.0,9.7,263.0,1.0,42.0,1.0,energetic,75.0
25.1,0.7,69.0,58.0,6.5,61.0,0.0,51.0,0.0,calm,93.0
37.7,0.81,72.0,59.0,9.9,289.0,1.0,48.0,0.0,energetic,97.0
9.8,0.67,0.3331483617999851,50.0,9.2,172.0,0.0,75.0,1.0,energetic,64.0
19.9,0.63,79.0,51.0,5.0,130.0,1.0,43.0,0.0,energetic,84.0
29.2,0.81,81.0,66.0,7.3,220.0,1.0,65.0,1.0,energetic,99.0
29.1,0.63,81.0,55.0,4.9,75.0,0.0,36.0,0.0,energetic,95.0
39.4,1.0,75.0,58.0,4.4,67.0,1.0,27.0,0.0,calm,100.0
36.8,0.81,65.0,45.0,6.5,237.0,1.0,26.0,1.0,energetic,98.0
11.3,0.63,62.0,55.0,8.4,132.0,1.0,44.0,0.0,energetic,80.0
24.9,0.81,89.0,68.0,5.2,138.0,0.0,21.0,1.0,calm,100.0
25.8,0.68,93.0,58.0,5.0,103.0,1.0,44.0,0.0,calm,95.0
24.2,0.7,42.0,39.0,6.4,144.0,0.0,43.0,0.0,calm,73.0
7.7,0.51,45.0,53.0,7.2,277.0,1.0,45.0,1.0,energetic,64.0
22.0,0.71,79.0,59.0,7.5,224.0,0.0,25.0,0.0,calm,89.0
38.2,0.97,63.0,56.0,9.6,278.0,1.0,81.0,1.0,energetic,100.0
24.6,0.63,45.0,51.0,7.6,200.0,1.0,7.0,1.0,energetic,78.0
31.4,0.95,77.0,69.0,8.8,91.0,0.0,82.0,0.0,calm,100.0
32.8,0.77,52.0,41.0,4.2,183.0,0.0,34.0,1.0,energetic,85.0
19.3,0.63,82.0,45.0,9.7,194.0,0.0,52.0,0.0,energetic,84.0
14.7,0.6,77.0,52.0,4.4,256.0,0.0,41.0,0.0,energetic,81.0
23.6,0.74,64.0,48.0,5.2,36.0,1.0,43.0,0.0,energetic,92.0
25.8,0.78,45.0,63.0,7.4,237.0,1.0,78.0,0.0,energetic,81.0
35.5,0.65,78.0,62.0,6.1,30.0,1.0,32.0,0.0,energetic,100.0
35.7,0.74,78.0,53.0,6.9,45.0,0.0,6.0,1.0,energetic,100.0
17.7,0.69,54.0,58.0,6.9,240.0,1.0,76.0,1.0,energetic,82.0
27.0,0.75,80.0,63.0,4.1,38.0,0.0,28.0,1.0,calm,100.0
31.9,0.82,43.0,40.0,7.6,209.0,0.0,73.0,0.0,calm,85.0
30.4,0.91,47.0,39.0,8.1,169.0,1.0,13.0,0.0,energetic,92.0
36.2,1.381836095353731,86.0,71.0,4.2,85.0,1.0,25.0,1.0,energetic,100.0
15.6,0.63,63.0,58.0,7.3,99.0,1.0,24.0,1.0,energetic,82.0
7.4,0.42,78.0,66.0,4.1,211.0,1.0,17.0,0.0,calm,74.0
39.5,1.0,88.0,67.0,7.6,148.0,1.0,64.0,0.0,energetic,100.0
14.5,0.72,77.0,64.0,7.9,51.0,1.0,77.0,1.0,energetic,90.0
14.1,0.74,69.0,57.0,5.9,78.0,1.0,90.0,1.0,energetic,85.0
11.8,0.65,78.0,56.0,5.2,109.0,0.0,89.0,0.0,calm,83.0
12.1,0.85,46.0,46.0,6.3,224.0,1.0,37.0,0.0,calm,77.0
30.3,0.76,52.0,50.0,8.6,116.0,0.0,37.0,0.0,calm,86.0
32.4,0.78,92.0,76.0,6.1,214.0,0.0,13.0,1.0,calm,100.0
16.6,0.67,95.0,51.0,7.1,296.0,1.0,63.0,1.0,energetic,94.0
38.1,0.96,46.0,55.0,7.8,169.0,1.0,65.0,0.0,calm,99.0
13.7,0.65,49.0,45.0,9.3,37.0,0.0,65.0,0.0,energetic,69.0
38.7,0.87,40.0,59.0,5.6,213.0,0.0,14.0,0.0,energetic,95.0
7.2,0.09204523251760677,89.0,58.0,4.3,247.0,0.0,71.0,0.0,calm,77.0
39.7,0.73,54.0,56.0,,254.0,1.0,31.0,0.0,calm,100.0
23.2,0.69,90.0,62.0,6.5,198.0,0.0,71.0,0.0,energetic,100.0
25.0,0.71,63.0,41.0,6.7,216.0,0.0,21.0,0.0,calm,83.0
13.3,0.69,65.0,59.0,9.1,178.0,1.0,35.0,0.0,calm,78.0
16.5,0.87,89.0,58.0,9.3,35.0,0.0,49.0,1.0,calm,95.0
30.8,0.94,60.0,68.0,8.6,194.0,1.0,9.0,0.0,energetic,97.0
25.0,0.76,52.0,47.0,5.3,279.0,1.0,33.0,1.0,energetic,85.0
10.1,0.72,61.0,42.0,5.4,221.0,1.0,38.0,0.0,calm,71.0
12.9,0.6,79.0,54.0,6.2,297.0,1.0,33.0,1.0,energetic,81.0
5.1,0.39,74.0,68.0,5.0,296.0,0.0,75.0,0.0,energetic,66.0
23.4,0.67,59.0,59.0,4.7,272.0,1.0,53.0,1.0,calm,81.0
8.9,0.64,49.0,35.0,9.6,156.0,0.0,23.0,1.0,energetic,59.0
16.6,0.61,77.0,49.0,5.9,55.0,1.0,41.0,1.0,calm,88.0
34.0,0.73,48.0,61.0,5.6,32.0,0.0,44.0,0.0,energetic,93.0
18.1,0.82,68.0,53.0,7.2,32.0,1.0,28.0,1.0,calm,85.0
14.2,0.74,64.0,69.0,7.0,36.0,1.0,12.0,0.0,calm,87.0
15.8,0.62,68.0,54.0,7.5,106.0,0.0,48.0,1.0,calm,84.0
8.8,0.59,67.0,49.0,9.3,86.0,0.0,40.0,1.0,energetic,73.0
13.3,0.54,63.0,66.0,6.7,198.0,0.0,73.0,0.0,energetic,75.0
28.4,0.74,82.0,63.0,8.5,232.0,1.0,39.0,1.0,calm,96.0
7.4,0.45,83.0,63.0,9.6,113.0,1.0,70.0,0.0,calm,77.0
14.5,0.8,88.0,71.0,8.4,48.0,1.0,42.0,0.0,energetic,98.0
5.4,0.68,67.0,56.0,4.2,55.0,1.0,80.0,0.0,calm,73.0
10.6,,43.0,62.0,4.1,93.0,1.0,32.0,1.0,calm,66.0
6.6,0.55,55.0,46.0,6.9,245.0,0.0,27.0,0.0,calm,58.0
28.0,0.89,74.0,55.0,9.8,267.0,1.0,15.0,0.0,energetic,98.0
20.0,0.77,77.0,46.0,5.5,124.0,1.0,58.0,1.0,calm,93.0
25.7,0.73,53.0,53.0,9.6,214.0,1.0,12.0,1.0,calm,83.0
37.6,0.92,83.0,49.0,6.0,,1.0,43.0,0.0,energetic,100.0
26.4,0.9,83.0,61.0,4.9,107.0,1.0,33.0,0.0,calm,99.0
17.3,0.64,63.0,42.0,4.4,93.0,1.0,42.0,1.0,energetic,83.0
13.2,0.62,65.0,41.0,5.7,84.0,1.0,85.0,1.0,calm,75.0
15.0,0.53,67.0,61.0,7.5,247.0,1.0,88.0,0.0,calm,80.0
30.5,0.91,84.0,64.0,5.5,90.0,0.0,85.0,0.0,energetic,100.0
22.8,0.85,64.0,46.0,8.2,168.0,1.0,35.0,0.0,energetic,87.0
22.8,0.73,62.0,57.0,9.9,115.0,1.0,70.0,0.0,calm,83.0
18.1,0.61,62.0,39.0,5.1,83.0,0.0,27.0,1.0,calm,78.0
10.5,0.53,60.0,38.0,7.5,128.0,0.0,72.0,1.0,energetic,64.0
9.9,0.54,63.0,48.0,6.9,255.0,0.0,48.0,0.0,energetic,62.0
30.9,0.83,49.0,53.0,9.9,111.0,0.0,77.0,1.0,calm,90.0
10.2,0.57,51.0,58.0,5.5,195.0,0.0,76.0,0.0,energetic,74.0
,0.85,90.0,2.091202030650564,5.7,192.0,1.0,16.0,0.0,energetic,100.0
31.8,0.83,54.0,49.0,5.1,-193.49898185831847,1.0,86.0,1.0,energetic,90.0
13.0,0.61,50.0,56.0,7.7,182.0,1.0,54.0,1.0,energetic,73.0
18.6,0.8,76.0,52.0,8.9,167.0,0.0,30.0,1.0,calm,90.0
21.7,0.79,75.0,59.0,4.7,227.0,0.0,67.0,0.0,calm,86.0
14.0,0.55,81.0,65.0,7.0,287.0,0.0,78.0,0.0,calm,83.0
19.3,0.69,92.0,62.0,16.045968454631243,198.0,1.0,17.0,1.0,calm,94.0
8.4,0.53,89.0,61.0,4.4,224.0,0.0,89.0,0.0,energetic,76.0
31.4,0.88,95.0,58.0,6.8,113.0,1.0,33.0,0.0,energetic,100.0
30.6,0.68,79.0,47.0,4.5,53.0,0.0,76.0,0.0,energetic,98.0
8.8,0.64,70.0,50.0,9.2,68.0,1.0,63.0,0.0,calm,76.0
22.6,0.67,45.0,58.0,5.4,46.0,1.0,5.0,0.0,calm,81.0
19.4,0.67,46.0,49.0,4.5,59.0,1.0,89.0,1.0,energetic,75.0
12.7,0.74,81.0,51.0,4.6,216.0,1.0,34.0,0.0,energetic,80.0
25.4,0.65,88.0,76.0,4.9,127.0,0.0,49.0,0.0,energetic,100.0
27.4,0.82,93.0,60.0,5.1,299.0,0.0,20.0,0.0,energetic,100.0
8.0,0.72,84.0,66.0,5.7,237.0,0.0,15.0,0.0,calm,82.0
21.6,0.7,56.0,65.0,9.1,242.0,1.0,14.0,0.0,calm,82.0
36.5,0.84,78.0,67.0,4.8,177.0,0.0,36.0,1.0,energetic,100.0
27.2,0.83,42.0,62.0,6.6,176.0,0.0,42.0,0.0,calm,91.0
12.2,0.53,68.0,65.0,7.9,31.0,0.0,22.0,1.0,energetic,79.0
21.6,0.7,47.0,61.0,5.4,66.0,1.0,45.0,1.0,energetic,78.0
16.1,0.64,76.0,49.0,8.1,145.0,0.0,89.0,1.0,energetic,78.0
37.4,0.9,86.0,47.0,7.2,54.0,0.0,51.0,1.0,energetic,100.0
11.3,0.38,40.0,49.0,8.7,253.0,0.0,23.0,0.0,calm,56.0
38.8,0.8,41.0,53.0,7.3,58.0,0.0,79.0,1.0,calm,97.0
39.4,0.96,88.0,62.0,9.1,135.0,0.0,9.0,0.0,calm,100.0
21.5,0.78,49.0,57.0,5.8,279.0,1.0,29.0,0.0,calm,83.0
27.7,0.8,82.0,52.0,7.4,296.0,1.0,67.0,0.0,energetic,98.0
17.1,0.73,56.0,42.0,8.3,200.0,0.0,40.0,0.0,calm,70.0
17.5,0.48,70.0,49.0,5.3,138.0,0.0,88.0,1.0,energetic,72.0
37.6,0.8,46.0,36.0,6.4,253.0,0.0,24.0,0.0,calm,91.0
23.5,0.96,54.0,62.0,6.7,266.0,0.0,43.0,0.0,energetic,88.0
11.7,0.64,58.0,63.0,7.3,193.0,0.0,47.0,1.0,energetic,76.0
36.6,0.92,64.0,65.0,9.2,165.0,1.0,74.0,0.0,calm,100.0
37.6,0.95,67.0,55.0,6.4,220.0,1.0,57.0,1.0,energetic,100.0
6.5,0.72,78.0,59.0,4.3,244.0,0.0,61.0,0.0,energetic,72.0
12.1,0.77,88.0,69.0,10.0,295.0,1.0,41.0,0.0,calm,84.0
27.5,1.3762133895890662,74.0,45.0,6.0,84.0,1.0,21.0,0.0,energetic,100.0
22.6,0.86,60.0,51.0,5.5,137.0,1.0,67.0,0.0,calm,94.0
27.0,0.74,57.0,50.0,5.7,156.0,1.0,14.0,1.0,calm,91.0
9.6,0.56,76.0,47.0,8.3,52.0,1.0,7.0,0.0,calm,78.0
40.0,0.88,82.0,73.0,7.4,241.0,1.0,28.0,0.0,calm,100.0
24.7,0.85,46.0,51.0,9.5,96.0,1.0,61.0,0.0,energetic,83.0
33.5,0.97,56.0,39.0,8.2,265.0,1.0,90.0,1.0,calm,93.0
10.0,0.67,77.0,67.0,7.8,230.0,0.0,51.0,0.0,calm,74.0
13.9,0.52,51.0,54.0,4.9,78.0,0.0,46.0,0.0,calm,73.0
32.6,0.62,40.0,45.0,9.2,161.0,1.0,61.0,1.0,energetic,85.0
17.9,0.61,68.0,60.0,14.654163671630588,267.0,0.0,72.0,0.0,energetic,78.0
25.3,0.74,67.0,51.0,8.5,139.0,0.0,67.0,1.0,calm,87.0
10.8,0.44,95.0,59.0,5.4,240.0,1.0,59.0,0.0,energetic,87.0
19.3,0.66,68.0,62.0,7.9,186.0,1.0,13.0,0.0,energetic,83.0
8.5,0.5,53.0,61.0,5.9,288.0,0.0,56.0,1.0,calm,58.0
38.9,0.97,61.0,58.0,7.9,98.0,1.0,33.0,1.0,calm,100.0
34.6,0.84,88.0,69.0,4.3,257.0,1.0,84.0,1.0,calm,100.0
8.0,0.69,88.0,71.0,4.3,70.0,0.0,46.0,0.0,energetic,83.0
25.9,0.66,82.0,54.0,5.6,228.0,0.0,36.0,0.0,calm,87.0
8.1,0.48,73.0,72.0,8.9,280.0,1.0,-77.5743877209854,,calm,73.0
34.7,0.73,91.0,49.0,6.1,127.0,0.0,25.0,0.0,calm,100.0
15.2,0.57,157.77866641502055,72.0,5.6,253.0,0.0,84.0,0.0,energetic,77.0
23.5,0.65,62.0,42.0,4.5,144.0,0.0,85.0,0.0,energetic,79.0
11.1,0.64,58.0,45.0,10.0,109.0,1.0,47.0,0.0,calm,73.0
39.7,0.89,54.0,62.0,5.2,54.0,1.0,37.0,1.0,calm,100.0
18.9,0.89,40.0,43.0,8.6,209.0,0.0,18.0,1.0,calm,71.0
12.2,0.65,62.0,44.0,6.3,269.0,0.0,85.0,0.0,calm,72.0
12.2,0.66,72.0,52.0,4.1,58.0,1.0,88.0,0.0,calm,82.0
38.3,0.96,89.0,54.0,7.1,266.0,0.0,75.0,0.0,calm,100.0
28.7,0.81,63.0,59.0,9.6,211.0,0.0,45.0,0.0,calm,92.0
38.5,0.86,94.0,50.0,5.5,197.0,0.0,63.0,1.0,energetic,100.0
7.0,0.59,49.0,48.0,4.2,144.0,1.0,25.0,1.0,calm,64.0
26.0,0.84,70.0,42.0,7.9,236.0,0.0,62.0,0.0,calm,88.0
36.5,0.94,92.0,60.0,5.5,76.0,1.0,83.0,1.0,calm,100.0
14.5,0.58,75.0,43.0,8.2,133.0,1.0,56.0,1.0,energetic,81.0
16.0,0.63,92.0,63.0,6.6,74.0,1.0,60.0,1.0,energetic,100.0
20.4,0.54,79.0,53.0,6.9,51.0,0.0,75.0,0.0,energetic,81.0
31.2,0.75,62.0,66.0,9.9,31.0,1.0,33.0,1.0,energetic,99.0
23.0,0.91,58.0,50.0,4.1,245.0,1.0,77.0,1.0,calm,85.0
23.8,0.58,52.0,63.0,6.7,59.0,0.0,18.0,0.0,calm,77.0
37.7,0.82,78.0,60.0,9.6,229.0,1.0,82.0,0.0,calm,100.0
18.1,0.72,69.0,56.0,9.1,43.0,0.0,54.0,0.0,calm,86.0
15.8,0.58,65.0,61.0,9.1,57.0,1.0,39.0,0.0,energetic,80.0
31.0,0.85,67.0,46.0,-3.312537550901169,127.0,0.0,79.0,0.0,energetic,94.0
35.4,0.93,72.0,51.0,4.9,97.0,1.0,40.0,1.0,energetic,100.0
39.7,0.92,53.0,40.0,-0.6466078708725451,108.0,1.0,77.0,0.0,calm,100.0
10.2,0.74,45.0,62.0,6.8,71.0,1.0,62.0,0.0,calm,77.0
15.4,0.5,43.0,50.0,4.6,79.0,1.0,81.0,0.0,energetic,67.0
8.3,0.59,76.0,46.0,9.3,,1.0,63.0,1.0,calm,79.0
17.9,0.62,62.0,64.0,7.8,62.0,1.0,37.0,0.0,energetic,84.0
19.9,0.52,75.0,47.0,5.8,236.0,1.0,15.0,0.0,calm,82.0
7.1,0.64,74.0,55.0,5.1,106.0,1.0,61.0,0.0,energetic,75.0
38.2,0.84,64.0,54.0,8.4,240.0,0.0,80.0,1.0,calm,100.0
24.8,0.78,59.0,56.0,9.0,55.0,0.0,57.0,0.0,calm,91.0
33.1,0.66,92.0,50.0,9.5,76.0,1.0,29.0,0.0,calm,100.0
29.9,0.76,81.0,62.0,9.5,259.0,0.0,38.0,1.0,energetic,95.0
14.9,0.58,70.0,52.0,5.2,173.0,1.0,39.0,0.0,calm,82.0
21.1,0.71,69.0,64.0,8.4,233.0,0.0,34.0,0.0,calm,80.0
25.9,0.77,60.0,59.0,7.8,209.0,1.0,29.0,1.0,calm,93.0
27.8,0.74,58.0,53.0,4.9,52.0,0.0,81.0,0.0,calm,92.0
26.4,0.79,66.0,40.0,7.8,209.0,1.0,73.0,0.0,energetic,84.0
21.8,0.58,75.0,49.0,9.9,280.0,1.0,50.0,0.0,energetic,80.0
18.7,0.8,92.0,74.0,5.9,243.0,0.0,75.0,1.0,calm,100.0
7.7,0.81,74.0,71.0,4.6,84.0,1.0,90.0,1.0,calm,85.0
28.4,0.93,53.0,38.0,4.7,269.0,1.0,47.0,0.0,energetic,90.0
9.6,0.5,43.0,33.0,9.4,90.0,0.0,84.0,0.0,energetic,56.0
16.1,0.52,53.0,49.0,4.6,212.0,0.0,20.0,0.0,calm,67.0
28.3,0.79,40.0,48.0,5.8,143.0,0.0,10.0,1.0,energetic,83.0
20.6,0.58,74.0,66.0,9.9,295.0,1.0,29.0,1.0,energetic,85.0
14.0,0.73,47.0,53.0,5.3,146.0,1.0,84.0,0.0,calm,78.0
11.1,0.66,68.0,61.0,6.2,84.0,0.0,28.0,0.0,energetic,79.0
19.3,0.76,67.0,68.0,9.0,117.0,0.0,73.0,0.0,energetic,89.0
20.8,0.68,74.0,43.0,8.9,105.0,1.0,74.0,0.0,calm,85.0
24.1,0.83,40.0,48.0,7.8,232.0,0.0,52.0,1.0,calm,75.0
5.1,0.63,83.0,65.0,9.4,86.0,0.0,7.0,1.0,energetic,73.0
23.5,0.65,77.0,45.0,8.2,129.0,1.0,15.0,0.0,calm,89.0
9.5,0.58,61.0,64.0,6.7,110.0,1.0,49.0,0.0,calm,76.0
11.5,0.68,40.0,39.0,9.8,41.0,0.0,87.0,0.0,calm,66.0
20.1,0.71,81.0,63.0,9.6,99.0,1.0,32.0,0.0,calm,93.0
6.7,0.51,75.0,53.0,6.4,35.0,1.0,28.0,1.0,calm,79.0
20.6,0.52,46.0,47.0,9.1,220.0,1.0,11.0,1.0,energetic,68.0
27.8,0.89,55.0,37.0,9.6,280.0,1.0,40.0,1.0,calm,82.0
24.2,0.57,85.0,61.0,9.2,158.0,1.0,43.0,0.0,calm,92.0
7.7,0.69,85.0,73.0,7.6,296.0,0.0,68.0,0.0,calm,84.0
12.0,0.66,64.0,60.0,7.8,290.0,1.0,8.0,1.0,calm,74.0
35.7,0.82,74.0,49.0,4.4,124.0,0.0,54.0,0.0,energetic,97.0
21.8,0.59,52.0,42.0,4.4,184.0,0.0,6.0,0.0,energetic,73.0
23.7,0.91,56.0,46.0,9.2,143.0,1.0,43.0,0.0,energetic,83.0
28.0,0.87,90.0,75.0,4.7,58.0,0.0,76.0,1.0,calm,100.0
32.3,0.8,93.0,74.0,8.9,200.0,1.0,38.0,0.0,calm,100.0
34.0,0.98,56.0,45.0,8.0,191.0,1.0,59.0,0.0,calm,95.0
6.7,0.66,71.0,53.0,8.9,40.0,0.0,46.0,1.0,calm,82.0
27.3,0.8,60.0,51.0,5.2,235.0,0.0,66.0,0.0,calm,89.0
21.7,0.71,86.0,49.0,6.0,298.0,1.0,70.0,1.0,energetic,91.0
20.8,0.91,51.0,61.0,9.9,190.0,0.0,44.0,0.0,calm,85.0
8.4,0.65,68.0,50.0,9.9,186.0,0.0,20.0,0.0,energetic,69.0
28.4,0.87,47.0,53.0,8.5,277.0,0.0,40.0,0.0,calm,85.0
36.3,0.87,61.0,59.0,9.8,98.0,1.0,22.0,0.0,calm,100.0
22.5,0.74,93.0,64.0,5.2,217.0,1.0,74.0,1.0,calm,100.0
16.1,0.64,89.0,55.0,4.1,70.0,1.0,15.0,0.0,calm,89.0
20.2,0.6,84.0,67.0,5.5,142.0,1.0,81.0,0.0,energetic,91.0
7.5,0.56,47.0,63.0,9.8,177.0,1.0,86.0,1.0,calm,65.0
20.7,0.78,61.0,42.0,8.7,147.0,1.0,81.0,,calm,88.0
8.3,0.67,58.0,67.0,5.0,109.0,1.0,41.0,1.0,calm,70.0
13.5,0.62,83.0,53.0,7.7,193.0,1.0,74.0,0.0,calm,84.0
11.3,0.52,57.0,40.0,6.3,101.0,1.0,66.0,0.0,energetic,68.0
37.8,0.76,,45.0,6.4,62.0,0.0,15.0,1.0,energetic,94.0
37.6,0.92,83.0,63.0,7.8,66.0,1.0,57.0,1.0,calm,100.0
35.2,0.78,40.0,38.0,5.4,89.0,1.0,15.0,0.0,calm,86.0
8.0,0.48,56.0,54.0,9.4,145.0,1.0,58.0,0.0,energetic,64.0
35.7,0.98,70.0,44.0,6.4,214.0,1.0,42.0,0.0,calm,100.0
18.9,0.8,60.0,53.0,7.3,126.0,1.0,36.0,1.0,energetic,83.0
14.2,0.78,57.0,44.0,4.6,206.0,1.0,30.0,0.0,calm,78.0
15.7,0.64,46.0,45.0,5.4,214.0,1.0,33.0,0.0,energetic,70.0
5.4,0.51,59.0,57.0,9.1,185.0,1.0,10.0,1.0,calm,66.0
18.8,0.85,82.0,73.0,9.7,209.0,1.0,55.0,0.0,energetic,92.0
8.7,0.57,69.0,51.0,8.7,81.0,0.0,85.0,0.0,energetic,75.0
24.6,0.76,55.0,62.0,9.3,174.0,1.0,34.0,0.0,energetic,87.0
22.4,0.93,64.0,45.0,7.8,200.0,0.0,82.0,0.0,calm,88.0
28.5,0.7,48.0,37.0,6.3,127.0,1.0,46.0,1.0,calm,83.0
40.0,0.93,85.0,50.0,8.2,137.0,1.0,10.0,1.0,calm,100.0
38.8,0.76,92.0,57.0,4.2,55.0,1.0,74.0,0.0,energetic,100.0
31.8,0.8,63.0,45.0,4.9,78.0,1.0,35.0,1.0,calm,93.0
9.1,0.66,69.0,46.0,8.4,235.0,0.0,58.0,1.0,energetic,73.0
8.3,0.39,71.0,51.0,5.2,171.0,0.0,50.0,0.0,calm,72.0
38.0,0.82,72.0,66.0,8.8,73.0,1.0,25.0,0.0,calm,100.0
31.9,0.78,90.0,61.0,5.6,184.0,0.0,29.0,0.0,calm,100.0
22.6,0.76,52.0,44.0,5.0,281.0,0.0,13.0,0.0,energetic,76.0
16.5,0.63,75.0,61.0,5.1,286.0,0.0,58.0,0.0,energetic,83.0
22.3,0.68,92.0,56.0,6.5,290.0,1.0,,0.0,energetic,89.0
17.6,0.66,87.0,70.0,7.3,248.0,1.0,43.0,0.0,energetic,90.0
23.2,0.53,50.0,53.0,8.4,49.0,1.0,36.0,0.0,energetic,73.0
10.1,0.59,41.0,62.0,9.4,96.0,0.0,73.0,0.0,energetic,65.0
29.7,0.78,80.0,46.0,7.3,110.0,1.0,24.0,0.0,calm,97.0
8.0,0.59,77.0,52.0,9.8,65.0,1.0,9.0,0.0,calm,77.0
14.3,0.62,55.0,44.0,,92.0,0.0,81.0,0.0,energetic,69.0
20.9,0.72,78.0,49.0,4.6,285.0,1.0,70.0,0.0,energetic,88.0
14.1,0.41,68.0,42.0,6.8,129.0,0.0,17.0,0.0,energetic,74.0
39.3,0.9,46.0,46.0,9.5,64.0,1.0,11.0,0.0,energetic,96.0
10.3,0.62,90.0,73.0,7.6,244.0,0.0,29.0,1.0,energetic,84.0
5.9,0.56,42.0,51.0,4.5,251.0,0.0,34.0,0.0,energetic,51.0
33.4,0.91,74.0,47.0,7.7,205.0,0.0,81.0,0.0,energetic,100.0
12.4,0.46,41.0,33.0,4.6,73.0,1.0,62.0,1.0,calm,63.0
22.0,0.79,85.0,66.0,4.1,202.0,1.0,56.0,0.0,energetic,95.0
7.5,0.74,58.0,49.0,5.9,83.0,0.0,14.0,1.0,energetic,70.0
21.5,0.58,88.0,66.0,7.3,78.0,0.0,53.0,0.0,energetic,94.0
13.8,0.6,60.0,54.0,9.6,63.0,0.0,42.0,1.0,energetic,70.0
8.9,0.66,78.0,61.0,6.0,233.0,1.0,19.0,0.0,energetic,80.0
39.7,1.0,79.0,53.0,7.4,226.0,1.0,48.0,0.0,calm,100.0
5.4,0.65,82.0,51.0,8.2,87.0,1.0,73.0,0.0,calm,77.0
22.2,0.69,66.0,42.0,6.5,173.0,1.0,30.0,0.0,energetic,85.0
9.5,0.61,50.0,51.0,6.9,98.0,0.0,77.0,0.0,energetic,66.0
8.9,,93.0,-1.5815182351874384,9.0,56.0,0.0,81.0,1.0,energetic,86.0
22.1,0.85,61.0,55.0,6.4,299.0,1.0,54.0,0.0,energetic,88.0
8.1,0.47,86.0,58.0,7.0,73.0,0.0,30.0,0.0,energetic,77.0
12.6,0.72,53.0,63.0,5.8,274.0,0.0,68.0,1.0,calm,71.0
21.1,0.78,68.0,42.0,9.4,190.0,1.0,45.0,1.0,energetic,78.0
5.1,0.39,86.0,50.0,9.2,123.0,0.0,50.0,0.0,energetic,67.0
5.2,0.66,77.0,45.0,4.9,270.0,1.0,57.0,1.0,energetic,71.0
22.5,0.78,83.0,46.0,4.7,211.0,0.0,13.0,1.0,energetic,94.0
25.5,0.61,64.0,53.0,9.0,126.0,1.0,61.0,0.0,energetic,88.0
12.2,0.71,83.0,67.0,7.1,177.0,1.0,14.0,1.0,calm,89.0
22.9,0.83,63.0,64.0,4.9,216.0,0.0,29.0,1.0,calm,88.0
35.3,0.93,49.0,61.0,4.7,290.0,0.0,82.0,0.0,energetic,94.0
7.1,0.53,76.0,52.0,6.6,173.0,1.0,53.0,0.0,calm,80.0
36.1,0.82,92.0,53.0,8.4,33.0,1.0,56.0,1.0,energetic,100.0
21.3,0.85,72.0,65.0,5.7,232.0,1.0,58.0,1.0,energetic,90.0
7.4,0.48,-25.32895950808357,63.0,4.3,183.0,1.0,88.0,0.0,energetic,58.0
31.1,0.82,57.0,63.0,6.3,187.0,0.0,24.0,0.0,calm,97.0
34.4,0.79,44.0,44.0,6.4,153.0,0.0,75.0,1.0,calm,89.0
34.7,0.87,79.0,61.0,8.6,231.0,1.0,6.0,1.0,energetic,100.0
29.7,0.76,56.0,59.0,4.0,239.0,0.0,20.0,0.0,calm,88.0
12.8,0.77,66.0,63.0,6.2,105.0,0.0,84.0,0.0,energetic,82.0
40.0,0.78,49.0,45.0,4.0,229.0,0.0,88.0,0.0,calm,88.0
8.6,0.6,41.0,53.0,8.5,71.0,0.0,43.0,0.0,calm,61.0
24.9,0.6,40.0,51.0,7.5,177.0,0.0,63.0,0.0,energetic,77.0
11.7,0.64,50.0,35.0,6.9,286.0,1.0,41.0,0.0,calm,66.0
27.5,0.68,75.0,59.0,6.0,293.0,1.0,41.0,0.0,energetic,95.0
25.2,0.7,72.0,47.0,10.0,79.0,1.0,88.0,1.0,calm,88.0
37.5,0.89,79.0,44.0,9.6,104.0,1.0,5.0,0.0,calm,100.0
11.7,0.41,87.0,52.0,9.1,113.0,0.0,19.0,0.0,calm,76.0
16.1,0.64,64.0,60.0,6.6,224.0,0.0,88.0,1.0,calm,81.0
23.2,0.85,80.0,63.0,7.5,234.0,0.0,86.0,0.0,calm,94.0
14.3,0.7,56.0,43.0,8.5,218.0,0.0,63.0,0.0,energetic,72.0
,0.65,63.0,39.0,5.8,40.0,0.0,8.0,0.0,calm,81.0
8.9,0.69,43.0,48.0,5.9,63.0,0.0,57.0,0.0,energetic,65.0
36.3,0.92,84.0,73.0,4.5,210.0,1.0,48.0,0.0,energetic,100.0
36.1,0.69,44.0,46.0,7.9,35.0,0.0,82.0,0.0,calm,91.0
39.1,1.0,66.0,55.0,7.2,237.0,1.0,32.0,1.0,energetic,100.0
26.3,0.88,71.0,71.0,9.8,44.0,0.0,27.0,0.0,calm,100.0
9.4,0.51,92.0,62.0,8.8,139.0,1.0,45.0,1.0,energetic,84.0
11.3,0.6,65.0,52.0,6.7,135.0,0.0,52.0,1.0,calm,76.0
38.3,0.97,91.0,71.0,5.6,265.0,0.0,87.0,0.0,calm,100.0
21.3,0.76,85.0,51.0,5.0,166.0,1.0,49.0,0.0,energetic,93.0
40.0,0.98,68.0,69.0,8.7,46.0,1.0,51.0,0.0,energetic,100.0
28.3,0.75,60.0,49.0,6.6,72.0,1.0,86.0,0.0,,92.0
35.5,0.71,62.0,61.0,7.9,112.0,1.0,9.0,1.0,energetic,96.0
11.1,0.67,76.0,72.0,8.9,101.0,0.0,27.0,1.0,calm,83.0
14.4,0.79,95.0,70.0,6.8,274.0,1.0,70.0,1.0,calm,100.0
14.3,0.51,48.0,62.0,6.3,224.0,0.0,52.0,0.0,energetic,66.0
23.5,0.73,57.0,39.0,6.7,260.0,0.0,25.0,0.0,calm,76.0
39.0,0.77,70.0,54.0,9.1,167.0,1.0,84.0,0.0,energetic,100.0
11.8,0.44,60.0,43.0,4.2,206.0,0.0,78.0,1.0,energetic,63.0
30.2,0.9,90.0,66.0,9.5,256.0,1.0,24.0,0.0,energetic,100.0
33.9,1.0,53.0,65.0,5.3,125.0,0.0,19.0,0.0,energetic,98.0
9.5,0.62,80.0,74.0,6.3,152.0,1.0,47.0,0.0,calm,85.0
9.7,0.61,87.0,48.0,-1.613354845062207,76.0,1.0,72.0,0.0,energetic,78.0
35.1,0.78,64.0,55.0,4.1,85.0,0.0,16.0,1.0,calm,100.0
11.9,0.61,67.0,42.0,4.6,47.0,0.0,83.0,1.0,energetic,74.0
26.0,0.85,53.0,50.0,4.3,261.0,1.0,10.0,1.0,energetic,82.0
8.9,0.68,47.0,51.0,5.3,282.0,0.0,65.0,1.0,energetic,64.0
35.6,0.69,95.0,49.0,7.8,267.0,1.0,44.0,0.0,energetic,100.0
25.8,0.82,80.0,45.0,4.4,158.0,1.0,31.0,0.0,energetic,93.0
10.9,0.53,75.0,67.0,4.6,104.0,1.0,28.0,1.0,calm,82.0
16.6,0.75,61.0,66.0,5.4,217.0,0.0,18.0,1.0,energetic,78.0
5.7,0.58,69.0,51.0,9.9,136.0,1.0,50.0,0.0,calm,70.0
38.1,0.83,58.0,38.0,5.0,38.0,0.0,89.0,0.0,calm,100.0
25.5,0.67,63.0,60.0,6.3,81.0,0.0,49.0,1.0,energetic,93.0
36.0,0.87,70.0,65.0,8.1,119.0,0.0,68.0,1.0,calm,100.0
26.8,0.87,51.0,36.0,8.6,39.0,1.0,47.0,1.0,calm,85.0
23.0,0.72,83.0,55.0,5.5,52.0,0.0,68.0,0.0,energetic,95.0
13.9,0.7,40.0,55.0,4.1,73.0,1.0,48.0,0.0,calm,78.0
26.7,0.76,56.0,46.0,5.8,272.0,0.0,72.0,1.0,calm,79.0
5.2,0.76,53.0,60.0,6.6,235.0,1.0,13.0,1.0,energetic,74.0
18.5,0.72,60.0,57.0,4.9,155.0,1.0,23.0,1.0,energetic,82.0
25.4,0.77,62.0,45.0,9.9,292.0,0.0,24.0,0.0,energetic,84.0
27.2,0.79,93.0,69.0,5.8,144.0,0.0,7.0,1.0,energetic,100.0
8.3,0.58,78.0,49.0,9.4,201.0,0.0,13.0,0.0,energetic,74.0
34.9,0.88,87.0,64.0,8.2,281.0,1.0,81.0,1.0,energetic,100.0
12.5,0.65,87.0,62.0,6.1,134.0,1.0,76.0,1.0,energetic,90.0
34.0,0.78,72.0,58.0,4.6,115.0,0.0,184.53273395061996,1.0,energetic,98.0
32.3,0.85,49.0,54.0,8.2,289.0,0.0,59.0,1.0,energetic,85.0
20.2,-0.0034513966785939543,43.0,33.0,5.5,,0.0,36.0,1.0,energetic,74.0
17.7,0.61,89.0,61.0,7.2,33.0,1.0,27.0,1.0,energetic,93.0
10.9,0.66,48.0,35.0,6.0,139.0,1.0,46.0,0.0,calm,67.0
10.5,0.65,49.0,43.0,7.0,35.0,1.0,65.0,0.0,calm,76.0
13.8,0.73,83.0,66.0,5.6,78.0,1.0,52.0,1.0,energetic,91.0
21.5,0.82,62.0,61.0,6.4,212.0,0.0,15.0,1.0,calm,92.0
37.2,0.98,63.0,52.0,5.8,196.0,1.0,39.0,0.0,energetic,100.0
21.2,0.8,81.0,53.0,8.8,289.0,1.0,14.0,0.0,calm,98.0
7.4,0.68,43.0,50.0,6.1,138.0,1.0,13.0,1.0,energetic,71.0
36.8,0.82,53.0,44.0,5.8,255.0,0.0,42.0,0.0,energetic,95.0
11.9,0.59,93.0,73.0,5.0,199.0,0.0,89.0,0.0,calm,87.0
37.7,1.0,86.0,58.0,7.3,290.0,0.0,63.0,0.0,energetic,100.0
34.0,0.9,57.0,57.0,6.8,208.0,1.0,60.0,0.0,calm,100.0
9.2,0.62,81.0,68.0,8.3,289.0,1.0,63.0,0.0,calm,81.0
6.2,0.62,59.0,67.0,4.8,202.0,0.0,72.0,0.0,energetic,67.0
22.4,0.74,94.0,69.0,9.4,220.0,1.0,17.0,0.0,energetic,97.0
34.0,0.87,57.0,57.0,8.5,171.0,0.0,80.0,0.0,calm,98.0
31.9,0.91,50.0,46.0,8.5,148.0,1.0,26.0,1.0,energetic,98.0
14.9,0.78,66.0,65.0,4.8,106.0,0.0,53.0,1.0,energetic,86.0
30.8,0.89,91.0,70.0,4.5,31.0,0.0,28.0,0.0,calm,100.0
9.7,0.68,92.0,55.0,6.4,161.0,0.0,54.0,0.0,energetic,86.0
28.0,0.85,68.0,42.0,9.3,266.0,1.0,39.0,0.0,energetic,93.0
39.1,0.95,44.0,41.0,4.4,157.0,0.0,34.0,0.0,energetic,90.0
19.7,0.67,70.0,51.0,5.8,116.0,0.0,38.0,1.0,energetic,86.0
31.4,0.79,56.0,50.0,7.1,281.0,1.0,82.0,0.0,calm,92.0
37.2,0.86,92.0,73.0,5.3,297.0,1.0,37.0,1.0,energetic,100.0
29.5,0.8,75.0,64.0,7.9,78.0,1.0,23.0,1.0,calm,100.0
39.5,0.89,72.0,67.0,7.8,151.0,1.0,40.0,1.0,energetic,100.0
37.3,1.0,42.0,55.0,6.2,38.0,0.0,33.0,0.0,calm,99.0
32.1,0.87,67.0,67.0,5.5,250.0,0.0,14.0,0.0,energetic,98.0
22.8,0.54,81.0,62.0,7.4,69.0,0.0,23.0,0.0,calm,93.0
25.9,0.73,49.0,58.0,10.0,193.0,1.0,65.0,0.0,energetic,83.0
12.0,0.91,66.0,61.0,9.8,249.0,1.0,61.0,0.0,calm,84.0
33.3,0.84,65.0,57.0,6.9,160.0,1.0,48.0,0.0,energetic,100.0
8.4,0.47,41.0,40.0,5.9,117.0,0.0,46.0,0.0,calm,55.0
23.4,0.89,84.0,46.0,5.8,200.0,0.0,72.0,1.0,calm,90.0
13.4,0.65,49.0,61.0,8.8,118.0,1.0,55.0,0.0,calm,80.0
26.8,0.76,72.0,60.0,8.7,56.0,1.0,85.0,1.0,calm,98.0
27.0,0.82,66.0,48.0,7.7,215.0,1.0,41.0,0.0,energetic,88.0
29.0,0.73,65.0,66.0,4.4,159.0,1.0,42.0,0.0,energetic,89.0
17.0,0.67,73.0,57.0,8.6,110.0,0.0,80.0,0.0,energetic,85.0
14.2,0.66,44.0,47.0,8.9,63.0,1.0,12.0,0.0,calm,76.0
15.9,0.74,78.0,71.0,6.2,88.0,0.0,66.0,1.0,calm,84.0
15.6,0.58,50.0,39.0,7.6,174.0,1.0,39.0,0.0,calm,69.0
8.2,0.57,58.0,54.0,9.1,121.0,1.0,31.0,0.0,energetic,70.0
23.0,0.83,79.0,46.0,6.8,90.0,1.0,12.0,0.0,calm,96.0
6.1,0.6,84.0,55.0,5.5,135.0,0.0,65.0,0.0,energetic,73.0
24.9,0.88,86.0,70.0,5.1,218.0,1.0,24.0,0.0,calm,100.0
38.2,0.99,79.0,48.0,4.9,160.0,0.0,30.0,0.0,energetic,100.0
21.0,0.85,74.0,52.0,9.8,271.0,1.0,61.0,1.0,energetic,84.0
28.9,0.81,87.0,60.0,6.0,225.0,1.0,90.0,1.0,calm,100.0
25.8,0.79,45.0,35.0,9.1,252.0,1.0,60.0,0.0,energetic,84.0
8.9,0.46,68.0,48.0,7.9,240.0,0.0,9.0,0.0,energetic,63.0
5.3,0.8,61.0,58.0,8.2,253.0,1.0,14.0,1.0,calm,67.0
16.8,0.5,51.0,52.0,5.9,68.0,0.0,26.0,0.0,energetic,71.0
19.9,0.81,61.0,58.0,6.2,87.0,1.0,21.0,0.0,calm,90.0
29.2,0.72,45.0,57.0,4.3,93.0,0.0,67.0,0.0,energetic,83.0
23.7,0.73,76.0,55.0,6.7,223.0,1.0,41.0,1.0,calm,94.0
14.5,0.59,60.0,53.0,5.3,197.0,1.0,50.0,1.0,energetic,73.0
22.8,0.7,71.0,49.0,8.2,148.0,0.0,63.0,0.0,energetic,89.0
8.1,0.8,46.0,44.0,6.1,215.0,1.0,29.0,1.0,calm,68.0
15.6,0.13071674836690672,67.0,66.0,9.8,267.0,1.0,88.0,1.0,energetic,73.0
31.3,0.8,94.0,71.0,5.8,211.0,1.0,44.0,0.0,energetic,100.0
19.0,0.77,67.0,44.0,6.3,274.0,0.0,82.0,0.0,energetic,78.0
8.0,0.75,88.0,75.0,5.0,48.0,0.0,56.0,0.0,energetic,87.0
30.6,0.73,57.0,61.0,9.2,46.0,0.0,36.0,0.0,calm,98.0
34.5,0.86,56.0,40.0,6.5,38.0,1.0,42.0,1.0,energetic,100.0
24.2,0.77,64.0,61.0,7.2,129.0,1.0,22.0,1.0,calm,94.0
35.8,0.81,79.0,66.0,5.3,93.0,1.0,59.0,1.0,energetic,100.0
25.0,0.76,86.0,70.0,9.0,142.0,0.0,15.0,0.0,energetic,100.0
6.0,0.63,83.0,57.0,6.3,34.0,1.0,44.0,0.0,calm,84.0
27.4,0.86,55.0,59.0,5.0,232.0,0.0,82.0,0.0,calm,83.0
39.9,0.88,44.0,63.0,6.4,262.0,0.0,52.0,0.0,calm,97.0
22.6,0.57,51.0,62.0,7.3,186.0,1.0,46.0,0.0,energetic,81.0
8.8,0.39,64.0,53.0,4.3,123.0,0.0,53.0,1.0,energetic,63.0
33.7,0.84,60.0,63.0,8.5,210.0,0.0,47.0,1.0,energetic,90.0
23.4,0.89,49.0,44.0,4.9,124.0,1.0,59.0,0.0,energetic,85.0
19.3,0.62,82.0,61.0,4.0,185.0,0.0,45.0,0.0,calm,88.0
32.7,0.64,65.0,50.0,7.5,285.0,0.0,33.0,0.0,calm,93.0
9.6,0.74,47.0,50.0,8.9,205.0,1.0,54.0,0.0,calm,69.0
8.5,0.57,57.0,,5.0,275.0,0.0,34.0,1.0,energetic,64.0
22.0,0.68,75.0,51.0,7.0,245.0,1.0,78.0,0.0,energetic,93.0
28.5,0.68,74.0,61.0,7.5,272.0,0.0,54.0,0.0,energetic,88.0
23.6,0.74,72.0,44.0,5.5,165.0,1.0,81.0,1.0,calm,89.0
39.7,0.88,51.0,53.0,8.2,273.0,0.0,40.0,1.0,calm,99.0
16.0,0.49,84.0,67.0,4.0,237.0,1.0,79.0,0.0,energetic,83.0
10.6,0.59,70.0,44.0,7.9,190.0,0.0,63.0,1.0,calm,68.0
33.1,0.66,68.0,57.0,5.0,34.0,1.0,31.0,0.0,calm,100.0
27.9,0.94,92.0,61.0,4.1,118.0,1.0,21.0,1.0,calm,100.0
17.5,0.63,58.0,58.0,5.7,283.0,1.0,58.0,0.0,energetic,75.0
18.8,0.5,70.0,54.0,6.3,169.0,0.0,45.0,0.0,energetic,76.0
32.3,0.84,75.0,70.0,5.0,186.0,0.0,84.0,1.0,calm,100.0
19.9,0.66,59.0,54.0,9.5,48.0,0.0,32.0,0.0,calm,82.0
20.1,0.74,62.0,66.0,6.1,137.0,0.0,28.0,0.0,energetic,86.0
8.6,0.62,74.0,69.0,5.3,254.0,1.0,15.0,0.0,energetic,81.0
25.9,0.63,81.0,63.0,7.3,224.0,1.0,58.0,0.0,energetic,97.0
25.8,0.78,56.0,40.0,5.3,248.0,0.0,71.0,0.0,calm,81.0
34.0,0.92,76.0,58.0,6.7,35.0,0.0,66.0,0.0,energetic,100.0
14.8,0.66,71.0,64.0,4.1,273.0,0.0,55.0,0.0,calm,72.0
32.5,0.77,46.0,51.0,7.2,86.0,0.0,75.0,1.0,calm,83.0
24.4,0.69,88.0,52.0,6.6,233.0,0.0,39.0,1.0,energetic,99.0
25.6,0.62,62.0,45.0,8.8,83.0,1.0,56.0,0.0,calm,85.0
17.6,0.51,93.0,69.0,7.3,109.0,1.0,19.0,1.0,calm,88.0
7.2,0.53,70.0,54.0,6.2,176.0,1.0,64.0,1.0,calm,67.0
8.5,0.64,77.0,50.0,4.3,211.0,0.0,12.0,0.0,energetic,72.0
32.6,0.7,60.0,65.0,9.4,104.0,1.0,22.0,0.0,energetic,92.0
23.1,0.76,42.0,44.0,7.5,241.0,1.0,88.0,1.0,energetic,80.0
20.0,0.49,81.0,45.0,6.3,39.0,1.0,84.0,0.0,energetic,87.0
17.6,0.8,90.0,55.0,4.3,66.0,0.0,72.0,0.0,calm,94.0
8.4,0.71,70.0,57.0,8.0,176.0,1.0,19.0,0.0,energetic,81.0
25.4,0.8,79.0,68.0,9.7,43.0,0.0,74.0,0.0,calm,100.0
12.3,0.65,40.0,42.0,6.8,152.0,1.0,32.0,0.0,calm,74.0
31.1,1.0,82.0,62.0,7.1,79.0,0.0,46.0,1.0,energetic,100.0
35.2,0.93,44.0,62.0,7.0,74.0,0.0,27.0,1.0,energetic,98.0
15.9,0.68,88.0,69.0,9.4,233.0,0.0,79.0,0.0,calm,90.0
38.7,0.87,80.0,61.0,4.2,49.0,0.0,59.0,0.0,calm,100.0
12.3,0.71,58.0,39.0,9.2,79.0,1.0,20.0,0.0,calm,77.0
39.0,1.0,73.0,48.0,8.7,208.0,1.0,44.0,1.0,calm,100.0
31.5,0.78,88.0,63.0,6.7,152.0,0.0,16.0,0.0,calm,100.0
13.4,0.56,77.0,54.0,9.2,129.0,0.0,11.0,1.0,calm,79.0
24.7,0.8,57.0,43.0,8.9,212.0,0.0,49.0,1.0,energetic,81.0
28.8,0.8,52.0,52.0,4.1,295.0,0.0,79.0,1.0,energetic,80.0
10.5,0.65,86.0,55.0,8.2,243.0,0.0,17.0,0.0,calm,81.0
9.5,0.57,42.0,61.0,8.5,69.0,0.0,34.0,1.0,calm,71.0
28.3,0.84,54.0,50.0,6.7,187.0,1.0,10.0,0.0,calm,88.0
36.6,0.85,81.0,53.0,8.1,119.0,0.0,38.0,1.0,energetic,100.0
36.8,0.9,64.0,39.0,5.9,268.0,1.0,84.0,1.0,energetic,100.0
38.4,0.91,66.0,41.0,5.6,240.0,1.0,69.0,0.0,energetic,98.0
24.6,0.65,55.0,40.0,9.4,292.0,1.0,68.0,1.0,calm,73.0
39.5,0.95,71.0,48.0,8.0,148.0,1.0,60.0,0.0,calm,100.0
23.8,0.91,43.0,43.0,4.5,75.0,0.0,23.0,0.0,calm,79.0
34.4,0.78,84.0,64.0,6.9,98.0,1.0,5.0,0.0,energetic,100.0
13.8,0.56,62.0,44.0,7.3,226.0,1.0,20.0,0.0,calm,72.0
37.3,1.0,65.0,64.0,8.4,169.0,1.0,60.0,0.0,energetic,100.0
19.5,0.89,77.0,58.0,9.6,200.0,1.0,48.0,1.0,energetic,90.0
27.9,0.72,46.0,52.0,4.7,189.0,0.0,17.0,0.0,calm,80.0
22.0,0.69,64.0,64.0,9.5,223.0,0.0,17.0,1.0,energetic,91.0
30.7,0.89,59.0,49.0,7.3,269.0,1.0,79.0,0.0,energetic,95.0
31.3,0.69,76.0,64.0,7.1,144.0,1.0,90.0,1.0,calm,98.0
6.7,0.58,59.0,48.0,4.2,193.0,1.0,78.0,0.0,calm,64.0
37.7,0.85,85.0,72.0,7.1,222.0,0.0,36.0,1.0,calm,100.0
17.0,0.71,40.0,38.0,5.0,171.0,1.0,32.0,0.0,energetic,76.0
31.4,0.89,155.66172576012588,65.0,6.6,266.0,1.0,67.0,0.0,energetic,100.0
27.6,0.74,67.0,60.0,6.2,295.0,0.0,25.0,1.0,energetic,90.0
7.9,0.53,43.0,43.0,6.4,44.0,0.0,32.0,1.0,energetic,63.0
27.4,0.66,54.0,45.0,6.8,131.0,0.0,20.0,1.0,energetic,79.0
31.6,1.0,45.0,58.0,8.4,43.0,0.0,81.0,0.0,energetic,99.0
34.6,0.84,62.0,51.0,7.7,103.0,0.0,64.0,0.0,energetic,97.0
22.2,0.67,61.0,51.0,9.9,224.0,0.0,43.0,1.0,energetic,74.0
28.1,0.82,41.0,47.0,7.1,121.0,1.0,87.0,1.0,energetic,85.0
39.8,0.97,86.0,75.0,4.3,249.0,0.0,6.0,1.0,energetic,100.0
39.1,0.95,87.0,50.0,4.8,134.0,0.0,11.0,0.0,energetic,100.0
23.4,0.6,64.0,41.0,6.5,236.0,0.0,53.0,1.0,energetic,80.0
7.9,0.7,88.0,58.0,7.5,109.0,0.0,21.0,0.0,energetic,82.0
37.9,0.83,61.0,60.0,9.5,155.0,1.0,7.0,0.0,calm,100.0
21.6,0.8,45.0,36.0,5.9,118.0,0.0,39.0,0.0,energetic,85.0
28.9,0.63,91.0,66.0,4.3,124.0,0.0,17.0,1.0,energetic,100.0
12.5,0.58,75.0,44.0,8.3,264.0,1.0,42.0,0.0,calm,73.0
12.4,0.68,75.0,46.0,8.8,268.0,0.0,37.0,0.0,energetic,74.0
5.4,0.62,70.0,71.0,8.8,127.0,0.0,12.0,0.0,energetic,79.0
28.5,0.74,72.0,65.0,5.3,160.0,0.0,189.5450988221008,1.0,calm,91.0
12.8,0.68,95.0,78.0,7.4,181.0,0.0,88.0,1.0,energetic,94.0
38.4,0.93,44.0,37.0,9.2,104.0,0.0,48.0,0.0,energetic,94.0
39.6,0.89,43.0,49.0,6.4,126.0,0.0,70.0,1.0,energetic,96.0
22.7,0.8,86.0,75.0,9.3,83.0,1.0,51.0,0.0,energetic,100.0
16.6,0.73,45.0,39.0,6.3,296.0,1.0,25.0,0.0,calm,69.0
34.5,0.69,74.0,68.0,8.2,243.0,0.0,33.0,0.0,calm,100.0
27.5,0.82,70.0,47.0,7.7,63.0,1.0,53.0,0.0,energetic,100.0
7.9,0.63,53.0,61.0,7.7,48.0,0.0,66.0,0.0,calm,78.0
22.3,0.67,44.0,44.0,4.6,50.0,0.0,27.0,0.0,calm,77.0
17.6,0.72,88.0,58.0,15.740760103863153,40.0,1.0,18.0,1.0,calm,98.0
9.9,0.64,71.0,71.0,8.0,210.0,0.0,68.0,0.0,energetic,80.0
11.2,0.52,62.0,63.0,5.9,294.0,0.0,46.0,0.0,energetic,70.0
32.4,0.74,84.0,69.0,8.5,232.0,0.0,67.0,0.0,energetic,98.0
22.2,0.77,78.0,61.0,8.9,73.0,0.0,61.0,0.0,calm,96.0
11.4,0.6,63.0,54.0,4.3,66.0,0.0,73.0,1.0,calm,77.0
14.5,0.7,81.0,56.0,4.1,35.0,0.0,11.0,0.0,calm,82.0
30.7,0.79,92.0,64.0,7.1,221.0,0.0,81.0,0.0,energetic,100.0
23.5,0.91,63.0,60.0,8.4,61.0,1.0,16.0,0.0,calm,100.0
36.9,0.85,61.0,47.0,9.4,129.0,1.0,81.0,1.0,calm,100.0
16.2,0.56,72.0,50.0,5.9,212.0,0.0,43.0,1.0,calm,82.0
37.9,0.9,87.0,55.0,9.5,294.0,0.0,14.0,0.0,energetic,100.0
19.3,0.84,77.0,61.0,5.8,292.0,0.0,43.0,0.0,calm,89.0
5.7,0.64,67.0,43.0,6.7,110.0,0.0,35.0,0.0,calm,70.0
30.4,0.78,66.0,48.0,7.4,293.0,1.0,10.0,0.0,calm,93.0
7.7,0.54,45.0,35.0,4.4,190.0,1.0,36.0,1.0,energetic,57.0
37.8,0.9,70.0,71.0,6.4,284.0,1.0,24.0,0.0,calm,100.0
11.8,0.51,45.0,34.0,7.3,153.0,0.0,26.0,0.0,energetic,63.0
7.1,0.57,94.0,58.0,6.0,,0.0,15.0,0.0,energetic,85.0
15.0,0.46,84.0,54.0,5.5,243.0,1.0,65.0,0.0,calm,82.0
12.8,0.68,77.0,66.0,5.7,86.0,1.0,39.0,1.0,energetic,85.0
21.7,0.51,80.0,46.0,9.0,191.0,0.0,8.0,1.0,energetic,83.0
19.6,0.73,57.0,47.0,4.2,288.0,0.0,,0.0,calm,78.0
24.1,0.66,40.0,52.0,4.9,82.0,1.0,26.0,1.0,calm,77.0
30.9,0.75,68.0,51.0,5.7,240.0,1.0,66.0,0.0,calm,91.0
33.7,0.74,60.0,53.0,9.8,230.0,1.0,8.0,1.0,calm,88.0
14.1,0.73,54.0,54.0,9.4,140.0,1.0,17.0,0.0,calm,76.0
38.9,0.86,43.0,62.0,5.9,71.0,0.0,73.0,1.0,energetic,99.0
7.8,0.6,46.0,47.0,4.2,158.0,1.0,44.0,0.0,calm,60.0
29.0,,135.11569154874968,68.0,7.2,76.0,1.0,33.0,0.0,calm,97.0
24.9,0.75,63.0,49.0,4.5,75.0,0.0,72.0,0.0,calm,88.0
24.2,0.66,45.0,35.0,9.3,255.0,0.0,75.0,0.0,calm,72.0
22.6,0.82,71.0,69.0,5.8,291.0,1.0,84.0,0.0,energetic,93.0
12.6,0.58,60.0,41.0,4.1,157.0,1.0,89.0,0.0,energetic,71.0
10.2,0.69,70.0,45.0,7.4,267.0,0.0,16.0,0.0,calm,73.0
34.5,0.9,83.0,50.0,5.1,94.0,1.0,58.0,1.0,calm,100.0
24.2,0.87,46.0,56.0,6.0,252.0,1.0,64.0,1.0,energetic,87.0
16.8,0.76,67.0,58.0,4.6,283.0,1.0,7.0,1.0,energetic,84.0
8.0,0.59,70.0,66.0,9.8,108.0,1.0,80.0,0.0,calm,74.0
9.1,0.56,81.0,47.0,7.8,155.0,1.0,41.0,0.0,calm,78.0
25.6,0.59,89.0,65.0,5.6,31.0,1.0,89.0,0.0,calm,100.0
20.1,0.68,80.0,55.0,8.1,214.0,1.0,70.0,0.0,calm,91.0
32.2,0.79,81.0,63.0,5.6,59.0,0.0,89.0,0.0,energetic,100.0
31.2,0.71,44.0,40.0,5.3,273.0,1.0,83.0,1.0,energetic,81.0
35.7,0.96,83.0,53.0,7.3,197.0,0.0,77.0,0.0,calm,100.0
16.3,0.59,68.0,47.0,7.6,118.0,1.0,80.0,1.0,energetic,81.0
18.1,0.72,47.0,52.0,14.786332805223342,49.0,0.0,72.0,1.0,energetic,73.0
37.1,0.87,46.0,62.0,6.1,640.7431098856626,0.0,30.0,0.0,calm,94.0
31.4,0.76,75.0,50.0,7.5,243.0,0.0,16.0,0.0,energetic,97.0
38.8,0.81,55.0,66.0,4.5,174.0,0.0,76.0,0.0,calm,98.0
35.3,0.78,89.0,65.0,5.7,298.0,0.0,16.0,1.0,energetic,98.0
22.3,0.76,69.0,58.0,4.2,140.0,0.0,87.0,0.0,calm,83.0
38.1,0.88,45.0,56.0,8.3,296.0,1.0,85.0,0.0,calm,96.0
30.2,0.79,91.0,52.0,8.6,274.0,1.0,25.0,0.0,energetic,100.0
32.1,0.7,57.0,62.0,7.4,189.0,1.0,48.0,1.0,energetic,92.0
32.4,0.78,45.0,51.0,7.0,246.0,1.0,57.0,1.0,energetic,91.0
12.9,0.52,86.0,49.0,4.3,225.0,1.0,17.0,0.0,energetic,80.0
35.2,0.82,42.0,57.0,9.0,282.0,0.0,39.0,0.0,energetic,87.0
26.3,0.75,50.0,55.0,8.9,124.0,0.0,54.0,0.0,calm,86.0
9.8,0.54,82.0,71.0,8.0,50.0,0.0,22.0,0.0,energetic,79.0
13.3,0.54,78.0,56.0,8.5,158.0,1.0,51.0,0.0,calm,77.0
16.5,0.47,43.0,39.0,9.2,281.0,0.0,90.0,0.0,energetic,61.0
29.3,0.9,52.0,54.0,9.0,125.0,1.0,76.0,0.0,calm,92.0
16.1,0.68,82.0,72.0,9.8,72.0,0.0,53.0,1.0,energetic,87.0
10.2,0.64,56.0,48.0,9.9,253.0,1.0,52.0,0.0,energetic,70.0
23.9,0.71,59.0,47.0,8.2,291.0,1.0,45.0,1.0,calm,86.0
26.7,1.0,92.0,77.0,4.7,152.0,1.0,20.0,0.0,energetic,100.0
13.4,0.66,57.0,54.0,7.2,283.0,0.0,82.0,0.0,calm,71.0
39.7,0.89,95.0,75.0,8.3,194.0,0.0,41.0,1.0,calm,100.0
34.7,1.0,69.0,45.0,8.0,264.0,1.0,81.0,0.0,calm,100.0
27.7,0.78,71.0,53.0,9.3,145.0,1.0,56.0,1.0,calm,93.0
32.0,0.85,67.0,67.0,7.3,255.0,1.0,83.0,1.0,calm,100.0
19.4,0.59,90.0,66.0,9.2,166.0,1.0,56.0,0.0,calm,93.0
7.3,0.57,92.0,59.0,9.1,236.0,0.0,147.85590067373158,1.0,calm,78.0
39.1,0.92,45.0,47.0,7.3,144.0,0.0,61.0,1.0,calm,98.0
19.2,0.63,67.0,40.0,8.2,49.0,0.0,29.0,1.0,calm,80.0
25.2,0.65,63.0,53.0,7.0,176.0,1.0,170.56006760234564,1.0,energetic,85.0
32.6,0.75,67.0,48.0,6.4,34.0,1.0,15.0,0.0,calm,100.0
33.2,0.73,47.0,61.0,9.0,94.0,1.0,50.0,,calm,96.0
10.3,0.61,60.0,45.0,9.4,224.0,0.0,39.0,1.0,energetic,70.0
30.2,0.77,72.0,62.0,7.3,161.0,0.0,31.0,0.0,calm,99.0
28.6,0.76,63.0,50.0,8.3,273.0,1.0,52.0,0.0,calm,91.0
22.9,0.73,82.0,61.0,7.4,269.0,1.0,67.0,0.0,energetic,94.0
20.0,0.65,56.0,39.0,5.4,72.0,0.0,79.0,0.0,energetic,79.0
24.0,0.72,49.0,46.0,4.3,180.0,0.0,32.0,1.0,calm,79.0
8.8,0.49,81.0,72.0,4.8,42.0,1.0,59.0,0.0,energetic,83.0
11.2,0.54,73.0,51.0,9.8,257.0,0.0,71.0,0.0,calm,71.0
37.6,0.76,47.0,53.0,10.0,238.0,0.0,61.0,0.0,energetic,93.0
22.0,0.89,81.0,49.0,9.0,67.0,1.0,49.0,0.0,calm,94.0
16.0,0.67,88.0,60.0,16.67144402692141,268.0,0.0,22.0,1.0,energetic,83.0
8.3,0.63,53.0,47.0,7.4,298.0,0.0,76.0,0.0,energetic,63.0
33.7,0.71,74.0,56.0,7.7,55.0,0.0,23.0,0.0,energetic,100.0
28.1,0.72,69.0,68.0,6.7,161.0,1.0,70.0,0.0,calm,92.0
36.0,0.89,41.0,37.0,6.0,49.0,1.0,53.0,0.0,energetic,95.0
63.5399814676485,0.9,69.0,57.0,5.9,118.0,1.0,76.0,0.0,energetic,100.0
29.6,0.72,63.0,45.0,9.7,163.0,0.0,8.0,0.0,calm,91.0
12.2,0.65,77.0,55.0,4.1,111.0,1.0,62.0,1.0,energetic,79.0
28.9,0.87,59.0,59.0,4.5,173.0,0.0,39.0,1.0,calm,95.0
7.2,0.66,65.0,63.0,7.4,121.0,1.0,40.0,1.0,calm,81.0
22.4,0.87,63.0,53.0,9.0,223.0,1.0,20.0,0.0,energetic,91.0
8.0,0.46,73.0,46.0,5.8,276.0,1.0,64.0,1.0,energetic,65.0
35.5,0.93,45.0,50.0,5.5,278.0,0.0,31.0,1.0,calm,93.0
30.7,0.65,53.0,57.0,6.6,183.0,1.0,82.0,0.0,energetic,83.0
23.7,0.83,86.0,63.0,7.4,212.0,1.0,19.0,0.0,calm,98.0
5.5,0.52,61.0,61.0,8.1,43.0,1.0,67.0,0.0,energetic,69.0
8.2,0.58,42.0,62.0,6.5,145.0,0.0,22.0,0.0,calm,62.0
35.5,0.76,90.0,73.0,8.2,284.0,1.0,45.0,1.0,energetic,100.0
36.5,0.73,79.0,62.0,8.4,106.0,0.0,35.0,0.0,energetic,100.0
27.9,0.6,87.0,73.0,7.4,147.0,1.0,60.0,1.0,calm,100.0
32.6,0.95,68.0,43.0,9.7,186.0,1.0,63.0,0.0,energetic,98.0
21.3,0.79,67.0,67.0,7.6,246.0,0.0,74.0,0.0,calm,86.0
24.3,0.96,65.0,42.0,9.8,248.0,0.0,15.0,0.0,energetic,89.0
21.6,0.89,86.0,59.0,4.8,55.0,0.0,26.0,1.0,calm,100.0
13.7,0.57,69.0,45.0,6.4,54.0,1.0,24.0,1.0,calm,83.0
22.2,0.8,69.0,48.0,4.6,142.0,1.0,37.0,0.0,calm,85.0
27.3,0.88,46.0,47.0,5.6,294.0,0.0,86.0,1.0,energetic,83.0
32.1,0.93,83.0,50.0,6.0,143.0,0.0,84.0,0.0,calm,100.0
6.1,0.67,48.0,38.0,6.1,290.0,1.0,24.0,0.0,calm,65.0
39.0,0.88,86.0,74.0,9.6,55.0,0.0,11.0,0.0,calm,100.0
31.0,0.69,70.0,45.0,6.3,72.0,0.0,71.0,0.0,energetic,92.0
32.8,0.72,41.0,49.0,5.1,175.0,1.0,39.0,0.0,calm,88.0
33.4,0.86,63.0,63.0,6.6,141.0,1.0,63.0,1.0,calm,100.0
15.1,0.71,68.0,69.0,10.0,163.0,1.0,90.0,0.0,calm,79.0
11.6,0.64,51.0,40.0,9.8,46.0,0.0,29.0,0.0,energetic,68.0
8.7,0.55,94.0,56.0,4.6,125.0,1.0,8.0,0.0,energetic,80.0
23.6,0.81,59.0,58.0,8.1,56.0,0.0,19.0,0.0,energetic,88.0
39.0,0.9,79.0,64.0,5.5,290.0,1.0,84.0,1.0,calm,100.0
18.7,0.59,88.0,51.0,9.5,269.0,0.0,88.0,0.0,calm,83.0
35.7,0.89,85.0,73.0,4.5,247.0,1.0,83.0,1.0,calm,100.0
35.1,0.87,64.0,54.0,7.0,164.0,1.0,15.0,0.0,calm,94.0
15.2,0.57,45.0,38.0,4.4,211.0,0.0,77.0,0.0,calm,65.0
16.3,0.74,53.0,61.0,6.1,241.0,1.0,41.0,0.0,calm,72.0
14.3,0.65,49.0,57.0,9.6,287.0,0.0,49.0,0.0,energetic,70.0
6.4,0.57,68.0,59.0,8.3,165.0,1.0,88.0,0.0,calm,74.0
39.5,0.84,65.0,46.0,4.6,197.0,1.0,6.0,0.0,calm,100.0
6.7,0.69,63.0,61.0,8.2,145.0,0.0,53.0,0.0,energetic,74.0
25.1,0.96,55.0,41.0,4.2,50.0,1.0,77.0,1.0,calm,85.0
35.4,0.86,83.0,65.0,6.4,136.0,1.0,49.0,1.0,calm,100.0
34.3,0.84,55.0,46.0,9.4,234.0,1.0,37.0,1.0,calm,94.0
16.9,0.56,50.0,54.0,9.6,288.0,1.0,8.0,1.0,calm,72.0
11.7,0.71,56.0,37.0,7.7,134.0,0.0,23.0,1.0,calm,69.0
13.6,0.72,94.0,57.0,6.0,256.0,0.0,-72.08677354244983,0.0,calm,86.0
17.1,0.53,80.0,49.0,7.2,67.0,0.0,83.0,0.0,calm,86.0
17.4,0.84,67.0,66.0,7.7,52.0,0.0,47.0,1.0,calm,94.0
20.9,0.57,46.0,43.0,4.3,31.0,1.0,50.0,0.0,calm,77.0
24.4,0.87,64.0,64.0,8.9,177.0,1.0,65.0,0.0,calm,96.0
29.7,0.68,86.0,71.0,7.3,259.0,0.0,10.0,0.0,calm,100.0
27.9,0.67,84.0,64.0,4.4,46.0,1.0,67.0,0.0,energetic,100.0
23.3,0.92,75.0,45.0,8.3,145.0,1.0,76.0,1.0,calm,99.0
10.1,0.65,85.0,65.0,9.3,46.0,0.0,45.0,0.0,energetic,91.0
9.7,0.49,78.0,58.0,9.3,218.0,0.0,9.0,0.0,calm,76.0
8.0,0.47,52.0,38.0,4.4,145.0,0.0,17.0,1.0,energetic,55.0
20.0,0.68,87.0,72.0,5.4,290.0,1.0,65.0,0.0,energetic,94.0
13.1,0.51,83.0,49.0,9.0,93.0,1.0,38.0,0.0,energetic,81.0
39.4,0.93,61.0,46.0,7.2,52.0,0.0,70.0,0.0,energetic,100.0
33.9,0.83,77.0,69.0,6.3,157.0,0.0,83.0,0.0,energetic,100.0
33.7,0.66,54.0,52.0,8.9,178.0,0.0,88.0,0.0,calm,84.0
29.9,0.78,90.0,69.0,8.0,292.0,0.0,84.0,0.0,energetic,100.0
39.6,0.75,48.0,49.0,9.5,77.0,1.0,45.0,0.0,calm,95.0
15.5,0.52,85.0,46.0,5.9,124.0,1.0,84.0,0.0,calm,83.0
11.3,0.65,73.0,62.0,7.1,184.0,1.0,17.0,1.0,calm,79.0
19.2,0.66,54.0,44.0,6.2,294.0,1.0,7.0,0.0,calm,77.0
14.2,0.57,77.0,61.0,9.4,292.0,1.0,28.0,0.0,calm,82.0
11.3,0.74,41.0,55.0,6.6,61.0,0.0,18.0,1.0,calm,68.0
28.8,0.71,45.0,51.0,9.5,36.0,0.0,55.0,1.0,calm,80.0
20.9,0.83,80.0,66.0,8.9,80.0,1.0,35.0,0.0,energetic,100.0
6.3,0.56,67.0,41.0,9.7,34.0,0.0,24.0,0.0,calm,65.0
18.3,0.56,64.0,52.0,4.1,213.0,1.0,71.0,0.0,calm,74.0
36.0,0.81,87.0,68.0,7.1,175.0,0.0,42.0,1.0,calm,100.0
12.3,0.52,43.0,56.0,7.2,88.0,0.0,45.0,0.0,calm,66.0
29.9,0.84,42.0,54.0,7.1,236.0,1.0,73.0,0.0,energetic,84.0
32.6,0.81,49.0,58.0,7.0,48.0,1.0,70.0,1.0,energetic,98.0
6.7,0.41,71.0,61.0,7.1,291.0,1.0,87.0,0.0,energetic,67.0
28.3,0.73,62.0,47.0,4.8,135.0,1.0,64.0,1.0,calm,87.0
35.8,0.91,66.0,55.0,7.9,206.0,0.0,26.0,0.0,calm,100.0
9.1,0.78,59.0,63.0,5.5,112.0,1.0,90.0,1.0,calm,83.0
28.6,1.0,87.0,66.0,7.0,206.0,0.0,56.0,1.0,calm,100.0
39.3,0.79,92.0,55.0,5.6,-243.5380727318384,0.0,35.0,1.0,calm,100.0
17.1,0.67,55.0,39.0,8.3,237.0,1.0,20.0,1.0,energetic,79.0
9.9,0.84,47.0,41.0,9.9,154.0,1.0,23.0,0.0,calm,69.0
24.3,0.77,82.0,56.0,6.7,46.0,0.0,24.0,1.0,calm,99.0
8.8,0.55,44.0,42.0,6.6,54.0,1.0,23.0,0.0,energetic,66.0
35.5,0.72,64.0,56.0,8.3,298.0,0.0,48.0,0.0,calm,94.0
26.9,0.77,54.0,49.0,6.8,136.0,0.0,70.0,0.0,calm,86.0
31.1,0.7,59.0,61.0,5.7,112.0,0.0,6.0,1.0,energetic,95.0
21.1,0.59,75.0,66.0,9.1,107.0,1.0,73.0,0.0,calm,89.0
25.5,0.91,85.0,62.0,6.8,169.0,0.0,56.0,1.0,energetic,99.0
20.7,0.59,47.0,42.0,9.5,78.0,0.0,8.0,0.0,energetic,72.0
5.2,0.51,73.0,70.0,4.8,188.0,0.0,41.0,0.0,energetic,72.0
9.9,0.51,47.0,36.0,4.7,285.0,0.0,50.0,1.0,energetic,57.0
22.6,0.67,49.0,38.0,5.4,85.0,1.0,17.0,1.0,energetic,77.0
5.9,0.58,79.0,61.0,6.3,140.0,1.0,68.0,1.0,energetic,78.0
33.0,0.99,64.0,57.0,4.6,222.0,1.0,66.0,0.0,energetic,100.0
25.3,0.65,77.0,72.0,4.8,111.0,1.0,55.0,1.0,calm,100.0
25.6,,50.0,64.0,7.8,,0.0,68.0,1.0,calm,89.0
14.0,0.66,76.0,45.0,6.0,245.0,0.0,38.0,1.0,energetic,76.0
12.4,0.78,68.0,50.0,6.4,35.0,0.0,38.0,0.0,calm,79.0
7.7,0.41,91.0,60.0,8.6,43.0,1.0,8.0,0.0,energetic,84.0
38.0,0.96,74.0,64.0,5.2,188.0,0.0,6.0,0.0,calm,100.0
35.1,0.67,46.0,49.0,5.6,201.0,0.0,23.0,0.0,,83.0
29.0,0.65,66.0,46.0,4.5,103.0,1.0,47.0,1.0,energetic,95.0
10.5,0.52,62.0,63.0,9.5,188.0,0.0,22.0,1.0,calm,69.0
24.0,0.64,84.0,68.0,8.1,241.0,1.0,65.0,1.0,energetic,98.0
11.1,0.65,44.0,60.0,6.2,175.0,1.0,46.0,0.0,calm,67.0
38.8,0.91,49.0,62.0,6.7,211.0,1.0,17.0,1.0,calm,95.0
25.0,0.92,50.0,43.0,9.5,197.0,1.0,75.0,1.0,calm,82.0
26.9,0.76,49.0,56.0,6.0,178.0,1.0,61.0,1.0,energetic,88.0
15.4,0.77,89.0,54.0,9.9,207.0,0.0,84.0,0.0,calm,83.0
10.5,0.6,88.0,48.0,8.4,244.0,1.0,88.0,1.0,calm,80.0
39.8,0.82,85.0,70.0,4.9,280.0,1.0,88.0,1.0,calm,100.0
20.6,0.63,69.0,41.0,9.2,135.0,1.0,39.0,1.0,energetic,81.0
34.8,0.78,47.0,56.0,7.5,287.0,0.0,89.0,0.0,calm,84.0
5.6,0.53,77.0,49.0,6.9,144.0,1.0,50.0,0.0,energetic,78.0
37.0,0.96,79.0,47.0,7.0,299.0,0.0,77.0,0.0,energetic,100.0
32.8,0.61,72.0,44.0,8.2,134.0,1.0,73.0,1.0,calm,100.0
10.7,0.52,95.0,77.0,5.2,155.0,1.0,45.0,0.0,calm,83.0
14.5,0.81,73.0,63.0,9.4,146.0,1.0,32.0,1.0,calm,80.0
5.7,0.43,53.0,42.0,5.6,40.0,0.0,75.0,0.0,energetic,64.0
30.6,0.78,51.0,53.0,6.9,166.0,1.0,76.0,0.0,calm,91.0
32.1,0.71,55.0,57.0,4.2,120.0,0.0,20.0,0.0,energetic,90.0
32.5,0.78,55.0,44.0,5.4,206.0,0.0,66.0,1.0,calm,92.0
15.2,0.55,87.0,75.0,4.5,182.0,1.0,30.0,0.0,calm,82.0
35.4,0.83,88.0,70.0,9.3,70.0,1.0,69.0,1.0,calm,100.0
7.3,0.54,94.0,59.0,9.0,127.0,0.0,186.01864138747862,0.0,calm,83.0
12.3,0.5,76.0,68.0,5.2,226.0,0.0,15.0,0.0,calm,79.0
7.2,0.64,57.0,46.0,7.3,41.0,0.0,7.0,0.0,energetic,75.0
11.4,0.61,54.0,53.0,9.2,45.0,1.0,16.0,0.0,calm,72.0
5.1,0.66,50.0,38.0,8.2,269.0,0.0,14.0,0.0,calm,58.0
31.7,0.76,78.0,73.0,9.1,236.0,0.0,48.0,1.0,calm,96.0
9.5,0.69,67.0,61.0,7.2,120.0,1.0,33.0,0.0,calm,80.0
36.9,1.0,55.0,41.0,9.8,77.0,1.0,27.0,0.0,calm,95.0
9.5,0.6,73.0,53.0,9.4,140.0,1.0,87.0,0.0,calm,74.0
24.8,0.83,85.0,56.0,9.1,36.0,0.0,84.0,0.0,calm,92.0
5.4,0.54,53.0,58.0,10.0,174.0,0.0,81.0,0.0,energetic,60.0
26.8,0.87,70.0,60.0,9.9,225.0,1.0,56.0,1.0,energetic,90.0
38.8,0.83,64.0,47.0,7.6,245.0,1.0,17.0,0.0,calm,100.0
30.4,0.85,81.0,69.0,6.9,81.0,1.0,33.0,0.0,energetic,100.0
5.7,0.63,44.0,43.0,7.6,128.0,0.0,18.0,0.0,calm,62.0
31.4,0.89,87.0,72.0,5.0,48.0,1.0,72.0,0.0,energetic,100.0
24.4,0.73,83.0,51.0,6.6,33.0,1.0,68.0,0.0,energetic,99.0
22.5,0.85,73.0,46.0,4.6,198.0,0.0,13.0,0.0,calm,88.0
21.2,0.56,55.0,42.0,9.4,218.0,0.0,15.0,0.0,calm,73.0
26.8,0.78,75.0,43.0,5.0,148.0,1.0,62.0,1.0,energetic,97.0
35.0,0.83,67.0,45.0,4.1,171.0,0.0,32.0,0.0,energetic,93.0
19.2,0.67,42.0,33.0,6.9,34.0,0.0,61.0,0.0,energetic,78.0
28.7,0.8,56.0,55.0,7.5,99.0,1.0,49.0,0.0,energetic,92.0
32.7,0.72,60.0,51.0,7.9,133.0,0.0,30.0,0.0,energetic,90.0
10.1,0.52,83.0,56.0,7.9,171.0,1.0,50.0,0.0,calm,77.0
15.5,0.66,81.0,50.0,7.6,113.0,0.0,44.0,0.0,energetic,82.0
8.1,0.47,64.0,53.0,4.9,170.0,0.0,66.0,0.0,calm,62.0
13.3,0.66,95.0,54.0,5.8,159.0,1.0,63.0,0.0,calm,90.0
22.4,0.67,86.0,60.0,4.8,274.0,1.0,34.0,0.0,energetic,88.0
19.4,0.77,69.0,69.0,5.8,182.0,0.0,84.0,0.0,energetic,91.0
10.6,0.51,87.0,65.0,5.9,103.0,1.0,7.0,0.0,energetic,85.0
37.4,0.87,79.0,50.0,8.0,151.0,0.0,67.0,1.0,calm,100.0
25.1,0.58,51.0,40.0,8.4,247.0,1.0,26.0,0.0,energetic,78.0
19.1,0.82,44.0,37.0,5.2,140.0,1.0,48.0,0.0,calm,79.0
20.5,0.57,73.0,66.0,6.9,188.0,1.0,20.0,1.0,energetic,85.0
34.7,1.0,69.0,63.0,5.4,192.0,1.0,22.0,1.0,calm,100.0
6.1,0.68,80.0,71.0,6.3,164.0,0.0,68.0,0.0,calm,82.0
30.0,0.73,46.0,39.0,8.4,130.0,1.0,31.0,0.0,calm,83.0
19.5,0.68,53.0,45.0,6.6,87.0,0.0,86.0,0.0,calm,77.0
27.1,0.74,83.0,49.0,6.8,273.0,1.0,32.0,1.0,energetic,98.0
30.6,0.93,58.0,61.0,7.0,32.0,0.0,24.0,1.0,calm,100.0
25.5,0.79,53.0,57.0,7.9,117.0,0.0,89.0,1.0,calm,82.0
20.9,0.79,56.0,59.0,9.9,290.0,1.0,48.0,1.0,calm,80.0
20.7,0.58,55.0,64.0,7.1,221.0,0.0,60.0,0.0,calm,74.0
31.6,0.91,44.0,61.0,5.7,36.0,1.0,85.0,0.0,calm,95.0
20.1,0.78,94.0,66.0,9.2,93.0,0.0,75.0,0.0,energetic,100.0
10.2,0.72,67.0,65.0,8.2,229.0,0.0,77.0,1.0,calm,75.0
5.5,0.53,55.0,60.0,5.7,180.0,0.0,6.0,1.0,energetic,62.0
13.8,0.5,50.0,53.0,7.8,256.0,0.0,27.0,1.0,energetic,69.0
19.1,0.71,73.0,55.0,7.2,292.0,0.0,80.0,0.0,energetic,85.0
35.7,0.95,62.0,53.0,4.0,201.0,1.0,21.0,0.0,calm,100.0
26.2,0.76,57.0,46.0,6.7,103.0,1.0,67.0,1.0,energetic,87.0
33.6,0.79,68.0,65.0,9.7,51.0,0.0,7.0,0.0,calm,100.0
27.9,0.58,61.0,51.0,7.4,225.0,0.0,72.0,1.0,energetic,84.0
36.0,0.76,53.0,36.0,7.0,288.0,0.0,12.0,0.0,energetic,84.0
11.8,0.44,146.2084179945534,57.0,7.3,199.0,0.0,76.0,1.0,energetic,73.0
7.7,0.64,62.0,50.0,7.6,133.0,1.0,81.0,0.0,calm,74.0
26.4,0.57,72.0,44.0,5.3,215.0,0.0,68.0,0.0,calm,88.0
14.4,0.7,94.0,70.0,7.8,244.0,0.0,19.0,1.0,calm,90.0
32.9,0.86,56.0,51.0,4.1,117.0,0.0,74.0,1.0,calm,91.0
34.6,1.0,66.0,52.0,5.0,161.0,0.0,8.0,0.0,calm,100.0
31.8,0.56,56.0,59.0,5.0,220.0,1.0,6.0,0.0,energetic,86.0
23.8,0.6,60.0,59.0,9.2,266.0,0.0,55.0,0.0,energetic,82.0
12.8,0.41,49.0,56.0,8.8,33.0,0.0,33.0,1.0,energetic,69.0
24.7,0.87,75.0,61.0,9.0,123.0,0.0,47.0,1.0,calm,95.0
14.1,0.66,84.0,53.0,9.3,241.0,0.0,50.0,1.0,calm,82.0
33.5,0.99,79.0,44.0,7.7,299.0,1.0,76.0,1.0,calm,99.0
35.2,0.91,54.0,52.0,7.0,105.0,0.0,68.0,1.0,energetic,99.0
38.5,0.89,,63.0,9.8,254.0,1.0,14.0,1.0,calm,100.0
15.5,0.64,70.0,69.0,6.0,59.0,1.0,39.0,0.0,energetic,81.0
39.6,1.0,51.0,54.0,9.2,109.0,1.0,13.0,0.0,calm,100.0
35.1,0.88,80.0,45.0,4.9,265.0,1.0,85.0,1.0,calm,100.0
31.3,0.75,65.0,52.0,6.4,212.0,0.0,69.0,0.0,calm,93.0
38.2,0.9,61.0,42.0,8.5,96.0,0.0,35.0,0.0,calm,100.0
18.1,0.78,91.0,58.0,7.8,256.0,1.0,16.0,0.0,calm,88.0
17.4,0.66,41.0,45.0,5.0,177.0,1.0,5.0,0.0,calm,70.0
16.9,,62.0,58.0,8.9,165.0,1.0,38.0,0.0,calm,76.0
21.6,0.68,47.0,44.0,9.7,144.0,1.0,41.0,1.0,energetic,71.0
33.2,1.4359324336552441,94.0,76.0,6.9,270.0,1.0,33.0,1.0,calm,100.0
18.8,0.74,72.0,62.0,4.1,33.0,0.0,52.0,0.0,calm,93.0
20.6,0.58,65.0,69.0,8.6,98.0,1.0,,1.0,calm,81.0
18.8,0.78,50.0,64.0,4.9,86.0,0.0,48.0,0.0,energetic,77.0
38.9,0.78,94.0,61.0,5.1,251.0,1.0,47.0,1.0,energetic,100.0
33.2,0.8,60.0,53.0,8.0,67.0,1.0,12.0,1.0,energetic,94.0
33.2,0.79,89.0,70.0,7.2,44.0,0.0,7.0,1.0,energetic,100.0
15.5,0.71,82.0,52.0,8.6,194.0,1.0,48.0,0.0,calm,85.0
30.2,0.77,57.0,59.0,6.6,40.0,0.0,58.0,1.0,calm,97.0
23.7,0.68,83.0,46.0,8.6,97.0,0.0,42.0,0.0,calm,92.0
39.1,0.85,87.0,47.0,8.6,151.0,1.0,17.0,0.0,energetic,100.0
39.8,0.95,54.0,45.0,7.6,68.0,1.0,74.0,0.0,calm,100.0
13.3,0.64,88.0,51.0,7.8,150.0,1.0,64.0,1.0,energetic,83.0
34.6,0.85,94.0,52.0,7.9,37.0,0.0,69.0,1.0,calm,100.0
16.1,0.71,56.0,51.0,9.8,239.0,0.0,81.0,1.0,energetic,76.0
23.0,0.61,68.0,42.0,4.2,40.0,0.0,41.0,0.0,energetic,81.0
8.1,0.52,42.0,56.0,9.1,289.0,0.0,86.0,0.0,energetic,61.0
24.9,1.0,87.0,47.0,7.6,282.0,1.0,76.0,0.0,energetic,100.0
11.5,0.58,70.0,45.0,8.5,148.0,1.0,75.0,0.0,energetic,74.0
38.3,0.72,84.0,56.0,4.8,163.0,1.0,63.0,1.0,calm,99.0
29.7,0.77,68.0,46.0,8.0,223.0,1.0,73.0,0.0,calm,91.0
11.7,0.49,45.0,54.0,7.5,65.0,0.0,48.0,1.0,energetic,68.0
26.5,0.91,81.0,53.0,6.3,227.0,0.0,77.0,1.0,energetic,99.0
24.9,0.73,89.0,76.0,7.9,207.0,0.0,28.0,0.0,calm,91.0
10.5,0.52,47.0,59.0,9.5,123.0,0.0,29.0,1.0,calm,63.0
27.9,0.68,87.0,47.0,5.5,300.0,0.0,51.0,0.0,energetic,96.0
13.9,0.72,71.0,51.0,6.5,166.0,0.0,83.0,0.0,calm,80.0
38.6,1.2973932045543761,59.0,62.0,6.6,134.0,0.0,50.0,0.0,energetic,100.0
15.1,0.68,91.0,64.0,4.1,155.0,1.0,18.0,1.0,calm,92.0
33.1,1.4519947568524505,65.0,63.0,10.0,60.0,0.0,22.0,0.0,energetic,96.0
36.6,0.96,43.0,46.0,6.4,296.0,1.0,20.0,0.0,calm,96.0
25.9,0.73,85.0,74.0,4.9,219.0,0.0,53.0,1.0,calm,99.0
28.8,0.84,66.0,46.0,8.3,85.0,0.0,51.0,0.0,calm,95.0
13.0,0.57,43.0,42.0,9.9,284.0,1.0,41.0,1.0,energetic,65.0
31.1,0.67,54.0,51.0,8.6,203.0,1.0,19.0,0.0,energetic,86.0
24.2,0.57,54.0,50.0,6.1,193.0,0.0,63.0,0.0,energetic,78.0
37.4,0.65,50.0,45.0,5.3,118.0,0.0,46.0,1.0,calm,91.0
15.1,0.6,49.0,49.0,5.0,284.0,1.0,12.0,0.0,calm,72.0
39.6,0.79,88.0,47.0,4.4,246.0,0.0,61.0,0.0,energetic,100.0
34.9,0.91,55.0,60.0,5.0,95.0,0.0,39.0,0.0,calm,91.0
20.9,0.71,50.0,41.0,8.4,84.0,0.0,37.0,1.0,calm,78.0
12.4,0.72,56.0,52.0,8.4,105.0,1.0,90.0,0.0,energetic,79.0
14.7,0.7,84.0,46.0,7.8,89.0,0.0,70.0,0.0,calm,86.0
24.4,0.71,63.0,44.0,9.8,241.0,1.0,12.0,0.0,calm,83.0
21.3,0.68,70.0,47.0,7.8,92.0,0.0,84.0,0.0,calm,83.0
12.6,0.46,42.0,61.0,5.0,128.0,1.0,73.0,0.0,energetic,63.0
27.7,0.86,94.0,78.0,9.8,131.0,1.0,59.0,0.0,calm,100.0
19.4,0.61,49.0,56.0,8.7,210.0,1.0,27.0,0.0,energetic,77.0
22.3,0.68,87.0,50.0,7.1,220.0,1.0,13.0,0.0,calm,90.0
39.7,1.0,43.0,34.0,4.9,230.0,1.0,84.0,0.0,calm,86.0
15.9,0.89,41.0,56.0,5.6,100.0,0.0,62.0,0.0,energetic,81.0
36.1,0.86,56.0,38.0,5.1,231.0,1.0,18.0,1.0,calm,92.0
25.5,0.81,82.0,53.0,9.3,257.0,1.0,26.0,0.0,calm,94.0
36.3,1.0,82.0,74.0,6.7,205.0,1.0,78.0,1.0,energetic,100.0
16.0,0.62,70.0,49.0,9.3,70.0,0.0,40.0,1.0,energetic,80.0
17.3,0.81,69.0,54.0,4.7,279.0,1.0,76.0,1.0,calm,80.0
12.4,0.6,45.0,48.0,5.6,286.0,0.0,60.0,1.0,calm,64.0
16.3,0.68,81.0,70.0,4.8,275.0,1.0,13.0,0.0,energetic,86.0
7.1,0.45,46.0,49.0,9.5,248.0,0.0,19.0,0.0,calm,56.0
34.4,0.95,85.0,75.0,9.2,67.0,1.0,75.0,1.0,energetic,100.0
20.5,0.63,86.0,70.0,8.8,248.0,1.0,89.0,1.0,calm,84.0
19.3,0.77,77.0,48.0,9.2,257.0,0.0,63.0,0.0,energetic,88.0
22.4,0.79,61.0,50.0,5.3,232.0,0.0,72.0,0.0,calm,81.0
21.5,0.68,52.0,40.0,8.3,265.0,1.0,53.0,1.0,calm,78.0
35.1,0.93,49.0,36.0,7.1,154.0,0.0,83.0,0.0,energetic,95.0
5.9,0.42,53.0,53.0,4.6,265.0,1.0,17.0,0.0,energetic,57.0
30.8,0.89,83.0,48.0,8.1,172.0,0.0,46.0,0.0,calm,100.0
13.7,0.66,71.0,52.0,6.9,299.0,0.0,64.0,0.0,energetic,77.0
28.6,0.82,57.0,67.0,8.3,203.0,0.0,28.0,0.0,energetic,93.0
22.3,0.71,85.0,48.0,8.0,203.0,1.0,29.0,1.0,calm,88.0
7.1,0.39,46.0,42.0,8.1,84.0,0.0,39.0,0.0,calm,61.0
33.2,0.73,72.0,69.0,7.5,147.0,0.0,73.0,1.0,energetic,100.0
23.8,0.74,77.0,58.0,5.2,144.0,0.0,40.0,0.0,calm,87.0
21.7,0.8,95.0,72.0,7.8,286.0,1.0,7.0,1.0,calm,100.0
35.9,0.93,49.0,53.0,4.0,60.0,1.0,23.0,1.0,calm,99.0
-35.93403914416684,0.84,93.0,58.0,9.1,260.0,1.0,45.0,0.0,calm,100.0
35.8,0.92,79.0,51.0,6.0,56.0,1.0,83.0,1.0,energetic,100.0
19.3,0.66,77.0,49.0,5.6,238.0,0.0,34.0,0.0,calm,81.0
10.2,0.68,,61.0,8.9,123.0,0.0,22.0,0.0,calm,76.0
29.4,0.64,46.0,45.0,9.0,68.0,0.0,10.0,0.0,calm,81.0
33.1,0.87,40.0,50.0,4.0,181.0,0.0,63.0,1.0,calm,86.0
11.0,0.65,89.0,68.0,5.5,212.0,1.0,30.0,0.0,energetic,87.0
31.9,0.87,84.0,64.0,5.3,199.0,0.0,60.0,0.0,energetic,100.0
37.5,0.97,83.0,50.0,5.3,247.0,1.0,41.0,1.0,energetic,100.0
5.6,0.63,59.0,52.0,5.0,201.0,0.0,13.0,0.0,energetic,62.0
37.1,0.84,45.0,59.0,9.2,208.0,0.0,70.0,0.0,calm,93.0
14.3,0.61,79.0,51.0,7.2,39.0,0.0,17.0,1.0,calm,89.0
33.5,0.92,42.0,48.0,4.2,104.0,0.0,77.0,0.0,energetic,86.0
24.8,0.96,57.0,62.0,8.4,206.0,0.0,80.0,1.0,energetic,91.0
37.3,1.0,51.0,48.0,4.2,91.0,1.0,9.0,0.0,calm,100.0
15.3,0.69,60.0,38.0,8.5,290.0,0.0,69.0,0.0,energetic,67.0
17.7,0.57,78.0,66.0,7.6,174.0,0.0,5.0,1.0,energetic,85.0
18.8,0.55,70.0,52.0,9.1,254.0,0.0,8.0,1.0,calm,79.0
34.8,0.71,40.0,38.0,4.1,168.0,0.0,9.0,0.0,energetic,79.0
13.9,0.49,-17.45677847105243,62.0,7.6,107.0,0.0,28.0,0.0,energetic,84.0
20.8,0.75,50.0,65.0,4.1,180.0,0.0,38.0,0.0,energetic,80.0
20.0,0.57,41.0,41.0,9.4,124.0,0.0,40.0,1.0,energetic,70.0
37.4,0.98,88.0,47.0,8.6,233.0,0.0,50.0,0.0,energetic,100.0
21.6,0.86,62.0,47.0,7.0,36.0,1.0,65.0,0.0,calm,91.0
5.2,0.71,89.0,73.0,7.3,239.0,1.0,66.0,0.0,calm,81.0
15.2,0.63,51.0,57.0,8.9,169.0,0.0,70.0,1.0,energetic,75.0
26.7,0.74,92.0,74.0,6.1,292.0,1.0,28.0,0.0,calm,100.0
26.6,0.94,73.0,57.0,9.4,291.0,1.0,31.0,0.0,energetic,93.0
6.6,0.62,47.0,57.0,6.0,289.0,0.0,45.0,1.0,calm,64.0
28.4,0.64,73.0,42.0,7.7,95.0,0.0,86.0,1.0,energetic,86.0
10.7,0.49,87.0,51.0,6.7,202.0,0.0,76.0,1.0,calm,79.0
23.4,0.65,66.0,43.0,7.5,284.0,1.0,21.0,1.0,energetic,83.0
9.4,0.6,64.0,40.0,9.0,112.0,1.0,78.0,1.0,energetic,70.0
22.0,0.88,87.0,61.0,5.0,169.0,1.0,36.0,1.0,calm,100.0
7.1,0.53,89.0,68.0,8.1,211.0,1.0,12.0,1.0,energetic,80.0
32.2,0.85,69.0,46.0,4.7,74.0,1.0,20.0,0.0,energetic,99.0
23.0,0.81,94.0,51.0,7.8,222.0,0.0,53.0,0.0,calm,99.0
6.9,0.46,88.0,58.0,8.8,81.0,1.0,86.0,1.0,calm,77.0
25.1,0.75,69.0,59.0,6.7,203.0,0.0,76.0,0.0,energetic,92.0
35.0,0.74,67.0,41.0,9.3,244.0,1.0,13.0,0.0,energetic,93.0
15.1,0.73,51.0,56.0,4.5,43.0,1.0,15.0,0.0,calm,81.0
7.4,0.75,81.0,47.0,9.9,95.0,1.0,32.0,0.0,calm,79.0
8.9,0.67,95.0,53.0,4.5,107.0,0.0,31.0,0.0,energetic,80.0
38.7,1.0,76.0,60.0,9.8,65.0,0.0,44.0,1.0,energetic,100.0
11.9,0.67,58.0,62.0,9.3,171.0,0.0,59.0,1.0,calm,72.0
7.6,0.62,75.0,45.0,5.1,154.0,1.0,29.0,0.0,energetic,72.0
31.7,0.8,51.0,65.0,6.6,80.0,0.0,35.0,0.0,energetic,97.0
38.8,0.94,46.0,56.0,6.3,272.0,1.0,27.0,0.0,calm,95.0
13.2,0.77,82.0,71.0,5.6,232.0,0.0,6.0,1.0,energetic,88.0
31.5,0.74,41.0,59.0,4.5,56.0,1.0,11.0,0.0,energetic,91.0
14.7,0.69,76.0,58.0,5.2,285.0,0.0,84.0,0.0,energetic,86.0
33.5,0.72,63.0,59.0,6.6,132.0,0.0,62.0,0.0,calm,94.0
31.7,0.93,41.0,52.0,4.4,115.0,1.0,46.0,0.0,calm,86.0
19.7,0.55,81.0,54.0,9.0,219.0,1.0,34.0,1.0,energetic,85.0
7.5,0.68,48.0,61.0,8.6,217.0,0.0,39.0,1.0,energetic,70.0
15.8,0.52,89.0,49.0,9.9,223.0,1.0,60.0,0.0,calm,82.0
22.4,0.86,52.0,37.0,9.2,234.0,0.0,39.0,0.0,calm,83.0
6.8,0.66,53.0,65.0,6.1,53.0,0.0,42.0,1.0,calm,70.0
17.6,0.55,54.0,42.0,5.0,162.0,1.0,89.0,0.0,energetic,67.0
23.9,0.62,72.0,61.0,8.5,292.0,1.0,26.0,1.0,calm,88.0
9.9,0.7,66.0,57.0,4.3,248.0,0.0,10.0,0.0,energetic,71.0
35.2,0.8,49.0,115.59572653104158,6.4,107.0,1.0,66.0,0.0,calm,95.0
11.3,0.55,67.0,59.0,4.6,66.0,0.0,50.0,0.0,calm,76.0
14.1,0.59,82.0,46.0,9.0,180.0,0.0,49.0,0.0,energetic,79.0
15.6,0.59,50.0,39.0,9.2,69.0,0.0,19.0,1.0,calm,68.0
25.6,0.82,94.0,77.0,7.4,264.0,0.0,44.0,1.0,calm,100.0
37.9,0.99,83.0,50.0,6.6,133.0,0.0,31.0,1.0,energetic,100.0
10.7,0.74,71.0,70.0,9.9,186.0,0.0,77.0,0.0,calm,82.0
16.1,0.54,76.0,62.0,5.1,253.0,1.0,64.0,1.0,calm,81.0
18.7,0.68,63.0,61.0,7.7,177.0,1.0,58.0,0.0,energetic,83.0
19.0,0.55,71.0,65.0,9.3,175.0,1.0,15.0,1.0,calm,83.0
34.6,0.99,58.0,42.0,9.9,35.0,0.0,15.0,1.0,energetic,98.0
29.3,0.88,56.0,54.0,4.1,41.0,0.0,87.0,0.0,energetic,90.0
-19.80397216900905,0.66,84.0,48.0,9.2,-249.68431458103697,0.0,13.0,0.0,energetic,94.0
32.4,0.87,42.0,34.0,7.4,236.0,1.0,86.0,0.0,energetic,84.0
25.3,0.72,90.0,62.0,6.9,107.0,1.0,74.0,0.0,calm,100.0
33.6,0.79,40.0,42.0,4.3,240.0,1.0,26.0,0.0,energetic,82.0
9.4,0.55,82.0,70.0,4.3,196.0,1.0,11.0,1.0,calm,85.0
12.6,0.68,89.0,55.0,9.4,117.0,1.0,28.0,1.0,energetic,90.0
39.2,0.97,74.0,48.0,8.3,276.0,0.0,7.0,0.0,calm,100.0
38.9,0.81,43.0,57.0,9.8,227.0,0.0,42.0,1.0,calm,89.0
27.1,0.88,42.0,50.0,4.5,108.0,0.0,54.0,1.0,calm,82.0
16.0,0.66,65.0,54.0,10.0,185.0,0.0,69.0,1.0,calm,76.0
11.8,0.54,94.0,61.0,4.3,241.0,1.0,66.0,0.0,calm,90.0
38.0,0.78,74.0,69.0,7.5,282.0,1.0,84.0,1.0,calm,100.0
33.1,0.76,73.0,64.0,4.6,47.0,1.0,38.0,1.0,calm,99.0
25.0,0.7,92.0,54.0,4.3,247.0,1.0,44.0,0.0,energetic,95.0
7.9,0.49,77.0,59.0,7.4,115.0,0.0,27.0,0.0,calm,70.0
17.4,0.83,81.0,59.0,4.5,149.0,1.0,28.0,1.0,energetic,93.0
24.9,0.77,71.0,68.0,7.5,214.0,1.0,28.0,1.0,energetic,93.0
19.6,0.73,88.0,,5.6,148.0,1.0,41.0,0.0,calm,94.0
12.8,0.77,53.0,43.0,4.7,132.0,0.0,21.0,0.0,calm,73.0
18.0,0.87,92.0,72.0,5.1,60.0,0.0,17.0,1.0,energetic,93.0
18.7,0.49,52.0,40.0,7.9,74.0,,86.0,1.0,calm,67.0
29.7,0.93,44.0,36.0,7.4,146.0,0.0,18.0,0.0,calm,82.0
23.7,0.75,84.0,60.0,6.4,45.0,1.0,55.0,1.0,calm,100.0
28.0,0.61,64.0,56.0,9.5,84.0,1.0,64.0,1.0,energetic,89.0
16.7,0.59,-20.842566546967333,69.0,9.4,108.0,1.0,63.0,0.0,calm,88.0
32.0,0.84,43.0,50.0,8.1,236.0,0.0,61.0,1.0,energetic,84.0
9.9,0.64,80.0,61.0,7.8,70.0,0.0,36.0,1.0,calm,81.0
26.2,0.82,43.0,51.0,9.9,278.0,1.0,85.0,0.0,calm,81.0
22.9,0.75,50.0,40.0,5.5,80.0,1.0,52.0,0.0,calm,86.0
27.1,0.75,40.0,48.0,7.3,270.0,1.0,84.0,0.0,calm,80.0
15.0,0.79,71.0,70.0,5.5,291.0,1.0,22.0,0.0,energetic,90.0
14.0,0.68,81.0,46.0,7.4,279.0,0.0,18.0,0.0,energetic,79.0
20.9,0.67,61.0,44.0,5.4,40.0,0.0,28.0,1.0,calm,82.0
8.9,0.61,55.0,50.0,7.6,46.0,1.0,65.0,0.0,energetic,75.0
12.1,0.6,85.0,64.0,7.7,206.0,0.0,,0.0,energetic,85.0
16.3,0.69,63.0,46.0,9.4,156.0,0.0,34.0,1.0,energetic,76.0
15.0,0.7,72.0,50.0,6.1,166.0,0.0,72.0,0.0,calm,81.0
21.9,0.67,92.0,63.0,7.4,153.0,0.0,78.0,0.0,calm,94.0
22.1,0.66,41.0,61.0,8.9,269.0,0.0,26.0,1.0,energetic,70.0
21.3,0.98,72.0,60.0,4.8,36.0,0.0,70.0,0.0,energetic,97.0
9.4,0.66,61.0,58.0,8.1,131.0,1.0,34.0,1.0,calm,72.0
8.0,0.58,47.0,49.0,9.6,258.0,0.0,51.0,1.0,energetic,59.0
9.5,0.52,87.0,66.0,7.8,169.0,0.0,24.0,1.0,energetic,78.0
18.4,0.47,48.0,56.0,8.2,165.0,1.0,23.0,0.0,energetic,75.0
39.5,0.93,54.0,43.0,8.5,62.0,1.0,47.0,0.0,calm,97.0
21.1,0.76,75.0,56.0,6.8,151.0,0.0,85.0,1.0,energetic,91.0
17.1,0.7,46.0,49.0,5.2,114.0,1.0,22.0,0.0,calm,73.0
11.4,0.62,70.0,62.0,10.0,213.0,0.0,73.0,0.0,energetic,70.0
8.4,0.57,94.0,63.0,4.7,133.0,1.0,70.0,1.0,calm,87.0
17.0,0.72,74.0,69.0,6.4,242.0,1.0,38.0,1.0,energetic,92.0
34.9,0.97,92.0,64.0,9.2,50.0,0.0,85.0,1.0,calm,100.0
34.9,0.88,68.0,70.0,5.2,283.0,0.0,24.0,0.0,calm,100.0
28.8,0.64,52.0,53.0,6.3,164.0,0.0,46.0,1.0,calm,85.0
16.0,0.55,65.0,54.0,9.8,228.0,0.0,39.0,1.0,calm,72.0
15.3,0.6,58.0,64.0,6.0,278.0,1.0,56.0,0.0,energetic,78.0
23.9,0.61,83.0,51.0,4.8,207.0,1.0,73.0,0.0,calm,90.0
32.2,0.86,73.0,70.0,7.5,186.0,0.0,58.0,0.0,calm,97.0
36.2,0.81,55.0,41.0,6.0,196.0,0.0,69.0,0.0,energetic,94.0
19.4,0.81,55.0,39.0,6.2,298.0,0.0,22.0,1.0,energetic,80.0
33.2,1.0,61.0,54.0,9.6,196.0,1.0,49.0,0.0,calm,99.0
24.1,0.76,73.0,64.0,9.3,70.0,0.0,80.0,1.0,calm,92.0
8.4,0.59,85.0,62.0,4.4,157.0,1.0,61.0,1.0,calm,77.0
27.3,0.78,48.0,52.0,6.4,110.0,0.0,68.0,0.0,calm,89.0
19.9,0.77,59.0,68.0,8.2,67.0,1.0,60.0,1.0,calm,88.0
38.8,0.74,60.0,47.0,6.0,131.0,0.0,65.0,0.0,energetic,97.0
23.0,0.97,81.0,45.0,9.5,249.0,1.0,59.0,1.0,calm,96.0
26.4,0.81,90.0,53.0,8.2,188.0,1.0,80.0,0.0,energetic,95.0
19.5,0.71,67.0,43.0,9.3,269.0,1.0,24.0,1.0,energetic,79.0
28.6,0.72,72.0,69.0,6.7,591.3619289707392,0.0,38.0,0.0,energetic,95.0
29.7,1.0,47.0,35.0,4.5,249.0,1.0,7.0,1.0,calm,88.0
28.2,0.78,63.0,52.0,8.4,205.0,1.0,29.0,0.0,calm,89.0
7.7,0.55,78.0,63.0,7.5,83.0,1.0,68.0,1.0,energetic,81.0
19.6,0.82,87.0,76.0,6.2,245.0,1.0,41.0,1.0,calm,100.0
17.0,0.48,77.0,72.0,8.0,134.0,0.0,59.0,1.0,energetic,82.0
11.0,0.58,94.0,68.0,7.2,288.0,1.0,60.0,1.0,calm,91.0
35.5,0.92,87.0,48.0,6.9,246.0,1.0,65.0,1.0,energetic,100.0
33.2,0.92,80.0,67.0,6.1,45.0,0.0,63.0,0.0,energetic,100.0
5.1,0.7,54.0,56.0,9.7,201.0,0.0,47.0,1.0,energetic,63.0
30.4,0.92,82.0,49.0,5.8,216.0,0.0,12.0,1.0,calm,98.0
14.7,0.54,87.0,49.0,7.1,196.0,0.0,12.0,1.0,calm,85.0
21.1,0.54,82.0,65.0,4.1,299.0,0.0,25.0,1.0,energetic,86.0
20.7,0.54,76.0,45.0,5.8,118.0,0.0,84.0,0.0,calm,82.0
19.3,0.88,59.0,65.0,9.4,255.0,0.0,67.0,0.0,energetic,86.0
14.0,0.61,56.0,48.0,9.3,204.0,0.0,57.0,0.0,energetic,69.0
26.6,0.69,80.0,62.0,6.9,142.0,0.0,67.0,0.0,energetic,99.0
20.8,0.67,62.0,57.0,6.2,232.0,1.0,58.0,1.0,energetic,79.0
21.2,0.52,78.0,67.0,8.8,,0.0,18.0,1.0,energetic,87.0
30.0,0.51,71.0,63.0,8.8,160.0,1.0,35.0,1.0,energetic,95.0
11.5,0.41,41.0,43.0,9.8,210.0,0.0,26.0,0.0,energetic,51.0
5.0,0.58,41.0,42.0,8.9,226.0,1.0,87.0,1.0,calm,56.0
38.5,0.86,45.0,62.0,8.9,168.0,0.0,61.0,0.0,calm,95.0
31.3,0.74,51.0,56.0,9.0,223.0,0.0,62.0,1.0,energetic,87.0
23.0,0.73,73.0,43.0,4.1,255.0,0.0,81.0,0.0,energetic,85.0
7.6,0.45,94.0,56.0,4.0,83.0,1.0,83.0,1.0,energetic,81.0
21.9,0.78,72.0,68.0,6.0,286.0,0.0,65.0,1.0,calm,88.0
9.1,0.66,92.0,62.0,6.6,60.0,1.0,66.0,0.0,calm,87.0
24.0,0.7,51.0,58.0,6.6,158.0,1.0,78.0,1.0,energetic,80.0
21.3,0.64,85.0,61.0,5.9,159.0,0.0,33.0,0.0,calm,88.0
26.0,0.78,48.0,56.0,7.5,121.0,0.0,72.0,1.0,energetic,85.0
12.6,0.69,74.0,61.0,4.6,262.0,1.0,38.0,1.0,energetic,77.0
20.4,0.61,62.0,45.0,6.5,102.0,1.0,31.0,0.0,calm,77.0
9.5,0.5,92.0,76.0,6.9,266.0,0.0,6.0,1.0,calm,81.0
21.2,0.8,83.0,71.0,6.1,206.0,0.0,22.0,0.0,calm,98.0
26.6,0.59,80.0,45.0,5.9,272.0,0.0,27.0,0.0,energetic,87.0
28.3,0.91,81.0,67.0,5.2,124.0,0.0,80.0,1.0,calm,100.0
10.2,0.52,61.0,47.0,9.4,235.0,0.0,67.0,1.0,calm,64.0
15.0,0.7,73.0,71.0,6.3,114.0,0.0,50.0,1.0,calm,83.0
15.8,0.61,53.0,50.0,9.6,173.0,1.0,14.0,1.0,energetic,73.0
21.8,0.63,92.0,65.0,6.6,36.0,0.0,65.0,0.0,calm,100.0
9.0,0.69,40.0,45.0,7.5,96.0,0.0,16.0,0.0,energetic,65.0
39.8,0.91,89.0,59.0,6.8,248.0,1.0,46.0,1.0,energetic,100.0
10.1,0.71,42.0,43.0,4.6,146.0,0.0,65.0,0.0,calm,61.0
19.5,0.66,92.0,62.0,4.3,100.0,1.0,33.0,0.0,energetic,87.0
28.6,0.66,90.0,53.0,6.8,86.0,0.0,51.0,0.0,calm,100.0
35.6,0.92,166.8159585809813,52.0,4.2,32.0,1.0,33.0,1.0,calm,100.0
38.1,0.87,69.0,42.0,6.1,226.0,1.0,9.0,0.0,calm,96.0
31.9,0.73,42.0,45.0,4.5,275.0,0.0,34.0,0.0,energetic,79.0
24.2,0.74,48.0,47.0,5.2,108.0,0.0,41.0,1.0,calm,82.0
38.4,0.93,55.0,65.0,6.5,169.0,0.0,38.0,1.0,energetic,100.0
26.0,0.9,59.0,43.0,8.5,247.0,1.0,16.0,0.0,calm,85.0
10.2,0.73,77.0,50.0,8.6,165.0,1.0,50.0,0.0,calm,77.0
24.4,0.88,62.0,42.0,8.0,68.0,1.0,78.0,1.0,energetic,88.0
18.0,0.68,58.0,60.0,5.8,130.0,1.0,78.0,0.0,calm,87.0
23.3,0.77,54.0,65.0,7.3,275.0,0.0,42.0,1.0,energetic,80.0
22.3,0.67,50.0,64.0,7.2,259.0,1.0,45.0,1.0,energetic,82.0
12.2,0.58,70.0,48.0,4.5,138.0,1.0,33.0,0.0,energetic,76.0
21.0,0.79,87.0,56.0,9.4,254.0,1.0,90.0,0.0,energetic,95.0
39.5,0.89,54.0,52.0,6.9,653.9508830200258,0.0,41.0,0.0,energetic,100.0
30.9,0.82,56.0,54.0,4.6,40.0,0.0,72.0,0.0,calm,91.0
26.0,0.7,71.0,59.0,8.9,135.0,0.0,73.0,0.0,calm,89.0
39.1,0.81,43.0,46.0,6.2,77.0,0.0,30.0,0.0,energetic,96.0
16.5,0.48,69.0,57.0,4.9,249.0,0.0,62.0,0.0,calm,73.0
39.5,0.76,52.0,40.0,5.6,40.0,1.0,46.0,0.0,calm,93.0
22.2,0.86,90.0,71.0,4.0,191.0,0.0,89.0,1.0,calm,100.0
31.5,0.83,55.0,63.0,8.9,145.0,0.0,63.0,0.0,calm,86.0
20.8,0.62,81.0,53.0,5.5,133.0,0.0,12.0,1.0,energetic,85.0
10.4,0.65,73.0,60.0,4.1,71.0,1.0,20.0,0.0,calm,82.0
22.0,0.86,64.0,49.0,9.2,298.0,0.0,46.0,1.0,calm,87.0
17.8,0.69,62.0,57.0,4.3,125.0,0.0,25.0,0.0,energetic,83.0
23.9,0.64,79.0,73.0,4.9,176.0,1.0,72.0,1.0,energetic,95.0
21.4,0.61,54.0,62.0,6.8,284.0,1.0,50.0,1.0,energetic,80.0
30.8,0.82,79.0,63.0,5.6,104.0,0.0,53.0,0.0,calm,100.0
29.5,0.74,70.0,59.0,4.2,230.0,0.0,48.0,0.0,calm,91.0
31.8,0.69,62.0,59.0,8.2,252.0,0.0,81.0,0.0,calm,93.0
19.9,0.5,87.0,58.0,9.5,294.0,1.0,56.0,0.0,calm,83.0
35.8,0.91,89.0,54.0,7.3,59.0,0.0,33.0,0.0,calm,100.0
25.5,0.91,72.0,63.0,6.5,34.0,1.0,45.0,1.0,calm,100.0
33.1,0.88,41.0,41.0,4.4,204.0,1.0,19.0,1.0,energetic,90.0
10.4,0.68,64.0,40.0,5.0,203.0,1.0,39.0,0.0,energetic,69.0
34.9,0.82,45.0,52.0,4.8,134.0,1.0,88.0,0.0,calm,86.0
25.1,0.6,88.0,58.0,6.6,120.0,0.0,61.0,0.0,calm,91.0
37.2,0.91,83.0,53.0,5.5,130.0,1.0,75.0,0.0,calm,100.0
32.1,0.82,48.0,53.0,6.7,222.0,1.0,12.0,1.0,energetic,93.0
12.7,0.64,75.0,46.0,6.4,141.0,1.0,70.0,0.0,calm,79.0
19.6,0.59,87.0,58.0,6.3,129.0,0.0,75.0,0.0,energetic,94.0
23.1,0.74,72.0,71.0,5.0,162.0,1.0,25.0,0.0,energetic,93.0
21.2,0.68,93.0,71.0,7.3,74.0,0.0,84.0,0.0,energetic,100.0
6.5,0.72,45.0,45.0,7.4,42.0,1.0,51.0,0.0,energetic,72.0
36.4,0.67,43.0,35.0,6.4,31.0,0.0,46.0,1.0,calm,89.0
33.9,0.87,77.0,69.0,5.5,83.0,0.0,74.0,0.0,calm,100.0
16.6,0.7,60.0,39.0,8.0,105.0,1.0,39.0,0.0,calm,80.0
7.9,0.45,67.0,60.0,4.0,282.0,1.0,75.0,0.0,energetic,65.0
13.9,0.49,45.0,37.0,9.4,87.0,0.0,19.0,0.0,calm,62.0
14.4,0.83,50.0,44.0,4.3,142.0,0.0,32.0,0.0,calm,79.0
18.9,0.72,42.0,38.0,5.4,85.0,1.0,11.0,0.0,calm,77.0
37.8,0.81,92.0,74.0,5.3,84.0,0.0,56.0,0.0,calm,100.0
11.4,0.49,59.0,53.0,9.0,119.0,0.0,38.0,0.0,energetic,72.0
9.3,0.71,77.0,70.0,7.1,151.0,0.0,47.0,0.0,energetic,77.0
22.9,0.58,48.0,60.0,8.4,179.0,1.0,62.0,0.0,calm,76.0
17.2,0.41,59.0,41.0,8.6,38.0,0.0,68.0,1.0,energetic,75.0
16.0,0.76,69.0,50.0,5.5,298.0,0.0,39.0,0.0,energetic,80.0
35.1,0.97,69.0,60.0,7.2,151.0,0.0,53.0,1.0,calm,100.0
39.6,1.0,82.0,51.0,5.6,260.0,1.0,88.0,,calm,100.0
29.5,0.49,61.0,42.0,4.3,272.0,0.0,42.0,0.0,calm,76.0
8.1,0.84,74.0,63.0,8.4,172.0,0.0,44.0,0.0,energetic,81.0
9.8,0.65,68.0,60.0,9.3,104.0,0.0,8.0,0.0,calm,78.0
20.2,0.63,54.0,52.0,6.3,105.0,1.0,22.0,0.0,energetic,86.0
5.4,0.54,57.0,52.0,8.8,191.0,0.0,90.0,0.0,calm,62.0
21.1,0.7,44.0,58.0,4.1,129.0,0.0,16.0,0.0,energetic,79.0
32.0,1.0,68.0,47.0,9.6,239.0,1.0,65.0,0.0,calm,95.0
23.1,0.65,73.0,58.0,4.3,85.0,0.0,8.0,0.0,energetic,94.0
34.1,0.64,53.0,43.0,9.6,144.0,1.0,15.0,0.0,calm,85.0
27.0,0.67,65.0,45.0,8.8,153.0,0.0,26.0,1.0,calm,85.0
11.5,0.61,87.0,72.0,4.5,162.0,1.0,47.0,0.0,calm,88.0
24.7,0.66,69.0,67.0,8.7,217.0,1.0,28.0,1.0,calm,90.0
31.0,0.81,73.0,71.0,5.5,219.0,1.0,52.0,1.0,calm,100.0
33.1,0.98,57.0,67.0,7.4,96.0,1.0,31.0,0.0,calm,100.0
34.6,0.7,94.0,54.0,8.8,51.0,0.0,78.0,1.0,calm,100.0
32.2,0.87,42.0,53.0,9.7,189.0,0.0,59.0,0.0,energetic,84.0
18.7,0.73,88.0,66.0,5.6,120.0,1.0,87.0,1.0,calm,92.0
35.5,0.88,67.0,58.0,9.4,248.0,1.0,16.0,0.0,calm,100.0
7.9,0.48,43.0,38.0,9.3,266.0,0.0,7.0,0.0,calm,52.0
14.1,0.11402360323679017,94.0,58.0,9.5,263.0,0.0,26.0,1.0,calm,87.0
39.2,1.0,42.0,62.0,6.6,182.0,1.0,16.0,1.0,energetic,100.0
7.7,0.62,65.0,59.0,9.9,152.0,0.0,66.0,0.0,calm,71.0
12.0,0.72,90.0,55.0,6.5,277.0,0.0,61.0,1.0,calm,86.0
29.7,0.88,83.0,54.0,9.8,85.0,0.0,58.0,0.0,energetic,99.0
6.2,0.53,93.0,72.0,5.1,177.0,0.0,25.0,0.0,calm,82.0
38.6,0.9,54.0,65.0,7.5,283.0,0.0,75.0,0.0,energetic,94.0
24.7,0.73,42.0,43.0,9.0,205.0,0.0,52.0,0.0,calm,71.0
16.9,0.45,55.0,66.0,4.2,102.0,1.0,48.0,0.0,energetic,69.0
31.3,1.0,46.0,63.0,7.2,295.0,1.0,86.0,1.0,energetic,96.0
8.7,0.71,81.0,63.0,8.4,148.0,0.0,39.0,1.0,calm,82.0
24.2,0.64,91.0,64.0,7.7,274.0,0.0,89.0,0.0,energetic,98.0
10.3,0.71,44.0,47.0,8.0,215.0,1.0,87.0,1.0,calm,66.0
13.2,0.63,80.0,70.0,8.0,294.0,0.0,23.0,1.0,calm,82.0
5.7,0.51,94.0,72.0,9.6,53.0,0.0,30.0,1.0,energetic,81.0
28.4,0.84,80.0,73.0,4.3,118.0,0.0,82.0,0.0,energetic,100.0
23.1,0.9,51.0,36.0,7.9,190.0,1.0,66.0,0.0,calm,85.0
16.7,0.7,54.0,38.0,6.2,261.0,0.0,89.0,0.0,calm,68.0
19.7,0.79,64.0,49.0,6.7,273.0,0.0,55.0,0.0,calm,87.0
8.0,0.53,69.0,47.0,9.0,85.0,0.0,68.0,0.0,energetic,67.0
28.2,0.72,89.0,73.0,9.0,176.0,0.0,44.0,0.0,calm,100.0
34.0,0.98,71.0,54.0,7.2,245.0,0.0,10.0,0.0,energetic,100.0
8.5,0.71,61.0,42.0,7.5,72.0,1.0,6.0,0.0,energetic,73.0
35.9,0.5,88.0,66.0,5.4,264.0,0.0,28.0,1.0,calm,99.0
29.6,0.75,80.0,51.0,6.7,45.0,1.0,86.0,1.0,energetic,100.0
33.6,0.87,52.0,54.0,6.4,297.0,1.0,42.0,0.0,energetic,90.0
21.4,0.7,83.0,66.0,7.0,84.0,0.0,83.0,0.0,energetic,95.0
28.2,0.77,90.0,59.0,9.3,252.0,1.0,49.0,1.0,calm,97.0
24.8,0.96,55.0,60.0,7.9,118.0,1.0,35.0,1.0,energetic,93.0
17.7,0.64,75.0,50.0,9.2,142.0,0.0,12.0,1.0,energetic,81.0
37.8,0.75,94.0,74.0,5.9,286.0,0.0,67.0,1.0,calm,100.0
14.2,0.76,66.0,45.0,8.4,86.0,0.0,20.0,1.0,energetic,79.0
39.1,0.66,75.0,71.0,8.5,164.0,0.0,50.0,0.0,calm,100.0
27.4,0.75,63.0,55.0,8.0,-306.5613578800001,1.0,66.0,0.0,energetic,91.0
10.1,0.55,89.0,47.0,4.5,163.0,1.0,53.0,0.0,calm,79.0
34.8,0.81,74.0,52.0,6.4,79.0,1.0,73.0,0.0,calm,100.0
18.0,0.63,68.0,67.0,4.2,107.0,1.0,71.0,0.0,calm,84.0
33.6,0.81,80.0,53.0,4.0,235.0,0.0,6.0,0.0,energetic,100.0
6.0,0.52,51.0,43.0,5.6,171.0,0.0,59.0,0.0,calm,57.0
18.3,0.67,79.0,44.0,6.7,167.0,1.0,22.0,1.0,calm,85.0
14.2,0.59,74.0,67.0,10.0,210.0,1.0,19.0,1.0,calm,76.0
37.0,0.74,,60.0,4.7,76.0,1.0,49.0,1.0,calm,100.0
35.1,0.71,44.0,54.0,9.5,86.0,0.0,17.0,0.0,calm,90.0
22.9,0.77,74.0,47.0,9.9,139.0,0.0,61.0,0.0,energetic,85.0
12.1,0.59,86.0,56.0,6.2,135.0,1.0,72.0,0.0,energetic,81.0
38.8,0.83,65.0,65.0,6.9,104.0,1.0,28.0,1.0,calm,100.0
21.9,0.55,77.0,45.0,9.4,171.0,1.0,8.0,1.0,energetic,78.0
20.4,0.73,85.0,70.0,8.1,188.0,0.0,48.0,1.0,energetic,96.0
25.1,0.78,81.0,65.0,9.6,228.0,1.0,42.0,0.0,energetic,97.0
34.7,0.8,88.0,56.0,9.1,97.0,1.0,56.0,0.0,energetic,100.0
39.7,0.87,72.0,58.0,8.4,191.0,1.0,47.0,1.0,calm,100.0
37.1,0.78,76.0,53.0,4.8,112.0,1.0,79.0,0.0,energetic,100.0
24.4,0.64,74.0,51.0,6.4,35.0,0.0,35.0,0.0,calm,90.0
5.3,0.47,65.0,58.0,5.7,299.0,1.0,6.0,0.0,energetic,64.0
26.2,0.67,90.0,68.0,9.5,33.0,0.0,65.0,0.0,calm,98.0
35.5,0.8,51.0,55.0,7.4,83.0,1.0,28.0,0.0,calm,95.0
5.8,0.56,68.0,69.0,8.6,154.0,0.0,54.0,1.0,calm,73.0
11.1,0.71,76.0,69.0,8.1,252.0,0.0,70.0,0.0,calm,80.0
13.9,0.44,59.0,52.0,9.4,127.0,1.0,88.0,1.0,energetic,71.0
32.3,0.8,85.0,53.0,9.6,179.0,1.0,57.0,0.0,energetic,100.0
13.9,0.53,58.0,43.0,7.7,260.0,1.0,30.0,0.0,energetic,63.0
9.2,0.75,57.0,57.0,8.1,68.0,1.0,66.0,1.0,energetic,77.0
22.3,0.82,61.0,46.0,4.6,67.0,1.0,38.0,0.0,calm,90.0
22.6,0.79,66.0,61.0,7.8,52.0,0.0,55.0,1.0,energetic,97.0
21.1,0.8,82.0,74.0,4.9,146.0,0.0,76.0,1.0,calm,97.0
35.4,0.71,59.0,64.0,8.8,489.8884988641003,0.0,18.0,0.0,calm,96.0
13.1,0.57,55.0,54.0,7.7,115.0,0.0,6.0,0.0,calm,78.0
37.5,-0.11319006043147817,90.0,69.0,5.1,268.0,0.0,86.0,1.0,energetic,100.0
27.0,0.86,79.0,58.0,9.0,37.0,0.0,80.0,1.0,calm,97.0
16.5,0.49,76.0,66.0,5.2,105.0,0.0,67.0,0.0,energetic,83.0
15.0,0.77,77.0,49.0,8.0,111.0,1.0,82.0,1.0,energetic,83.0
38.8,0.71,65.0,57.0,7.5,178.0,0.0,69.0,0.0,calm,97.0
7.5,0.63,73.0,64.0,5.0,82.0,1.0,63.0,1.0,calm,75.0
7.5,0.53,55.0,55.0,5.5,43.0,0.0,88.0,1.0,energetic,69.0
38.2,0.89,70.0,69.0,7.0,119.0,1.0,16.0,0.0,energetic,100.0
39.7,0.92,47.0,49.0,5.2,34.0,0.0,86.0,0.0,energetic,100.0
17.8,0.67,62.0,44.0,6.7,197.0,1.0,88.0,0.0,calm,77.0
35.1,0.94,60.0,41.0,8.3,114.0,1.0,55.0,0.0,energetic,91.0
9.5,0.61,71.0,52.0,9.8,82.0,1.0,48.0,1.0,energetic,75.0
25.2,0.61,84.0,45.0,10.0,144.0,0.0,6.0,0.0,calm,89.0
24.8,0.75,65.0,65.0,5.3,187.0,1.0,74.0,1.0,energetic,88.0
29.2,0.78,58.0,44.0,6.8,221.0,1.0,66.0,0.0,calm,87.0
19.7,0.73,85.0,60.0,4.5,91.0,0.0,70.0,1.0,energetic,98.0
6.6,0.74,82.0,69.0,8.0,213.0,0.0,21.0,0.0,calm,76.0
22.3,0.51,41.0,35.0,5.0,124.0,0.0,59.0,0.0,energetic,66.0
37.2,0.92,84.0,75.0,9.6,37.0,0.0,11.0,0.0,calm,100.0
25.0,0.81,74.0,54.0,6.8,277.0,1.0,42.0,1.0,calm,93.0
18.1,0.85,82.0,68.0,4.9,298.0,1.0,45.0,0.0,calm,86.0
17.2,0.7,88.0,70.0,5.7,92.0,0.0,43.0,1.0,calm,95.0
14.6,0.5,79.0,73.0,5.4,138.0,1.0,87.0,0.0,calm,84.0
31.4,0.82,92.0,72.0,5.9,77.0,0.0,9.0,0.0,energetic,100.0
33.4,0.83,92.0,50.0,4.5,299.0,1.0,85.0,0.0,energetic,100.0
17.4,0.66,45.0,41.0,4.2,92.0,0.0,78.0,0.0,energetic,64.0
23.9,0.81,40.0,56.0,4.9,87.0,1.0,71.0,1.0,energetic,83.0
-36.27480021999068,0.6,81.0,52.0,7.4,276.0,0.0,55.0,0.0,energetic,70.0
9.2,0.51,80.0,50.0,8.5,192.0,1.0,89.0,0.0,calm,75.0
10.9,0.5,95.0,62.0,4.5,234.0,0.0,69.0,1.0,calm,80.0
8.6,0.63,54.0,64.0,7.3,54.0,0.0,64.0,1.0,calm,71.0
11.5,0.8,89.0,75.0,8.2,262.0,0.0,64.0,0.0,energetic,88.0
9.0,0.3,56.0,52.0,4.1,111.0,1.0,13.0,0.0,calm,57.0
25.7,0.67,93.0,73.0,6.0,289.0,1.0,62.0,1.0,calm,100.0
11.2,0.45,71.0,66.0,6.1,81.0,1.0,47.0,0.0,energetic,74.0
6.2,0.58,49.0,53.0,4.6,242.0,0.0,46.0,0.0,energetic,58.0
33.8,0.88,63.0,54.0,8.3,150.0,1.0,89.0,0.0,energetic,99.0
20.1,0.8,69.0,43.0,9.6,40.0,1.0,60.0,0.0,calm,91.0
38.3,0.82,48.0,44.0,,154.0,1.0,59.0,1.0,calm,94.0
14.1,0.64,72.0,46.0,6.2,215.0,0.0,36.0,1.0,calm,78.0
12.4,0.55,46.0,56.0,7.8,140.0,1.0,61.0,0.0,calm,74.0
19.5,0.79,74.0,46.0,7.7,219.0,0.0,52.0,0.0,calm,89.0
16.6,0.59,52.0,52.0,9.7,164.0,1.0,63.0,0.0,energetic,76.0
22.7,0.72,49.0,50.0,4.0,132.0,1.0,35.0,0.0,energetic,79.0
28.1,0.79,69.0,42.0,6.7,227.0,0.0,40.0,0.0,calm,93.0
36.9,0.89,88.0,48.0,7.2,159.0,1.0,77.0,0.0,calm,100.0
24.8,0.8,81.0,54.0,7.0,145.0,0.0,58.0,0.0,energetic,98.0
27.3,1.0,82.0,50.0,8.9,142.0,1.0,53.0,1.0,energetic,100.0
14.1,0.6,81.0,52.0,7.4,228.0,0.0,9.0,1.0,calm,80.0
25.1,0.72,49.0,36.0,5.8,236.0,0.0,15.0,0.0,energetic,81.0
26.9,0.86,66.0,68.0,4.2,77.0,0.0,63.0,0.0,energetic,98.0
8.9,0.53,49.0,64.0,7.0,114.0,0.0,62.0,1.0,energetic,66.0
16.7,0.47,53.0,65.0,7.4,65.0,1.0,17.0,1.0,calm,75.0
32.5,0.81,43.0,50.0,4.5,48.0,0.0,46.0,0.0,energetic,88.0
13.7,0.52,79.0,63.0,7.8,295.0,0.0,69.0,1.0,calm,75.0
24.3,0.71,64.0,56.0,9.8,130.0,0.0,20.0,0.0,calm,78.0
39.5,1.0,80.0,55.0,8.6,59.0,1.0,11.0,1.0,energetic,100.0
23.3,0.61,41.0,40.0,7.6,227.0,1.0,87.0,0.0,energetic,71.0
35.0,0.89,75.0,67.0,8.5,161.0,0.0,15.0,0.0,energetic,100.0
7.9,0.53,83.0,53.0,9.0,197.0,1.0,82.0,1.0,calm,71.0
25.2,0.87,92.0,65.0,7.7,283.0,1.0,56.0,0.0,calm,100.0
5.2,0.5,83.0,65.0,7.9,115.0,0.0,80.0,1.0,calm,76.0
35.7,0.82,64.0,49.0,9.5,114.0,1.0,34.0,1.0,energetic,99.0
17.6,0.6,44.0,56.0,6.6,76.0,0.0,16.0,0.0,energetic,78.0
32.2,0.72,57.0,62.0,4.3,255.0,0.0,66.0,1.0,calm,88.0
40.0,0.91,53.0,55.0,8.6,37.0,1.0,67.0,1.0,calm,100.0
16.0,0.74,59.0,55.0,9.2,171.0,0.0,73.0,0.0,calm,72.0
8.8,0.69,70.0,42.0,6.2,35.0,0.0,38.0,1.0,calm,81.0
38.9,0.82,42.0,46.0,6.4,50.0,1.0,30.0,1.0,energetic,95.0
10.2,0.66,80.0,59.0,6.7,292.0,1.0,57.0,0.0,energetic,76.0
32.1,0.94,66.0,109.56826627471898,9.6,221.0,1.0,88.0,0.0,calm,100.0
11.0,0.49,82.0,48.0,9.4,285.0,0.0,33.0,1.0,calm,76.0
28.1,0.75,66.0,43.0,7.6,151.0,1.0,41.0,1.0,calm,96.0
29.2,0.71,57.0,66.0,6.2,244.0,1.0,36.0,1.0,energetic,91.0
30.3,0.8,58.0,67.0,7.1,93.0,1.0,14.0,0.0,calm,95.0
33.0,0.62,47.0,63.0,7.3,61.0,1.0,21.0,0.0,energetic,89.0
6.0,0.67,79.0,71.0,6.0,237.0,1.0,87.0,0.0,energetic,82.0
24.1,0.69,85.0,57.0,4.8,68.0,1.0,67.0,1.0,calm,92.0
36.4,0.87,79.0,69.0,8.4,73.0,0.0,79.0,1.0,calm,100.0
32.3,0.8,55.0,56.0,8.6,237.0,0.0,21.0,1.0,calm,90.0
24.0,0.69,79.0,49.0,4.9,98.0,0.0,19.0,1.0,calm,91.0
38.5,0.97,59.0,47.0,6.9,74.0,1.0,79.0,0.0,calm,100.0
13.4,0.7,46.0,50.0,4.8,187.0,0.0,33.0,0.0,calm,70.0
21.5,0.77,83.0,49.0,5.6,32.0,0.0,62.0,0.0,calm,93.0
19.5,0.72,86.0,53.0,6.0,261.0,1.0,21.0,1.0,energetic,90.0
20.1,0.61,93.0,65.0,4.3,191.0,1.0,69.0,0.0,calm,90.0
33.2,0.66,49.0,37.0,7.2,240.0,1.0,26.0,0.0,energetic,79.0
27.0,0.9,75.0,68.0,6.1,251.0,1.0,28.0,1.0,energetic,95.0
35.6,0.71,77.0,45.0,9.3,85.0,0.0,64.0,0.0,calm,97.0
29.4,0.8,75.0,70.0,8.0,272.0,0.0,22.0,1.0,energetic,94.0
18.3,0.64,66.0,42.0,4.3,38.0,0.0,44.0,1.0,calm,78.0
19.3,0.69,56.0,49.0,8.2,266.0,1.0,15.0,0.0,energetic,79.0
15.4,0.57,44.0,50.0,,91.0,0.0,17.0,0.0,energetic,67.0
38.6,1.0,52.0,63.0,6.1,31.0,1.0,10.0,1.0,calm,100.0
17.7,0.75,55.0,44.0,6.4,243.0,1.0,56.0,0.0,calm,75.0
28.5,0.74,60.0,41.0,5.4,38.0,0.0,45.0,1.0,calm,92.0
17.7,0.79,40.0,38.0,6.8,242.0,0.0,69.0,0.0,energetic,68.0
8.0,0.56,64.0,63.0,8.0,116.0,0.0,24.0,0.0,calm,69.0
39.1,0.95,66.0,56.0,8.5,44.0,1.0,56.0,0.0,energetic,100.0
34.7,0.8,48.0,57.0,9.7,244.0,0.0,66.0,0.0,energetic,89.0
27.0,0.82,65.0,48.0,9.6,113.0,0.0,36.0,0.0,calm,86.0
38.3,0.72,49.0,43.0,9.1,202.0,1.0,15.0,1.0,energetic,94.0
26.3,0.8,52.0,52.0,8.3,142.0,0.0,73.0,1.0,calm,88.0
32.8,0.79,51.0,38.0,4.2,151.0,1.0,8.0,1.0,calm,87.0
28.4,0.81,92.0,53.0,9.9,88.0,0.0,30.0,0.0,calm,100.0
33.2,0.74,55.0,37.0,6.3,72.0,0.0,67.0,1.0,calm,90.0
27.8,0.61,80.0,48.0,4.2,288.0,0.0,89.0,0.0,calm,88.0
18.8,0.69,42.0,53.0,6.7,636.3890181184495,1.0,36.0,1.0,calm,80.0
7.0,0.55,76.0,63.0,7.0,240.0,1.0,68.0,0.0,calm,79.0
24.0,0.76,62.0,52.0,9.5,43.0,1.0,39.0,0.0,energetic,92.0
24.8,0.93,81.0,45.0,7.0,231.0,1.0,61.0,0.0,energetic,97.0
20.4,0.95,81.0,65.0,8.8,38.0,1.0,17.0,0.0,calm,100.0
19.6,0.74,72.0,43.0,9.7,286.0,1.0,16.0,0.0,energetic,78.0
6.3,0.55,95.0,67.0,6.7,143.0,0.0,18.0,0.0,calm,82.0
20.1,0.8,92.0,70.0,5.3,256.0,1.0,28.0,1.0,calm,96.0
30.7,0.72,76.0,67.0,9.2,156.0,0.0,33.0,0.0,calm,98.0
23.2,0.79,40.0,61.0,9.5,130.0,0.0,20.0,0.0,energetic,84.0
28.4,0.7,51.0,43.0,5.6,223.0,0.0,48.0,0.0,calm,80.0
8.1,0.59,59.0,52.0,9.5,271.0,1.0,19.0,0.0,energetic,69.0
26.7,0.68,55.0,49.0,4.8,231.0,0.0,34.0,0.0,calm,82.0
31.2,0.76,79.0,51.0,7.2,85.0,0.0,70.0,1.0,energetic,100.0
21.3,0.69,67.0,47.0,4.4,69.0,1.0,25.0,0.0,energetic,86.0
7.1,0.8,135.4387782716356,40.0,-1.5787482181063073,285.0,1.0,55.0,0.0,calm,67.0
19.1,0.81,59.0,39.0,8.6,239.0,1.0,86.0,0.0,calm,78.0
18.3,0.66,87.0,76.0,4.9,238.0,1.0,48.0,0.0,calm,90.0
9.5,0.6,94.0,75.0,7.4,143.0,1.0,67.0,1.0,energetic,88.0
16.0,0.78,86.0,70.0,7.1,250.0,0.0,11.0,0.0,energetic,92.0
8.2,0.87,70.0,54.0,9.1,100.0,1.0,39.0,0.0,energetic,90.0
30.9,0.85,66.0,44.0,4.4,175.0,0.0,37.0,0.0,energetic,87.0
23.9,0.66,51.0,46.0,5.9,77.0,0.0,26.0,1.0,calm,86.0
30.1,0.68,44.0,46.0,4.5,62.0,0.0,40.0,1.0,calm,81.0
5.8,0.47,68.0,70.0,9.2,167.0,1.0,81.0,0.0,energetic,71.0
34.2,0.69,88.0,70.0,4.6,171.0,1.0,89.0,1.0,energetic,100.0
8.0,0.59,64.0,65.0,6.5,52.0,1.0,80.0,1.0,energetic,82.0
22.8,0.72,61.0,59.0,8.5,187.0,0.0,15.0,1.0,energetic,90.0
6.4,0.72,80.0,47.0,6.2,62.0,0.0,6.0,0.0,energetic,81.0
35.5,0.81,62.0,61.0,9.9,213.0,1.0,18.0,0.0,calm,95.0
22.6,0.62,91.0,58.0,4.8,153.0,1.0,89.0,0.0,energetic,99.0
18.0,0.54,88.0,68.0,9.4,89.0,1.0,54.0,1.0,energetic,92.0
19.6,0.65,80.0,52.0,4.7,234.0,1.0,67.0,0.0,calm,91.0
14.1,0.65,75.0,66.0,9.5,288.0,1.0,63.0,0.0,calm,82.0
21.9,0.73,92.0,50.0,7.5,294.0,1.0,83.0,0.0,energetic,96.0
25.0,0.76,50.0,37.0,5.9,210.0,1.0,73.0,0.0,calm,80.0
21.2,0.73,87.0,60.0,7.5,270.0,0.0,47.0,0.0,energetic,88.0
31.5,0.81,54.0,50.0,4.2,52.0,1.0,72.0,0.0,calm,92.0
11.2,0.51,47.0,59.0,4.8,33.0,1.0,84.0,0.0,energetic,71.0
22.4,0.73,70.0,47.0,5.4,55.0,0.0,32.0,0.0,calm,85.0
13.0,0.47,85.0,56.0,6.5,188.0,0.0,69.0,0.0,calm,77.0
27.0,0.82,75.0,51.0,6.5,274.0,1.0,42.0,0.0,calm,96.0
22.0,0.65,78.0,63.0,4.6,183.0,0.0,53.0,0.0,calm,92.0
34.7,0.7,167.09590851291244,66.0,7.8,180.0,0.0,62.0,1.0,calm,100.0
15.4,0.58,89.0,63.0,6.2,197.0,1.0,24.0,0.0,calm,89.0
30.7,0.9,75.0,51.0,4.3,244.0,1.0,33.0,1.0,calm,97.0
22.4,0.84,90.0,57.0,4.4,199.0,1.0,37.0,1.0,energetic,98.0
27.4,0.71,58.0,39.0,4.5,154.0,1.0,46.0,0.0,energetic,77.0
25.4,0.94,93.0,59.0,6.3,144.0,0.0,66.0,1.0,calm,100.0
17.5,0.66,53.0,42.0,7.9,253.0,1.0,85.0,0.0,energetic,72.0
37.9,0.81,79.0,68.0,6.4,257.0,0.0,38.0,0.0,calm,100.0
19.7,0.73,82.0,66.0,7.2,215.0,1.0,19.0,1.0,calm,97.0
28.7,0.75,64.0,48.0,4.4,169.0,1.0,7.0,1.0,energetic,90.0
22.9,0.72,74.0,46.0,8.2,212.0,1.0,71.0,1.0,calm,96.0
34.2,0.79,55.0,47.0,9.4,197.0,1.0,25.0,0.0,energetic,88.0
20.9,0.78,62.0,67.0,7.0,72.0,1.0,85.0,1.0,calm,93.0
17.1,0.62,65.0,54.0,4.5,83.0,0.0,35.0,1.0,calm,78.0
33.0,0.99,64.0,42.0,6.2,155.0,1.0,21.0,1.0,calm,100.0
15.0,0.57,93.0,53.0,17.19974257309525,34.0,1.0,57.0,0.0,calm,92.0
23.4,0.64,83.0,73.0,8.9,251.0,1.0,27.0,1.0,calm,98.0
32.3,0.69,74.0,52.0,9.1,78.0,1.0,25.0,0.0,calm,99.0
27.3,0.82,62.0,66.0,5.9,37.0,1.0,81.0,0.0,calm,97.0
13.1,0.67,42.0,40.0,5.9,142.0,1.0,51.0,1.0,calm,68.0
8.5,0.61,44.0,34.0,5.5,127.0,0.0,11.0,0.0,energetic,59.0
16.3,0.73,91.0,76.0,4.6,209.0,0.0,85.0,1.0,calm,98.0
39.3,0.75,79.0,46.0,9.4,170.0,0.0,50.0,0.0,energetic,100.0
5.2,0.6,67.0,42.0,9.7,121.0,0.0,76.0,1.0,energetic,64.0
23.1,0.57,47.0,63.0,6.7,105.0,0.0,89.0,1.0,calm,74.0
26.5,0.64,72.0,43.0,7.8,219.0,1.0,7.0,0.0,energetic,84.0
14.9,0.64,93.0,48.0,6.4,179.0,1.0,86.0,0.0,calm,88.0
16.4,0.59,46.0,62.0,9.3,246.0,1.0,41.0,1.0,energetic,67.0
30.9,0.8,86.0,46.0,7.1,105.0,1.0,37.0,0.0,calm,100.0
,0.59,71.0,54.0,6.8,245.0,0.0,37.0,0.0,energetic,79.0
11.4,0.49,40.0,42.0,8.3,175.0,1.0,68.0,1.0,energetic,60.0
16.5,0.76,84.0,72.0,8.0,244.0,0.0,15.0,0.0,calm,91.0
38.5,0.85,57.0,52.0,7.7,97.0,1.0,21.0,0.0,calm,100.0
5.3,0.42,66.0,43.0,8.8,66.0,1.0,39.0,0.0,calm,65.0
5.3,0.47,68.0,50.0,5.1,144.0,0.0,67.0,0.0,energetic,64.0
25.2,0.74,71.0,65.0,-2.270463446598204,48.0,0.0,67.0,1.0,calm,94.0
5.7,0.7,65.0,61.0,9.0,120.0,1.0,43.0,1.0,calm,74.0
33.3,0.73,83.0,74.0,6.6,136.0,0.0,37.0,0.0,energetic,100.0
21.4,0.85,69.0,47.0,9.0,209.0,0.0,81.0,1.0,calm,84.0
23.6,0.94,78.0,67.0,8.0,260.0,0.0,20.0,0.0,calm,96.0
14.7,0.74,90.0,58.0,15.651867197182135,100.0,0.0,19.0,0.0,calm,87.0
23.3,0.92,69.0,71.0,5.1,179.0,0.0,74.0,0.0,energetic,94.0
26.0,0.84,65.0,69.0,6.2,235.0,0.0,87.0,0.0,energetic,91.0
29.3,0.87,70.0,47.0,4.8,66.0,1.0,84.0,0.0,energetic,97.0
35.1,,52.0,44.0,6.1,266.0,0.0,27.0,1.0,calm,80.0
23.0,0.77,82.0,63.0,5.6,188.0,1.0,55.0,0.0,calm,91.0
39.3,0.74,76.0,60.0,5.1,92.0,0.0,30.0,1.0,energetic,100.0
31.1,0.87,91.0,59.0,4.2,104.0,1.0,43.0,1.0,energetic,100.0
19.8,0.7,67.0,61.0,4.7,69.0,0.0,56.0,1.0,energetic,91.0
28.7,0.79,71.0,54.0,7.0,151.0,0.0,17.0,1.0,energetic,91.0
6.7,0.62,94.0,71.0,6.0,222.0,0.0,21.0,1.0,calm,80.0
20.7,0.81,74.0,61.0,8.3,141.0,1.0,57.0,1.0,energetic,92.0
34.7,0.9,84.0,53.0,9.7,265.0,0.0,13.0,1.0,energetic,100.0
24.5,0.83,81.0,49.0,9.2,285.0,0.0,86.0,0.0,calm,92.0
16.5,0.46,78.0,48.0,6.0,256.0,0.0,89.0,0.0,energetic,75.0
21.2,0.8,60.0,46.0,9.1,226.0,0.0,58.0,1.0,energetic,79.0
18.1,0.64,73.0,64.0,4.1,127.0,1.0,42.0,0.0,energetic,84.0
24.2,0.9,95.0,70.0,6.6,218.0,1.0,75.0,0.0,energetic,100.0
19.2,0.69,52.0,55.0,9.9,282.0,0.0,40.0,0.0,energetic,75.0
33.4,0.81,43.0,56.0,6.9,123.0,1.0,37.0,0.0,calm,87.0
5.3,0.65,66.0,60.0,6.9,108.0,0.0,50.0,1.0,energetic,68.0
32.4,0.78,91.0,50.0,9.9,220.0,0.0,73.0,1.0,energetic,94.0
15.5,0.66,81.0,56.0,8.1,297.0,1.0,87.0,0.0,energetic,86.0
34.4,0.92,79.0,59.0,8.1,41.0,1.0,31.0,1.0,calm,100.0
37.8,0.5,55.0,41.0,6.9,276.0,0.0,11.0,0.0,calm,93.0
8.7,0.65,55.0,46.0,9.3,234.0,0.0,79.0,1.0,calm,65.0
7.4,0.54,91.0,56.0,8.4,213.0,1.0,24.0,0.0,energetic,79.0
19.3,0.72,86.0,74.0,6.8,277.0,1.0,63.0,1.0,calm,95.0
12.4,0.94,54.0,43.0,5.5,70.0,0.0,36.0,1.0,calm,77.0
30.9,0.88,55.0,38.0,6.1,90.0,0.0,66.0,0.0,calm,91.0
24.8,,42.0,58.0,6.5,230.0,1.0,80.0,1.0,energetic,80.0
21.6,0.75,61.0,41.0,6.1,218.0,0.0,88.0,1.0,calm,82.0
6.1,0.49,52.0,60.0,6.7,83.0,0.0,14.0,0.0,calm,67.0
36.4,0.79,83.0,62.0,8.5,64.0,1.0,12.0,1.0,energetic,100.0
25.4,0.68,92.0,66.0,8.0,208.0,0.0,21.0,0.0,energetic,98.0
,1.0,52.0,63.0,4.6,300.0,1.0,86.0,1.0,energetic,96.0
30.1,0.9,80.0,70.0,5.1,94.0,0.0,12.0,0.0,energetic,100.0
11.0,0.61,86.0,72.0,4.4,83.0,1.0,17.0,0.0,energetic,89.0
37.4,0.86,80.0,52.0,6.7,186.0,1.0,5.0,0.0,energetic,100.0
7.2,0.57,49.0,53.0,5.1,78.0,0.0,67.0,0.0,energetic,67.0
5.8,0.61,48.0,48.0,9.0,177.0,1.0,48.0,0.0,energetic,61.0
15.0,0.59,50.0,39.0,8.2,187.0,0.0,23.0,0.0,energetic,69.0
34.3,0.88,64.0,53.0,7.1,248.0,0.0,28.0,1.0,calm,94.0
35.5,0.98,91.0,60.0,6.5,262.0,0.0,10.0,0.0,calm,100.0
17.0,0.75,55.0,46.0,4.7,149.0,1.0,67.0,1.0,calm,76.0
36.2,0.81,49.0,37.0,5.0,75.0,0.0,7.0,1.0,energetic,93.0
35.8,0.91,92.0,58.0,5.3,61.0,1.0,78.0,1.0,energetic,100.0
13.2,0.6,95.0,52.0,8.0,219.0,1.0,77.0,1.0,calm,84.0
31.6,0.52,72.0,64.0,9.3,46.0,0.0,46.0,1.0,energetic,96.0
22.2,0.83,71.0,53.0,7.8,169.0,0.0,25.0,0.0,calm,86.0
36.4,0.96,67.0,54.0,9.5,299.0,0.0,31.0,0.0,energetic,95.0
10.3,0.72,69.0,49.0,6.1,167.0,1.0,44.0,1.0,energetic,78.0
12.6,0.8,51.0,59.0,5.7,154.0,1.0,48.0,1.0,calm,79.0
10.4,0.64,70.0,65.0,6.1,183.0,1.0,86.0,0.0,energetic,84.0
15.8,0.75,-20.171371395595273,47.0,8.8,55.0,1.0,5.0,1.0,energetic,84.0
38.5,0.86,74.0,46.0,5.3,33.0,0.0,87.0,1.0,calm,100.0
22.2,0.8,79.0,62.0,5.8,206.0,0.0,82.0,1.0,calm,94.0
37.3,0.83,58.0,62.0,5.9,225.0,0.0,39.0,1.0,energetic,100.0
11.0,0.62,68.0,49.0,8.7,223.0,1.0,69.0,0.0,energetic,72.0
37.2,0.81,77.0,65.0,7.4,234.0,0.0,36.0,1.0,energetic,100.0
32.7,0.8,82.0,46.0,9.1,162.0,0.0,49.0,0.0,calm,100.0
30.1,0.82,81.0,56.0,8.1,,0.0,15.0,1.0,energetic,100.0
5.9,0.7,80.0,44.0,8.0,164.0,0.0,23.0,0.0,energetic,73.0
7.9,0.46,49.0,35.0,5.4,257.0,0.0,73.0,0.0,calm,57.0
30.5,0.78,50.0,52.0,9.4,100.0,0.0,61.0,0.0,energetic,88.0
23.1,0.66,49.0,62.0,8.3,111.0,0.0,56.0,0.0,energetic,85.0
18.4,0.64,93.0,57.0,9.7,33.0,0.0,55.0,0.0,calm,92.0
15.6,0.74,90.0,70.0,4.2,199.0,0.0,58.0,0.0,calm,92.0
39.5,0.91,49.0,42.0,7.2,112.0,0.0,40.0,1.0,calm,100.0
14.4,0.56,54.0,49.0,5.4,38.0,1.0,28.0,1.0,energetic,79.0
14.1,0.63,74.0,71.0,7.0,53.0,0.0,16.0,0.0,calm,79.0
18.2,0.7,45.0,55.0,5.0,127.0,1.0,64.0,0.0,calm,79.0
31.6,0.81,47.0,37.0,9.2,294.0,1.0,68.0,0.0,energetic,81.0
34.4,0.7,63.0,49.0,9.8,84.0,0.0,64.0,0.0,energetic,94.0
26.4,0.78,62.0,51.0,5.1,176.0,1.0,16.0,1.0,calm,88.0
10.6,0.63,88.0,48.0,4.9,33.0,1.0,10.0,0.0,energetic,84.0
19.1,0.62,55.0,55.0,5.5,270.0,0.0,32.0,1.0,calm,74.0
17.7,0.64,94.0,57.0,6.3,55.0,0.0,86.0,0.0,calm,97.0
8.5,0.57,73.0,48.0,9.3,558.3849738816299,1.0,74.0,1.0,energetic,80.0
12.2,0.56,85.0,66.0,8.1,129.0,0.0,7.0,1.0,energetic,80.0
13.8,0.83,68.0,54.0,4.1,51.0,1.0,7.0,1.0,energetic,85.0
14.4,0.71,42.0,33.0,6.6,285.0,1.0,18.0,1.0,calm,67.0
6.1,0.51,75.0,45.0,6.7,220.0,0.0,71.0,1.0,calm,61.0
9.4,0.47,91.0,62.0,4.0,217.0,1.0,63.0,1.0,energetic,75.0
19.7,0.76,64.0,40.0,7.8,60.0,1.0,36.0,0.0,energetic,86.0
8.7,0.54,48.0,37.0,5.1,106.0,1.0,21.0,0.0,energetic,65.0
29.2,0.76,64.0,47.0,7.5,264.0,0.0,78.0,1.0,energetic,87.0
38.1,0.98,63.0,43.0,5.7,251.0,0.0,78.0,0.0,energetic,100.0
28.4,0.65,65.0,52.0,6.2,244.0,0.0,14.0,1.0,calm,89.0
33.4,0.8,58.0,40.0,6.6,262.0,0.0,28.0,0.0,energetic,87.0
10.2,0.52,63.0,66.0,7.6,188.0,1.0,69.0,1.0,energetic,73.0
6.9,0.58,81.0,70.0,8.8,285.0,0.0,28.0,1.0,calm,79.0
23.4,0.93,84.0,60.0,4.5,144.0,0.0,21.0,1.0,calm,98.0
24.4,0.8,86.0,60.0,7.4,51.0,1.0,82.0,1.0,energetic,100.0
36.1,0.96,56.0,49.0,7.7,200.0,1.0,62.0,1.0,calm,96.0
5.9,0.55,88.0,58.0,7.1,61.0,0.0,14.0,1.0,calm,80.0
13.6,0.69,90.0,72.0,6.5,274.0,0.0,86.0,0.0,energetic,85.0
20.1,0.67,85.0,59.0,6.3,40.0,0.0,63.0,0.0,energetic,94.0
5.0,0.56,92.0,69.0,8.7,164.0,1.0,29.0,0.0,energetic,80.0
37.8,0.6,77.0,63.0,9.6,55.0,0.0,61.0,0.0,energetic,96.0
9.3,0.68,61.0,54.0,8.4,253.0,1.0,76.0,0.0,energetic,72.0
27.4,0.73,87.0,49.0,8.4,271.0,1.0,61.0,1.0,calm,96.0
10.5,0.64,94.0,65.0,4.1,106.0,1.0,35.0,1.0,calm,86.0
26.1,0.72,59.0,52.0,8.5,271.0,0.0,74.0,0.0,calm,88.0
17.1,0.81,87.0,72.0,9.3,228.0,1.0,6.0,0.0,calm,95.0
16.6,0.46,93.0,62.0,4.3,47.0,0.0,37.0,1.0,calm,84.0
10.4,0.58,65.0,66.0,7.2,141.0,1.0,36.0,0.0,energetic,76.0
10.7,0.52,60.0,52.0,6.9,42.0,0.0,86.0,0.0,calm,73.0
39.1,0.85,61.0,58.0,8.3,205.0,1.0,41.0,0.0,energetic,100.0
5.9,0.44,66.0,45.0,8.8,291.0,0.0,7.0,0.0,calm,56.0
35.8,0.84,58.0,67.0,9.4,241.0,1.0,81.0,0.0,calm,100.0
11.6,0.47,73.0,65.0,5.1,203.0,1.0,49.0,,calm,75.0
26.1,0.8,95.0,51.0,9.1,174.0,1.0,79.0,0.0,energetic,100.0
37.1,0.92,88.0,49.0,7.0,298.0,1.0,56.0,1.0,calm,100.0
28.4,0.73,94.0,58.0,9.8,264.0,0.0,15.0,1.0,calm,97.0
31.6,0.95,62.0,48.0,7.9,275.0,1.0,62.0,0.0,energetic,96.0
22.8,0.73,53.0,39.0,5.3,91.0,0.0,15.0,0.0,calm,80.0
14.0,0.64,-26.657090257350262,69.0,4.3,158.0,1.0,25.0,1.0,energetic,77.0
5.7,0.61,93.0,69.0,5.2,131.0,1.0,43.0,0.0,energetic,83.0
29.4,0.77,43.0,39.0,7.7,120.0,1.0,21.0,1.0,energetic,80.0
16.5,0.74,92.0,74.0,6.1,34.0,1.0,81.0,0.0,energetic,100.0
18.1,0.65,95.0,74.0,9.0,273.0,1.0,27.0,0.0,calm,93.0
12.5,0.8,59.0,64.0,4.2,56.0,1.0,178.71536149428243,0.0,calm,81.0
24.9,0.74,45.0,59.0,8.2,123.0,0.0,90.0,1.0,calm,86.0
29.1,0.72,92.0,55.0,9.4,278.0,0.0,9.0,1.0,energetic,99.0
30.3,0.75,75.0,46.0,7.0,215.0,0.0,62.0,0.0,energetic,97.0
38.7,0.86,52.0,64.0,5.7,141.0,0.0,58.0,0.0,calm,100.0
9.2,0.65,79.0,46.0,7.6,49.0,0.0,73.0,0.0,calm,83.0
18.2,0.8,73.0,66.0,7.4,277.0,0.0,37.0,0.0,energetic,90.0
30.5,0.64,65.0,66.0,7.7,72.0,0.0,73.0,0.0,energetic,91.0
14.3,0.62,76.0,72.0,7.1,258.0,1.0,,0.0,calm,84.0
15.9,0.75,76.0,56.0,5.3,109.0,0.0,73.0,1.0,energetic,86.0
34.4,0.82,47.0,49.0,9.2,,1.0,50.0,0.0,calm,96.0
30.7,0.99,69.0,44.0,7.4,280.0,0.0,75.0,1.0,energetic,92.0
15.6,0.74,64.0,55.0,7.7,174.0,1.0,58.0,0.0,energetic,85.0
18.4,0.78,95.0,66.0,6.4,239.0,1.0,52.0,1.0,energetic,99.0
33.4,0.8,46.0,46.0,4.3,296.0,0.0,43.0,0.0,calm,81.0
8.0,0.45,52.0,52.0,5.2,252.0,1.0,63.0,1.0,calm,62.0
11.8,0.7,81.0,58.0,7.8,109.0,1.0,54.0,0.0,energetic,86.0
14.0,0.6,83.0,63.0,6.4,-316.3658046358416,0.0,49.0,0.0,energetic,86.0
29.3,0.96,57.0,54.0,7.1,134.0,0.0,22.0,0.0,calm,97.0
22.4,0.91,85.0,55.0,8.9,139.0,0.0,23.0,0.0,energetic,95.0
24.2,0.65,65.0,47.0,8.3,86.0,1.0,87.0,1.0,calm,84.0
15.2,0.58,43.0,53.0,4.5,240.0,0.0,90.0,0.0,energetic,65.0
34.8,0.98,54.0,64.0,4.5,45.0,1.0,89.0,0.0,calm,100.0
12.3,0.69,69.0,61.0,6.6,46.0,0.0,35.0,1.0,energetic,85.0
26.1,0.78,57.0,66.0,5.0,228.0,1.0,41.0,0.0,calm,90.0
25.0,0.8,61.0,59.0,7.8,83.0,0.0,90.0,0.0,calm,90.0
17.5,0.77,68.0,57.0,6.7,148.0,1.0,70.0,1.0,energetic,89.0
30.2,0.78,41.0,49.0,9.9,148.0,0.0,10.0,1.0,calm,83.0
27.2,0.69,42.0,62.0,5.4,84.0,1.0,51.0,0.0,energetic,83.0
14.9,0.49,83.0,56.0,9.8,112.0,1.0,63.0,1.0,energetic,83.0
29.3,0.92,42.0,41.0,5.9,260.0,1.0,5.0,0.0,energetic,84.0
19.9,0.78,69.0,53.0,5.9,253.0,0.0,27.0,1.0,calm,87.0
5.6,0.64,59.0,47.0,6.6,154.0,0.0,37.0,0.0,energetic,64.0
21.4,0.7,84.0,60.0,6.1,269.0,1.0,13.0,0.0,calm,96.0
34.0,0.66,73.0,52.0,5.7,259.0,1.0,10.0,1.0,calm,94.0
23.6,0.7,51.0,41.0,9.7,106.0,0.0,9.0,0.0,calm,78.0
27.4,0.69,82.0,49.0,6.5,215.0,1.0,14.0,1.0,energetic,91.0
30.1,0.63,58.0,60.0,4.7,58.0,1.0,60.0,0.0,calm,93.0
24.9,0.71,67.0,68.0,8.0,292.0,0.0,85.0,0.0,calm,86.0
13.4,0.77,86.0,47.0,9.1,227.0,1.0,45.0,0.0,energetic,88.0
33.1,0.82,92.0,74.0,10.0,210.0,1.0,42.0,1.0,energetic,100.0
32.9,0.77,72.0,65.0,4.3,71.0,0.0,41.0,1.0,energetic,99.0
25.5,0.67,51.0,51.0,7.8,147.0,0.0,9.0,0.0,calm,82.0
5.2,0.51,56.0,49.0,7.9,52.0,1.0,6.0,0.0,energetic,70.0
12.6,0.76,58.0,61.0,8.2,176.0,1.0,55.0,0.0,calm,77.0
36.2,0.77,76.0,49.0,4.0,92.0,1.0,31.0,1.0,calm,98.0
28.3,0.76,82.0,72.0,8.3,241.0,1.0,55.0,0.0,energetic,100.0
35.5,0.77,94.0,73.0,7.4,295.0,1.0,82.0,0.0,calm,100.0
21.3,0.77,52.0,57.0,6.6,44.0,0.0,85.0,1.0,calm,82.0
14.0,0.68,84.0,55.0,7.0,52.0,1.0,58.0,0.0,energetic,89.0
21.6,0.68,87.0,57.0,9.0,93.0,0.0,57.0,0.0,energetic,90.0
29.8,0.83,62.0,50.0,6.6,266.0,1.0,75.0,1.0,energetic,87.0
24.5,0.62,76.0,64.0,8.5,114.0,1.0,7.0,0.0,calm,96.0
10.7,0.58,63.0,50.0,5.4,295.0,1.0,45.0,0.0,energetic,70.0
36.9,0.97,59.0,41.0,9.3,199.0,0.0,19.0,0.0,calm,96.0
15.9,0.65,54.0,55.0,9.7,224.0,0.0,62.0,1.0,calm,71.0
15.7,0.68,53.0,54.0,5.5,46.0,0.0,34.0,1.0,energetic,81.0
26.7,0.73,60.0,51.0,6.3,90.0,0.0,8.0,1.0,energetic,86.0
32.0,0.82,83.0,62.0,9.7,96.0,1.0,35.0,1.0,energetic,100.0
27.4,0.7,49.0,42.0,4.2,152.0,0.0,68.0,1.0,calm,80.0
14.5,0.81,46.0,36.0,9.7,281.0,0.0,34.0,1.0,calm,68.0
6.3,0.49,49.0,48.0,8.0,186.0,1.0,55.0,1.0,energetic,62.0
17.3,0.65,86.0,60.0,9.5,204.0,1.0,82.0,1.0,calm,84.0
39.1,0.85,89.0,71.0,6.5,31.0,1.0,62.0,1.0,energetic,100.0
8.5,0.55,87.0,50.0,8.5,161.0,1.0,55.0,1.0,calm,73.0
18.6,0.7,83.0,62.0,9.7,159.0,0.0,17.0,1.0,calm,89.0
12.7,0.57,51.0,62.0,7.4,297.0,0.0,13.0,0.0,energetic,70.0
38.3,0.81,65.0,51.0,6.2,217.0,0.0,45.0,0.0,energetic,100.0
28.3,0.84,85.0,59.0,4.8,166.0,1.0,9.0,1.0,energetic,100.0
28.6,0.82,55.0,57.0,4.8,214.0,1.0,49.0,1.0,energetic,86.0
15.0,0.88,48.0,37.0,7.4,105.0,1.0,,0.0,energetic,77.0
38.1,0.95,44.0,44.0,9.6,248.0,0.0,38.0,1.0,energetic,88.0
35.3,0.91,84.0,56.0,9.1,135.0,0.0,27.0,1.0,energetic,100.0
29.8,0.79,95.0,66.0,9.7,36.0,,43.0,1.0,calm,100.0
14.4,0.73,74.0,54.0,8.9,127.0,1.0,23.0,0.0,calm,88.0
23.1,0.78,53.0,58.0,9.8,136.0,0.0,86.0,1.0,calm,82.0
18.9,0.58,75.0,55.0,4.8,167.0,0.0,45.0,0.0,calm,86.0
36.7,0.83,72.0,51.0,4.6,299.0,1.0,65.0,1.0,calm,100.0
9.2,0.5,73.0,43.0,8.1,100.0,1.0,36.0,1.0,energetic,80.0
36.0,0.8,91.0,57.0,9.2,120.0,1.0,19.0,0.0,energetic,100.0
9.3,0.37,62.0,54.0,8.1,86.0,1.0,30.0,1.0,calm,69.0
32.7,0.78,60.0,51.0,6.4,286.0,1.0,13.0,0.0,energetic,93.0
21.5,0.71,41.0,37.0,7.3,165.0,0.0,17.0,1.0,energetic,64.0
39.6,0.96,69.0,42.0,4.0,219.0,1.0,50.0,1.0,calm,100.0
33.6,0.9,42.0,34.0,9.6,54.0,0.0,85.0,1.0,energetic,86.0
36.4,0.88,72.0,46.0,4.4,159.0,1.0,81.0,1.0,energetic,100.0
10.7,0.54,83.0,74.0,6.6,288.0,0.0,20.0,0.0,energetic,84.0
13.5,0.7,53.0,50.0,6.6,252.0,1.0,85.0,1.0,energetic,79.0
27.6,0.66,80.0,45.0,5.2,125.0,0.0,32.0,1.0,energetic,93.0
30.2,0.56,77.0,61.0,5.8,171.0,1.0,25.0,1.0,energetic,98.0
22.6,0.71,49.0,60.0,9.7,152.0,1.0,61.0,0.0,energetic,81.0
32.3,0.92,73.0,42.0,6.0,268.0,0.0,7.0,0.0,energetic,95.0
12.6,0.67,52.0,40.0,7.2,149.0,0.0,65.0,0.0,energetic,67.0
29.5,0.61,73.0,50.0,4.4,222.0,0.0,39.0,1.0,energetic,90.0
19.4,0.7,78.0,61.0,7.8,233.0,0.0,28.0,0.0,calm,88.0
21.7,0.8,52.0,50.0,5.3,80.0,0.0,60.0,1.0,calm,81.0
37.8,0.78,46.0,,6.8,210.0,1.0,20.0,0.0,calm,95.0
12.1,0.53,81.0,54.0,5.8,170.0,1.0,21.0,0.0,calm,77.0
37.5,0.92,82.0,56.0,9.2,208.0,1.0,27.0,0.0,energetic,100.0
37.8,0.92,55.0,59.0,5.7,284.0,0.0,27.0,0.0,calm,94.0
39.0,0.83,77.0,44.0,6.2,189.0,0.0,38.0,1.0,calm,100.0
25.5,0.63,83.0,56.0,6.7,217.0,0.0,14.0,0.0,energetic,91.0
21.6,0.64,67.0,52.0,5.9,244.0,0.0,73.0,0.0,calm,83.0
28.4,0.78,88.0,58.0,9.4,157.0,0.0,26.0,0.0,calm,98.0
8.9,0.62,42.0,59.0,9.3,262.0,0.0,76.0,1.0,calm,67.0
24.9,0.85,86.0,67.0,8.2,80.0,0.0,72.0,0.0,energetic,100.0
6.8,0.66,82.0,65.0,5.9,228.0,0.0,15.0,1.0,energetic,78.0
31.5,0.73,75.0,48.0,5.4,151.0,0.0,64.0,0.0,calm,91.0
20.1,0.71,48.0,37.0,7.3,37.0,0.0,89.0,0.0,energetic,75.0
39.0,0.77,92.0,57.0,6.0,124.0,1.0,6.0,1.0,calm,100.0
,0.82,65.0,45.0,8.4,214.0,0.0,40.0,1.0,energetic,94.0
6.6,0.62,88.0,73.0,5.4,194.0,1.0,54.0,1.0,energetic,81.0
13.4,0.5,94.0,63.0,7.0,193.0,1.0,79.0,0.0,calm,89.0
30.1,0.82,65.0,50.0,4.6,180.0,0.0,42.0,1.0,calm,88.0
39.5,0.97,82.0,72.0,10.0,260.0,1.0,77.0,1.0,calm,100.0
15.3,0.65,90.0,55.0,7.3,277.0,0.0,42.0,0.0,calm,85.0
15.3,0.61,61.0,57.0,5.1,128.0,1.0,47.0,0.0,energetic,80.0
40.0,0.93,54.0,60.0,6.9,176.0,0.0,7.0,0.0,energetic,100.0
17.9,0.59,56.0,59.0,5.9,112.0,1.0,56.0,0.0,calm,79.0
35.9,0.97,67.0,47.0,4.1,239.0,0.0,84.0,0.0,energetic,100.0
-18.459529716893613,0.96,77.0,49.0,7.2,298.0,0.0,53.0,0.0,calm,100.0
31.8,0.8,54.0,38.0,8.5,51.0,0.0,22.0,0.0,energetic,87.0
30.0,0.76,82.0,69.0,4.0,105.0,0.0,19.0,1.0,energetic,97.0
31.9,0.85,76.0,45.0,8.2,278.0,1.0,19.0,0.0,energetic,94.0
33.0,0.68,84.0,47.0,7.8,264.0,0.0,37.0,0.0,calm,97.0
20.6,0.63,58.0,43.0,,256.0,1.0,78.0,1.0,calm,74.0
12.5,0.52,44.0,43.0,4.9,277.0,0.0,32.0,0.0,calm,59.0
10.8,0.6,66.0,67.0,4.9,-246.1156710068351,1.0,56.0,1.0,calm,82.0
15.8,0.57,65.0,69.0,8.1,185.0,1.0,28.0,1.0,calm,83.0
29.6,0.76,41.0,55.0,5.7,248.0,0.0,,,energetic,80.0
33.8,0.87,70.0,64.0,7.3,41.0,1.0,27.0,1.0,calm,100.0
32.5,0.89,85.0,48.0,5.6,101.0,1.0,14.0,0.0,energetic,100.0
19.4,0.85,,43.0,9.8,141.0,1.0,69.0,1.0,energetic,81.0
11.6,0.64,72.0,54.0,9.0,246.0,1.0,19.0,0.0,energetic,84.0
23.6,0.61,74.0,68.0,4.5,246.0,1.0,17.0,1.0,calm,82.0
24.1,0.51,53.0,40.0,7.3,113.0,0.0,26.0,0.0,calm,69.0
12.3,0.65,48.0,43.0,6.2,83.0,0.0,33.0,1.0,calm,71.0
19.5,0.8,48.0,59.0,9.1,223.0,1.0,30.0,0.0,energetic,80.0
9.5,0.65,93.0,76.0,8.2,161.0,1.0,23.0,0.0,energetic,87.0
6.8,0.49,46.0,43.0,7.0,186.0,0.0,47.0,0.0,calm,63.0
18.4,0.63,47.0,58.0,8.1,142.0,0.0,73.0,1.0,calm,75.0
26.8,0.69,52.0,49.0,6.4,148.0,1.0,80.0,0.0,energetic,86.0
24.3,0.76,72.0,49.0,4.6,63.0,1.0,8.0,0.0,calm,93.0
15.5,0.79,68.0,64.0,6.3,241.0,1.0,21.0,1.0,calm,82.0
7.4,0.75,52.0,42.0,4.3,43.0,0.0,19.0,0.0,calm,68.0
34.9,0.69,84.0,68.0,7.0,91.0,0.0,90.0,0.0,energetic,100.0
23.7,0.76,49.0,42.0,9.6,197.0,1.0,30.0,1.0,energetic,86.0
37.4,1.0,87.0,59.0,7.9,273.0,0.0,73.0,0.0,calm,100.0
29.3,0.65,70.0,67.0,9.7,86.0,1.0,85.0,0.0,calm,100.0
26.3,0.96,79.0,48.0,7.1,38.0,1.0,8.0,0.0,energetic,100.0
37.9,1.0,87.0,61.0,7.8,81.0,0.0,78.0,0.0,calm,100.0
9.8,0.62,58.0,49.0,9.3,46.0,1.0,58.0,1.0,energetic,73.0
22.6,0.77,58.0,38.0,9.9,298.0,0.0,18.0,1.0,calm,77.0
20.7,0.81,65.0,52.0,9.1,524.8607166603492,0.0,14.0,1.0,calm,83.0
35.2,0.75,94.0,58.0,5.8,282.0,0.0,75.0,0.0,energetic,100.0
16.6,0.62,78.0,67.0,7.8,611.9789192445837,0.0,25.0,0.0,energetic,87.0
10.1,0.57,72.0,50.0,9.7,93.0,0.0,12.0,0.0,energetic,76.0
16.1,0.66,58.0,62.0,9.8,148.0,0.0,20.0,1.0,calm,80.0
9.3,0.58,66.0,40.0,4.3,119.0,0.0,56.0,1.0,calm,72.0
7.8,0.53,43.0,37.0,8.3,253.0,1.0,8.0,0.0,energetic,53.0
33.6,0.67,72.0,46.0,7.3,148.0,1.0,46.0,0.0,calm,95.0
11.5,0.42,43.0,50.0,6.3,213.0,0.0,33.0,0.0,energetic,56.0
10.4,0.64,72.0,71.0,6.7,131.0,0.0,8.0,0.0,calm,85.0
37.0,0.99,89.0,61.0,6.3,267.0,0.0,31.0,0.0,calm,100.0
24.1,0.73,58.0,54.0,6.8,264.0,1.0,74.0,0.0,energetic,83.0
9.6,0.42,92.0,75.0,9.5,271.0,1.0,14.0,1.0,calm,78.0
38.9,0.87,73.0,53.0,4.9,63.0,0.0,30.0,0.0,energetic,100.0
38.9,1.0,77.0,60.0,9.4,53.0,0.0,80.0,0.0,energetic,100.0
31.6,0.87,83.0,61.0,6.8,171.0,1.0,65.0,0.0,energetic,100.0
13.7,0.34,74.0,66.0,5.9,159.0,1.0,37.0,1.0,calm,78.0
37.8,0.83,60.0,39.0,6.6,90.0,1.0,45.0,0.0,energetic,98.0
33.1,0.78,93.0,48.0,9.5,116.0,0.0,31.0,0.0,energetic,100.0
28.7,0.92,57.0,47.0,4.9,131.0,1.0,46.0,0.0,calm,93.0
17.7,0.91,68.0,42.0,8.9,264.0,0.0,24.0,1.0,energetic,82.0
39.3,0.92,62.0,65.0,9.4,220.0,0.0,87.0,0.0,energetic,100.0
23.8,0.7,43.0,53.0,8.3,210.0,0.0,20.0,1.0,calm,74.0
6.0,0.3,45.0,62.0,8.6,63.0,1.0,84.0,1.0,energetic,57.0
9.1,0.72,61.0,61.0,5.5,243.0,1.0,13.0,1.0,energetic,74.0
17.7,0.62,91.0,66.0,8.8,84.0,1.0,53.0,0.0,calm,99.0
39.3,0.85,62.0,41.0,7.9,288.0,1.0,74.0,1.0,energetic,100.0
11.4,0.72,62.0,62.0,5.1,59.0,1.0,20.0,0.0,calm,77.0
29.1,0.71,75.0,59.0,7.9,191.0,1.0,27.0,0.0,calm,88.0
28.8,0.72,79.0,55.0,4.5,292.0,1.0,71.0,0.0,calm,94.0
32.4,0.93,68.0,47.0,4.1,141.0,1.0,28.0,0.0,energetic,100.0
13.9,0.51,66.0,56.0,9.6,192.0,1.0,149.02495925493798,0.0,calm,75.0
29.6,0.66,92.0,54.0,4.9,142.0,0.0,32.0,1.0,energetic,98.0
23.0,0.79,83.0,50.0,8.6,97.0,0.0,14.0,0.0,energetic,94.0
11.7,0.61,65.0,54.0,4.6,260.0,0.0,64.0,1.0,calm,71.0
35.4,0.83,54.0,56.0,9.1,143.0,0.0,76.0,1.0,energetic,97.0
26.2,0.83,51.0,57.0,8.8,248.0,1.0,61.0,0.0,calm,85.0
30.8,0.71,66.0,43.0,7.2,231.0,0.0,9.0,1.0,energetic,93.0
7.1,0.5,64.0,57.0,9.6,179.0,1.0,85.0,0.0,energetic,69.0
35.4,0.87,63.0,55.0,9.8,195.0,0.0,11.0,1.0,energetic,97.0
13.5,0.59,52.0,53.0,4.1,207.0,0.0,43.0,0.0,calm,65.0
18.5,0.74,44.0,45.0,6.0,248.0,1.0,35.0,1.0,calm,76.0
30.6,0.62,83.0,63.0,9.2,35.0,0.0,47.0,0.0,calm,100.0
21.3,0.65,61.0,68.0,9.9,97.0,0.0,7.0,0.0,energetic,87.0
26.8,0.61,91.0,55.0,8.8,191.0,1.0,10.0,0.0,energetic,97.0
15.8,0.46,60.0,40.0,5.2,236.0,1.0,10.0,0.0,energetic,69.0
7.9,0.54,88.0,62.0,4.2,294.0,0.0,42.0,1.0,calm,74.0
33.6,0.75,79.0,65.0,4.7,198.0,0.0,85.0,0.0,energetic,97.0
16.7,1.4778328695614842,91.0,52.0,7.8,202.0,0.0,7.0,0.0,energetic,86.0
17.4,0.71,50.0,44.0,9.1,100.0,0.0,32.0,1.0,calm,69.0
24.6,0.73,63.0,57.0,5.5,59.0,0.0,58.0,0.0,energetic,88.0
31.8,0.97,65.0,41.0,5.6,69.0,1.0,23.0,1.0,calm,100.0
30.7,0.76,45.0,63.0,5.4,75.0,0.0,88.0,1.0,calm,89.0
15.6,0.78,64.0,62.0,5.1,236.0,0.0,60.0,0.0,calm,74.0
8.8,0.71,70.0,56.0,7.1,126.0,0.0,45.0,0.0,calm,74.0
39.3,0.83,41.0,39.0,6.2,143.0,1.0,64.0,1.0,calm,90.0
11.2,0.54,84.0,64.0,9.7,195.0,0.0,28.0,0.0,calm,76.0
33.2,0.98,94.0,77.0,8.4,36.0,0.0,44.0,0.0,calm,100.0
28.6,0.81,59.0,38.0,8.2,158.0,1.0,63.0,1.0,calm,90.0
8.0,0.64,70.0,59.0,4.8,106.0,1.0,72.0,0.0,energetic,74.0
5.8,0.58,40.0,36.0,5.5,175.0,1.0,61.0,0.0,energetic,63.0
24.3,0.64,64.0,68.0,8.2,99.0,1.0,37.0,1.0,energetic,89.0
11.5,0.58,83.0,53.0,6.4,119.0,1.0,11.0,0.0,calm,78.0
39.8,0.82,77.0,71.0,8.4,114.0,0.0,38.0,1.0,calm,100.0
34.4,0.72,70.0,41.0,7.6,61.0,1.0,8.0,0.0,energetic,100.0
12.6,0.69,,40.0,6.2,40.0,1.0,74.0,0.0,calm,77.0
27.1,0.85,60.0,43.0,7.5,59.0,0.0,57.0,0.0,energetic,95.0
33.7,0.97,67.0,47.0,7.1,196.0,1.0,27.0,0.0,calm,96.0
8.6,0.69,57.0,45.0,8.1,124.0,0.0,13.0,1.0,energetic,71.0
31.2,0.8,64.0,67.0,7.6,298.0,0.0,27.0,0.0,calm,98.0
39.9,1.0,151.35474870855208,46.0,7.8,174.0,1.0,60.0,1.0,energetic,100.0
9.3,0.51,43.0,37.0,5.7,85.0,0.0,17.0,1.0,calm,59.0
18.7,0.75,57.0,52.0,6.5,69.0,1.0,53.0,1.0,calm,84.0
27.3,0.86,66.0,54.0,6.2,223.0,0.0,45.0,1.0,energetic,99.0
16.8,0.63,49.0,41.0,9.2,256.0,0.0,76.0,0.0,calm,64.0
32.3,0.85,88.0,55.0,6.7,238.0,1.0,63.0,0.0,energetic,100.0
30.6,0.78,63.0,45.0,8.6,226.0,1.0,44.0,1.0,energetic,94.0
6.1,0.66,57.0,42.0,6.0,116.0,1.0,65.0,0.0,energetic,68.0
23.2,0.78,77.0,44.0,7.6,124.0,0.0,35.0,1.0,energetic,91.0
38.1,0.97,90.0,49.0,5.2,225.0,0.0,79.0,0.0,energetic,100.0
8.6,0.64,89.0,53.0,4.1,165.0,1.0,15.0,0.0,energetic,84.0
7.0,0.64,50.0,57.0,6.8,110.0,0.0,17.0,0.0,energetic,63.0
31.7,0.75,44.0,47.0,5.1,230.0,1.0,16.0,1.0,calm,81.0
34.4,0.73,61.0,61.0,6.8,299.0,0.0,50.0,0.0,calm,92.0
33.9,0.9,48.0,55.0,5.3,182.0,1.0,46.0,1.0,energetic,94.0
39.9,0.99,47.0,39.0,9.9,195.0,0.0,21.0,1.0,calm,95.0
11.2,0.6,82.0,61.0,8.6,269.0,1.0,23.0,0.0,energetic,85.0
34.4,0.99,85.0,74.0,5.8,49.0,0.0,79.0,1.0,energetic,100.0
6.5,0.59,61.0,49.0,4.4,143.0,0.0,86.0,0.0,energetic,65.0
36.4,0.91,64.0,42.0,9.7,226.0,0.0,18.0,0.0,calm,97.0
33.9,0.69,80.0,62.0,4.3,66.0,1.0,28.0,1.0,energetic,100.0
15.0,0.69,84.0,58.0,8.1,234.0,0.0,65.0,0.0,calm,84.0
37.4,0.94,86.0,74.0,7.4,160.0,0.0,89.0,0.0,calm,100.0
31.1,0.72,49.0,50.0,7.5,300.0,0.0,48.0,0.0,calm,83.0
13.4,0.75,91.0,58.0,8.7,87.0,0.0,14.0,0.0,calm,96.0
11.8,0.58,44.0,53.0,4.6,179.0,0.0,87.0,1.0,energetic,61.0
8.1,0.57,77.0,70.0,7.8,152.0,0.0,35.0,1.0,calm,76.0
32.0,1.0,49.0,50.0,8.9,168.0,1.0,58.0,0.0,calm,94.0
14.1,0.58,67.0,54.0,5.9,262.0,0.0,83.0,1.0,calm,79.0
31.2,1.0,68.0,46.0,9.2,64.0,1.0,21.0,0.0,calm,100.0
30.0,0.85,69.0,64.0,7.4,80.0,1.0,48.0,0.0,calm,100.0
21.3,0.78,69.0,58.0,6.7,141.0,0.0,34.0,0.0,calm,86.0
13.7,0.71,85.0,59.0,9.7,214.0,1.0,61.0,1.0,calm,86.0
18.0,0.69,73.0,53.0,7.4,219.0,0.0,38.0,0.0,calm,81.0
25.8,0.83,46.0,49.0,16.00075346951889,233.0,1.0,15.0,0.0,energetic,87.0
35.5,0.71,45.0,54.0,6.3,33.0,0.0,23.0,0.0,calm,90.0
20.9,0.64,57.0,59.0,9.8,279.0,0.0,38.0,1.0,energetic,76.0
35.9,0.96,46.0,35.0,5.2,160.0,0.0,42.0,1.0,calm,88.0
8.2,0.5,46.0,61.0,4.0,165.0,1.0,25.0,0.0,energetic,65.0
14.9,0.75,93.0,76.0,7.5,34.0,1.0,72.0,0.0,energetic,100.0
8.6,0.46,52.0,53.0,9.4,253.0,0.0,80.0,0.0,calm,62.0
15.1,0.91,51.0,64.0,8.7,179.0,1.0,70.0,0.0,calm,86.0
27.2,0.7,49.0,41.0,9.2,60.0,0.0,39.0,0.0,calm,79.0
7.2,0.46,42.0,56.0,8.5,78.0,0.0,76.0,1.0,calm,59.0
12.7,0.57,48.0,38.0,9.2,86.0,0.0,40.0,1.0,energetic,66.0
12.3,0.66,81.0,70.0,5.2,219.0,1.0,82.0,1.0,calm,84.0
32.3,0.95,76.0,46.0,4.4,227.0,1.0,15.0,1.0,energetic,100.0
22.8,0.71,43.0,55.0,9.6,128.0,1.0,79.0,1.0,energetic,76.0
23.0,0.73,44.0,44.0,7.0,221.0,0.0,6.0,1.0,energetic,74.0
26.3,0.74,91.0,75.0,5.6,231.0,1.0,35.0,0.0,calm,100.0
11.1,0.5,65.0,53.0,4.3,194.0,0.0,11.0,0.0,calm,67.0
35.2,0.85,48.0,38.0,6.9,100.0,1.0,52.0,0.0,calm,90.0
26.0,0.83,57.0,62.0,5.8,185.0,0.0,86.0,1.0,energetic,86.0
26.4,0.74,92.0,58.0,7.7,202.0,1.0,25.0,0.0,calm,100.0
29.8,0.81,93.0,61.0,8.5,296.0,0.0,77.0,0.0,energetic,100.0
32.7,0.9,42.0,44.0,6.5,151.0,0.0,28.0,0.0,calm,91.0
39.7,0.96,58.0,56.0,9.0,86.0,1.0,47.0,0.0,calm,100.0
27.5,0.73,70.0,63.0,7.8,257.0,0.0,57.0,1.0,energetic,93.0
7.7,0.77,83.0,47.0,9.7,108.0,0.0,17.0,0.0,calm,82.0
31.8,0.81,64.0,47.0,5.2,174.0,0.0,84.0,1.0,calm,93.0
39.4,0.92,77.0,54.0,4.0,243.0,0.0,22.0,0.0,energetic,100.0
19.6,0.91,52.0,48.0,5.9,49.0,1.0,25.0,0.0,calm,90.0
16.8,0.63,74.0,60.0,5.0,42.0,0.0,79.0,1.0,calm,83.0
6.8,0.48,88.0,65.0,8.0,268.0,0.0,34.0,0.0,calm,75.0
6.3,0.58,49.0,36.0,4.2,66.0,1.0,78.0,0.0,energetic,68.0
25.7,0.9,51.0,55.0,5.1,165.0,0.0,10.0,0.0,calm,87.0
12.1,0.66,43.0,36.0,5.5,112.0,0.0,86.0,1.0,calm,62.0
13.0,0.66,56.0,44.0,6.2,141.0,0.0,18.0,0.0,calm,74.0
32.6,0.91,83.0,57.0,8.1,267.0,1.0,60.0,0.0,calm,100.0
34.8,0.9,54.0,39.0,6.6,73.0,0.0,12.0,1.0,energetic,100.0
5.1,0.68,46.0,50.0,7.0,275.0,1.0,61.0,0.0,energetic,59.0
5.3,0.54,76.0,56.0,7.0,176.0,1.0,71.0,1.0,energetic,73.0
22.5,1.0,43.0,58.0,8.7,102.0,1.0,46.0,0.0,energetic,87.0
20.7,0.92,52.0,40.0,6.5,163.0,1.0,8.0,0.0,energetic,89.0
24.9,0.87,93.0,50.0,7.7,45.0,0.0,73.0,1.0,energetic,100.0
36.7,0.8,88.0,53.0,6.3,236.0,0.0,21.0,1.0,energetic,100.0
25.9,0.87,82.0,66.0,9.2,267.0,1.0,59.0,1.0,calm,95.0
38.0,1.0,73.0,50.0,9.5,107.0,1.0,71.0,0.0,energetic,100.0
26.5,0.8,65.0,59.0,5.8,284.0,0.0,61.0,0.0,calm,89.0
19.7,0.73,78.0,50.0,6.3,294.0,1.0,67.0,0.0,calm,89.0
32.3,0.76,70.0,48.0,5.9,179.0,0.0,29.0,0.0,calm,88.0
25.6,0.85,83.0,73.0,4.9,49.0,0.0,26.0,1.0,calm,100.0
22.9,0.56,59.0,55.0,5.8,101.0,1.0,85.0,1.0,energetic,82.0
32.4,0.72,88.0,63.0,9.4,234.0,1.0,57.0,0.0,calm,100.0
38.8,0.78,67.0,67.0,5.6,289.0,1.0,15.0,0.0,calm,98.0
31.5,0.89,45.0,48.0,4.5,66.0,0.0,87.0,0.0,calm,87.0
35.9,0.9,79.0,47.0,8.0,298.0,1.0,68.0,0.0,energetic,100.0
22.5,0.75,86.0,56.0,4.7,143.0,1.0,22.0,0.0,energetic,95.0
6.6,0.57,75.0,46.0,9.6,236.0,1.0,27.0,0.0,energetic,71.0
27.1,0.75,53.0,59.0,4.2,158.0,1.0,60.0,0.0,energetic,86.0
35.1,0.8,92.0,51.0,6.5,144.0,1.0,7.0,0.0,calm,100.0
29.6,0.91,43.0,46.0,5.8,70.0,0.0,50.0,1.0,energetic,92.0
35.3,1.0,89.0,47.0,4.4,149.0,0.0,55.0,0.0,calm,100.0
12.2,0.72,78.0,51.0,7.3,57.0,0.0,42.0,0.0,energetic,84.0
32.1,0.76,83.0,53.0,7.8,61.0,1.0,88.0,1.0,calm,100.0
11.1,0.49,46.0,35.0,7.2,199.0,0.0,89.0,0.0,energetic,56.0
10.0,0.58,72.0,45.0,7.6,223.0,0.0,58.0,0.0,energetic,73.0
20.8,0.75,51.0,46.0,5.7,90.0,1.0,39.0,1.0,energetic,82.0
39.8,0.92,69.0,63.0,8.8,30.0,0.0,6.0,0.0,energetic,100.0
30.7,0.61,58.0,38.0,5.2,229.0,0.0,11.0,0.0,calm,82.0
28.2,0.7,51.0,39.0,9.3,264.0,0.0,33.0,0.0,energetic,78.0
19.1,0.8,41.0,33.0,6.8,198.0,1.0,82.0,0.0,energetic,74.0
6.0,0.5,74.0,46.0,10.0,90.0,1.0,12.0,1.0,calm,69.0
9.3,0.64,42.0,35.0,7.2,208.0,1.0,29.0,0.0,calm,64.0
37.1,0.87,82.0,55.0,5.6,78.0,0.0,76.0,0.0,calm,100.0
13.1,0.49,81.0,50.0,6.2,72.0,1.0,56.0,1.0,energetic,83.0
20.4,0.56,50.0,50.0,9.1,49.0,1.0,23.0,1.0,calm,78.0
7.8,0.64,79.0,66.0,9.4,288.0,1.0,63.0,0.0,energetic,76.0
34.6,0.95,63.0,53.0,8.7,255.0,0.0,8.0,1.0,calm,92.0
37.1,0.81,88.0,70.0,9.9,119.0,0.0,37.0,0.0,calm,100.0
19.5,0.63,62.0,42.0,7.0,157.0,1.0,88.0,0.0,energetic,80.0
27.2,0.71,43.0,40.0,7.9,239.0,1.0,37.0,0.0,energetic,82.0
33.8,0.8,80.0,46.0,6.2,64.0,1.0,12.0,1.0,calm,100.0
11.7,0.7,51.0,36.0,4.9,256.0,0.0,12.0,1.0,calm,71.0
19.8,0.65,79.0,62.0,5.2,294.0,1.0,27.0,1.0,calm,88.0
9.7,0.62,85.0,54.0,8.2,204.0,0.0,43.0,0.0,calm,81.0
16.6,0.67,48.0,43.0,6.0,35.0,0.0,55.0,1.0,calm,81.0
13.0,0.68,45.0,57.0,4.1,258.0,1.0,77.0,0.0,calm,69.0
34.1,0.87,73.0,52.0,10.0,48.0,1.0,74.0,0.0,calm,100.0
7.0,0.7,54.0,43.0,7.9,262.0,0.0,79.0,0.0,calm,70.0
12.1,0.58,55.0,59.0,7.2,91.0,0.0,76.0,1.0,energetic,73.0
34.3,1.0,158.579390776651,67.0,5.7,-262.7246957687503,1.0,29.0,0.0,energetic,100.0
31.3,0.93,84.0,57.0,5.3,82.0,0.0,29.0,0.0,energetic,100.0
38.1,0.89,41.0,47.0,6.2,71.0,0.0,43.0,1.0,energetic,93.0
15.5,0.79,78.0,55.0,6.0,163.0,0.0,46.0,1.0,calm,85.0
19.2,0.59,46.0,60.0,6.5,149.0,0.0,77.0,0.0,calm,82.0
26.8,0.78,81.0,52.0,9.6,38.0,1.0,43.0,1.0,energetic,98.0
12.5,0.65,44.0,52.0,6.2,181.0,1.0,21.0,1.0,calm,73.0
33.1,0.67,47.0,44.0,6.2,71.0,0.0,-71.524340247672,1.0,energetic,93.0
20.5,0.6,95.0,57.0,9.3,247.0,1.0,7.0,1.0,energetic,88.0
6.8,0.54,55.0,60.0,8.7,237.0,1.0,32.0,1.0,energetic,67.0
26.6,0.89,55.0,40.0,9.1,114.0,0.0,24.0,1.0,energetic,89.0
5.0,0.52,91.0,77.0,5.7,32.0,0.0,45.0,0.0,calm,85.0
9.4,0.56,49.0,47.0,5.8,167.0,0.0,38.0,1.0,energetic,63.0
8.1,0.75,93.0,65.0,8.5,250.0,0.0,89.0,1.0,calm,80.0
26.9,0.87,79.0,73.0,7.9,67.0,0.0,15.0,0.0,energetic,100.0
32.8,0.83,92.0,60.0,6.4,192.0,1.0,44.0,0.0,energetic,100.0
5.3,0.48,58.0,57.0,8.2,202.0,0.0,78.0,1.0,energetic,61.0
24.9,0.81,47.0,49.0,5.4,147.0,0.0,36.0,0.0,calm,80.0
5.0,0.58,57.0,61.0,9.5,268.0,0.0,41.0,0.0,calm,64.0
24.7,0.72,63.0,50.0,6.2,236.0,0.0,60.0,0.0,energetic,82.0
35.6,0.98,53.0,65.0,9.7,97.0,1.0,58.0,1.0,energetic,100.0
21.8,0.77,56.0,52.0,7.4,100.0,0.0,12.0,1.0,energetic,83.0
34.6,0.8,63.0,50.0,7.6,128.0,0.0,76.0,1.0,calm,99.0
28.5,0.91,61.0,38.0,6.3,97.0,1.0,8.0,1.0,energetic,91.0
7.4,0.7,42.0,57.0,4.3,75.0,0.0,44.0,0.0,energetic,63.0
30.8,0.87,42.0,62.0,4.9,66.0,0.0,37.0,0.0,energetic,92.0
20.9,0.76,78.0,47.0,7.7,159.0,0.0,11.0,0.0,calm,90.0
21.8,0.62,73.0,53.0,4.1,206.0,1.0,6.0,0.0,energetic,80.0
20.4,0.58,45.0,50.0,9.0,123.0,0.0,18.0,1.0,energetic,75.0
10.4,1.4027228788997075,-0.8188953972731383,47.0,7.0,201.0,0.0,76.0,1.0,calm,71.0
19.4,0.54,57.0,47.0,9.7,197.0,1.0,47.0,1.0,calm,72.0
20.1,0.68,83.0,74.0,4.6,158.0,0.0,35.0,1.0,calm,89.0
6.2,0.61,41.0,46.0,9.5,169.0,0.0,48.0,0.0,calm,61.0
32.8,0.9,61.0,39.0,6.9,183.0,1.0,75.0,1.0,energetic,92.0
11.2,0.75,72.0,50.0,5.3,143.0,0.0,62.0,0.0,calm,80.0
15.1,0.68,85.0,52.0,4.9,236.0,0.0,61.0,1.0,energetic,81.0
18.5,0.75,61.0,46.0,9.5,68.0,0.0,8.0,0.0,energetic,76.0
26.8,0.52,74.0,69.0,8.3,77.0,0.0,82.0,0.0,calm,90.0
22.9,0.84,60.0,55.0,4.4,135.0,0.0,54.0,0.0,energetic,84.0
33.2,0.72,89.0,56.0,7.6,155.0,0.0,52.0,0.0,calm,100.0
14.0,0.82,50.0,49.0,4.3,256.0,0.0,43.0,1.0,calm,75.0
27.6,0.67,59.0,59.0,7.0,127.0,1.0,37.0,0.0,energetic,89.0
15.7,0.64,85.0,68.0,5.1,181.0,1.0,75.0,0.0,energetic,87.0
30.5,0.75,75.0,-5.34183513765737,10.0,275.0,0.0,53.0,0.0,energetic,88.0
31.7,0.94,93.0,75.0,8.1,243.0,0.0,48.0,0.0,energetic,100.0
25.3,0.74,44.0,44.0,6.9,127.0,0.0,36.0,0.0,calm,79.0
7.1,0.61,92.0,51.0,7.2,155.0,0.0,63.0,1.0,calm,76.0
24.7,0.91,78.0,52.0,4.2,164.0,0.0,77.0,0.0,energetic,95.0
30.1,0.9,76.0,67.0,6.9,35.0,0.0,45.0,0.0,calm,100.0
35.5,0.8,90.0,113.98881501943345,9.6,259.0,0.0,32.0,1.0,calm,100.0
5.7,0.74,61.0,67.0,4.4,102.0,1.0,77.0,0.0,energetic,75.0
32.0,0.81,83.0,45.0,8.9,227.0,0.0,46.0,0.0,calm,96.0
32.6,0.74,67.0,56.0,9.7,226.0,1.0,24.0,0.0,energetic,90.0
24.3,0.58,70.0,62.0,8.9,270.0,1.0,7.0,0.0,calm,91.0
7.3,0.66,92.0,77.0,8.1,177.0,0.0,27.0,1.0,calm,89.0
31.7,0.63,47.0,38.0,9.7,143.0,0.0,75.0,0.0,energetic,78.0
29.3,0.82,90.0,74.0,5.2,102.0,0.0,89.0,0.0,energetic,100.0
10.9,0.44,44.0,40.0,9.1,220.0,1.0,68.0,0.0,calm,57.0
15.5,0.7,89.0,57.0,7.0,228.0,1.0,37.0,1.0,energetic,88.0
10.9,0.59,92.0,49.0,9.6,35.0,1.0,64.0,0.0,energetic,85.0
13.4,0.55,63.0,64.0,5.9,147.0,0.0,64.0,0.0,energetic,68.0
29.3,0.82,63.0,50.0,6.3,92.0,1.0,32.0,0.0,energetic,97.0
26.3,0.74,83.0,48.0,8.4,143.0,0.0,18.0,0.0,calm,91.0
16.3,0.58,71.0,60.0,8.5,284.0,1.0,48.0,,energetic,84.0
16.3,0.65,71.0,49.0,7.4,294.0,1.0,59.0,0.0,calm,75.0
36.2,0.89,53.0,62.0,7.6,174.0,1.0,21.0,1.0,calm,100.0
7.5,0.58,51.0,47.0,8.7,168.0,1.0,37.0,0.0,energetic,68.0
6.2,0.36,53.0,61.0,8.0,180.0,1.0,38.0,0.0,energetic,59.0
29.4,0.7,79.0,70.0,8.3,82.0,1.0,39.0,0.0,calm,100.0
18.1,0.7,74.0,45.0,9.7,297.0,0.0,29.0,0.0,calm,84.0
12.7,0.68,48.0,62.0,8.6,67.0,1.0,28.0,0.0,calm,74.0
18.3,0.79,86.0,74.0,7.0,30.0,0.0,17.0,0.0,energetic,98.0
27.7,0.98,43.0,57.0,8.7,180.0,1.0,10.0,1.0,calm,89.0
31.5,0.68,49.0,61.0,5.6,243.0,1.0,65.0,0.0,calm,86.0
34.1,0.87,80.0,58.0,9.1,101.0,1.0,49.0,0.0,energetic,100.0
35.7,0.76,66.0,43.0,6.1,193.0,0.0,7.0,1.0,energetic,92.0
14.9,0.74,49.0,56.0,6.2,89.0,0.0,45.0,1.0,calm,74.0
25.5,0.89,55.0,55.0,8.2,108.0,0.0,25.0,1.0,calm,95.0
22.4,0.61,81.0,48.0,5.6,119.0,0.0,72.0,1.0,calm,92.0
27.0,0.85,81.0,60.0,7.7,138.0,1.0,38.0,0.0,calm,100.0
11.4,0.65,52.0,39.0,5.3,138.0,0.0,7.0,0.0,calm,60.0
7.4,0.55,84.0,67.0,9.5,177.0,1.0,18.0,0.0,energetic,73.0
26.2,0.77,56.0,38.0,9.9,228.0,1.0,39.0,0.0,calm,84.0
10.2,0.5,51.0,62.0,8.0,279.0,0.0,52.0,1.0,calm,69.0
13.9,0.66,72.0,52.0,6.3,256.0,0.0,49.0,0.0,calm,73.0
31.5,0.85,46.0,37.0,9.6,201.0,0.0,54.0,0.0,energetic,83.0
28.2,0.85,48.0,43.0,6.6,285.0,1.0,72.0,1.0,calm,80.0
13.6,0.81,42.0,49.0,4.7,165.0,0.0,18.0,0.0,calm,66.0
12.2,0.69,83.0,54.0,8.4,257.0,1.0,26.0,0.0,calm,80.0
6.9,0.61,71.0,67.0,9.3,153.0,0.0,41.0,0.0,energetic,71.0
,1.0,75.0,65.0,8.7,169.0,1.0,72.0,0.0,calm,100.0
9.3,0.56,73.0,55.0,7.0,134.0,1.0,54.0,1.0,,77.0
36.5,0.84,52.0,43.0,7.4,234.0,0.0,6.0,0.0,energetic,94.0
33.2,0.81,76.0,46.0,7.4,243.0,0.0,46.0,1.0,calm,95.0
8.3,0.76,63.0,48.0,8.6,150.0,0.0,19.0,1.0,energetic,80.0
20.4,0.82,48.0,41.0,6.4,223.0,0.0,35.0,0.0,energetic,74.0
12.5,0.44,77.0,48.0,8.1,258.0,0.0,46.0,0.0,energetic,74.0
36.0,0.93,81.0,70.0,7.7,211.0,1.0,7.0,1.0,calm,100.0
12.6,0.6,76.0,58.0,4.3,159.0,1.0,28.0,1.0,calm,77.0
22.7,0.68,74.0,43.0,6.5,271.0,0.0,87.0,1.0,calm,85.0
30.6,0.83,81.0,54.0,9.5,50.0,0.0,41.0,0.0,energetic,99.0
17.3,0.56,52.0,62.0,-3.077479179709166,161.0,1.0,31.0,0.0,calm,77.0
38.6,1.0,58.0,44.0,6.8,217.0,0.0,56.0,1.0,calm,97.0
27.9,0.94,82.0,65.0,8.2,297.0,0.0,6.0,1.0,calm,100.0
15.9,0.72,52.0,53.0,8.2,287.0,1.0,83.0,1.0,energetic,72.0
20.7,0.94,41.0,54.0,6.1,238.0,0.0,34.0,1.0,calm,83.0
30.4,0.7,87.0,66.0,9.6,203.0,1.0,70.0,1.0,energetic,99.0
33.4,0.82,56.0,38.0,8.1,226.0,0.0,24.0,0.0,energetic,89.0
26.1,0.74,60.0,62.0,8.6,31.0,0.0,25.0,0.0,calm,87.0
12.8,0.48,57.0,47.0,4.8,170.0,1.0,63.0,0.0,calm,68.0
30.5,0.62,58.0,64.0,4.7,112.0,0.0,10.0,0.0,calm,86.0
25.4,0.61,71.0,50.0,8.1,225.0,0.0,7.0,1.0,energetic,86.0
15.0,0.74,78.0,60.0,8.5,173.0,1.0,73.0,0.0,energetic,87.0
34.0,0.82,75.0,71.0,6.2,170.0,0.0,9.0,0.0,calm,97.0
14.2,0.74,81.0,51.0,6.9,277.0,0.0,62.0,0.0,calm,82.0
32.9,0.73,43.0,58.0,5.7,55.0,0.0,63.0,1.0,calm,90.0
17.0,0.58,43.0,44.0,,105.0,1.0,41.0,0.0,calm,72.0
35.4,0.77,91.0,58.0,6.8,176.0,1.0,71.0,1.0,energetic,100.0
5.0,0.5,47.0,61.0,8.5,42.0,0.0,36.0,1.0,energetic,69.0
39.8,0.81,49.0,51.0,5.7,267.0,1.0,52.0,1.0,calm,93.0
16.0,0.7,71.0,42.0,9.2,198.0,0.0,88.0,0.0,energetic,76.0
26.6,0.94,53.0,56.0,6.0,52.0,0.0,78.0,0.0,calm,91.0
13.5,0.67,74.0,43.0,7.2,158.0,1.0,24.0,0.0,calm,86.0
10.7,0.6,60.0,41.0,6.6,93.0,0.0,17.0,1.0,energetic,72.0
27.4,0.7,46.0,53.0,6.5,217.0,0.0,37.0,0.0,energetic,78.0
10.3,0.67,90.0,69.0,7.3,262.0,0.0,66.0,0.0,calm,83.0
25.0,0.77,52.0,60.0,9.4,146.0,0.0,60.0,1.0,energetic,80.0
30.8,0.9,51.0,39.0,8.1,183.0,0.0,85.0,1.0,energetic,87.0
5.7,0.57,43.0,55.0,5.7,215.0,1.0,41.0,0.0,calm,61.0
36.7,0.75,89.0,71.0,4.1,208.0,1.0,19.0,0.0,energetic,100.0
11.0,0.37,48.0,50.0,5.5,133.0,1.0,36.0,0.0,energetic,67.0
12.1,0.61,44.0,60.0,6.0,105.0,1.0,81.0,0.0,energetic,73.0
35.6,0.84,62.0,58.0,8.2,95.0,1.0,65.0,0.0,energetic,100.0
27.0,0.73,45.0,55.0,8.1,271.0,1.0,34.0,1.0,calm,80.0
12.7,0.6,73.0,66.0,4.3,136.0,0.0,73.0,1.0,calm,79.0
9.6,0.67,51.0,39.0,5.4,207.0,0.0,9.0,0.0,energetic,66.0
12.4,0.57,90.0,77.0,4.4,125.0,0.0,8.0,0.0,calm,88.0
26.9,0.9,75.0,57.0,6.0,140.0,1.0,37.0,0.0,calm,100.0
17.1,0.62,75.0,43.0,5.2,78.0,1.0,54.0,1.0,calm,88.0
35.8,0.81,73.0,62.0,8.8,135.0,1.0,20.0,1.0,calm,100.0
23.2,0.68,42.0,40.0,9.3,169.0,0.0,45.0,0.0,calm,73.0
12.4,0.53,53.0,64.0,4.1,186.0,0.0,16.0,1.0,calm,65.0
20.5,0.75,45.0,51.0,8.0,121.0,0.0,58.0,1.0,calm,76.0
17.2,0.63,95.0,60.0,5.9,95.0,0.0,71.0,0.0,energetic,92.0
9.9,0.76,43.0,34.0,4.6,276.0,0.0,38.0,1.0,energetic,59.0
39.6,0.81,44.0,100.79555497035366,4.7,185.0,1.0,47.0,1.0,energetic,91.0
24.4,0.65,44.0,38.0,4.7,153.0,0.0,15.0,0.0,energetic,70.0
13.8,0.71,57.0,51.0,5.9,211.0,0.0,60.0,1.0,calm,73.0
22.5,0.68,51.0,50.0,8.9,121.0,1.0,32.0,0.0,energetic,79.0
6.4,0.63,92.0,64.0,8.1,160.0,1.0,67.0,1.0,calm,84.0
28.3,0.83,56.0,47.0,5.5,131.0,1.0,39.0,0.0,calm,91.0
32.9,0.77,49.0,58.0,7.2,122.0,0.0,81.0,1.0,calm,95.0
38.5,0.97,58.0,53.0,4.5,234.0,1.0,75.0,0.0,calm,100.0
15.9,0.66,59.0,62.0,9.2,194.0,1.0,74.0,1.0,energetic,83.0
21.0,0.69,64.0,60.0,8.7,258.0,0.0,71.0,0.0,calm,82.0
14.2,0.57,74.0,60.0,4.3,236.0,0.0,82.0,0.0,energetic,80.0
18.1,0.74,78.0,59.0,5.7,106.0,0.0,53.0,0.0,energetic,87.0
28.4,0.78,51.0,46.0,9.2,126.0,0.0,11.0,1.0,energetic,79.0
37.9,0.69,88.0,66.0,6.5,187.0,0.0,23.0,1.0,calm,100.0
17.0,0.6,73.0,62.0,6.9,95.0,0.0,74.0,0.0,energetic,81.0
22.4,0.79,88.0,71.0,6.4,42.0,0.0,24.0,0.0,energetic,100.0
-28.229844876905396,0.89,40.0,7.866128388523656,4.6,165.0,1.0,45.0,0.0,calm,81.0
10.8,0.56,83.0,62.0,6.2,153.0,0.0,17.0,0.0,,80.0
9.4,0.65,70.0,54.0,8.4,56.0,1.0,48.0,0.0,calm,87.0
21.3,0.55,47.0,60.0,-0.38984673103467404,130.0,0.0,80.0,1.0,calm,75.0
26.6,0.7,84.0,60.0,8.0,56.0,0.0,74.0,1.0,calm,100.0
25.2,0.65,74.0,53.0,4.1,160.0,0.0,48.0,0.0,energetic,87.0
18.5,0.48,72.0,47.0,8.9,131.0,1.0,88.0,0.0,calm,84.0
38.9,0.77,52.0,56.0,4.9,219.0,0.0,43.0,1.0,energetic,93.0
38.1,0.78,79.0,73.0,8.4,147.0,1.0,12.0,1.0,energetic,100.0
28.1,0.93,87.0,64.0,4.9,276.0,1.0,71.0,0.0,energetic,100.0
15.0,0.61,71.0,62.0,7.3,249.0,1.0,33.0,1.0,calm,80.0
5.1,0.59,90.0,75.0,8.5,280.0,0.0,16.0,0.0,calm,79.0
8.0,0.7,76.0,69.0,5.8,63.0,0.0,51.0,0.0,calm,86.0
22.0,0.59,90.0,65.0,9.5,106.0,0.0,60.0,0.0,calm,91.0
33.4,0.82,52.0,56.0,7.4,255.0,1.0,63.0,1.0,energetic,87.0
14.8,0.56,69.0,53.0,6.8,176.0,1.0,84.0,0.0,calm,76.0
13.1,0.71,84.0,72.0,7.5,214.0,1.0,5.0,0.0,energetic,94.0
38.5,0.85,95.0,49.0,9.1,99.0,0.0,17.0,1.0,energetic,100.0
9.2,0.55,89.0,55.0,5.3,111.0,1.0,44.0,1.0,energetic,87.0
12.9,0.64,60.0,42.0,6.5,136.0,0.0,32.0,1.0,energetic,70.0
22.1,0.63,65.0,56.0,6.1,242.0,1.0,16.0,0.0,calm,85.0
8.0,0.52,65.0,62.0,9.3,67.0,0.0,15.0,1.0,calm,67.0
23.9,0.61,86.0,50.0,8.8,248.0,1.0,60.0,0.0,calm,89.0
16.8,0.72,54.0,61.0,8.8,140.0,1.0,69.0,1.0,calm,83.0
12.4,0.78,53.0,52.0,9.8,142.0,0.0,89.0,0.0,calm,70.0
7.8,0.49,54.0,56.0,6.1,150.0,1.0,24.0,0.0,energetic,64.0
38.2,0.82,62.0,64.0,4.8,192.0,0.0,65.0,0.0,calm,97.0
10.7,0.54,56.0,63.0,9.5,184.0,1.0,38.0,0.0,energetic,71.0
26.1,0.81,47.0,44.0,7.4,228.0,1.0,81.0,0.0,calm,81.0
26.3,0.74,82.0,52.0,4.5,178.0,0.0,27.0,0.0,calm,97.0
35.8,1.0,75.0,70.0,4.2,240.0,1.0,9.0,1.0,calm,100.0
31.4,0.67,43.0,63.0,4.4,188.0,1.0,64.0,0.0,energetic,83.0
-27.66837774093527,0.84,49.0,58.0,9.5,246.0,0.0,17.0,1.0,energetic,84.0
17.2,0.67,90.0,59.0,9.1,265.0,1.0,70.0,0.0,calm,82.0
29.2,0.89,66.0,63.0,4.1,35.0,1.0,25.0,0.0,energetic,100.0
30.6,0.63,60.0,67.0,4.8,219.0,0.0,67.0,0.0,calm,83.0
35.3,0.9,93.0,-4.851576459142279,7.4,295.0,0.0,65.0,1.0,energetic,100.0
15.9,0.6,64.0,47.0,5.6,79.0,1.0,19.0,0.0,energetic,77.0
26.1,0.77,84.0,46.0,9.5,39.0,0.0,21.0,1.0,energetic,98.0
29.1,0.88,84.0,70.0,7.4,293.0,0.0,48.0,0.0,energetic,100.0
24.5,0.86,52.0,52.0,8.0,72.0,0.0,22.0,1.0,energetic,94.0
27.5,0.76,80.0,53.0,8.2,280.0,1.0,47.0,0.0,calm,96.0
12.1,0.71,47.0,48.0,9.9,182.0,0.0,82.0,0.0,calm,64.0
27.8,0.87,65.0,66.0,9.5,235.0,0.0,28.0,0.0,energetic,90.0
34.6,0.77,61.0,48.0,7.1,111.0,0.0,63.0,1.0,energetic,96.0
5.5,0.6,65.0,47.0,9.1,125.0,0.0,23.0,1.0,energetic,61.0
9.4,0.57,65.0,40.0,8.9,214.0,0.0,76.0,1.0,energetic,65.0
14.9,0.64,88.0,50.0,6.1,117.0,1.0,59.0,0.0,energetic,88.0
11.3,0.58,56.0,64.0,9.4,218.0,1.0,48.0,0.0,energetic,73.0
26.8,0.85,60.0,54.0,7.1,281.0,0.0,88.0,0.0,calm,92.0
13.9,0.57,58.0,67.0,5.8,292.0,1.0,63.0,0.0,calm,74.0
8.7,0.59,67.0,51.0,7.9,231.0,0.0,24.0,1.0,calm,68.0
35.3,0.83,46.0,44.0,7.1,265.0,1.0,65.0,0.0,calm,92.0
29.8,0.91,77.0,45.0,7.7,175.0,0.0,67.0,1.0,calm,97.0
38.0,0.96,68.0,53.0,4.2,76.0,0.0,84.0,1.0,calm,100.0
5.1,0.39,45.0,59.0,8.6,267.0,1.0,60.0,1.0,energetic,57.0
7.1,0.52,92.0,56.0,9.8,235.0,0.0,31.0,0.0,calm,72.0
30.2,1.0,44.0,48.0,8.7,280.0,0.0,25.0,1.0,calm,86.0
12.8,0.74,64.0,55.0,9.3,156.0,1.0,35.0,1.0,calm,82.0
33.5,0.97,83.0,49.0,5.5,144.0,0.0,64.0,0.0,energetic,100.0
30.4,0.79,48.0,57.0,10.0,295.0,0.0,32.0,0.0,energetic,86.0
22.2,0.67,76.0,54.0,4.8,61.0,1.0,40.0,1.0,energetic,93.0
29.3,0.69,81.0,66.0,8.8,32.0,0.0,90.0,0.0,energetic,100.0
11.7,0.55,54.0,48.0,4.6,241.0,0.0,42.0,1.0,calm,64.0
34.9,0.86,60.0,49.0,9.2,124.0,0.0,6.0,0.0,energetic,91.0
15.9,0.62,95.0,49.0,4.9,199.0,0.0,20.0,0.0,calm,85.0
11.3,0.84,82.0,72.0,4.6,279.0,0.0,44.0,0.0,energetic,90.0
17.0,0.56,56.0,50.0,6.2,160.0,1.0,26.0,0.0,calm,70.0
27.8,0.79,70.0,69.0,7.9,78.0,1.0,56.0,1.0,energetic,97.0
28.6,0.87,89.0,76.0,9.2,202.0,0.0,25.0,0.0,energetic,100.0
11.0,0.48,72.0,69.0,6.4,112.0,1.0,82.0,0.0,energetic,83.0
38.1,0.6,55.0,62.0,7.7,294.0,1.0,13.0,1.0,calm,92.0
14.9,0.56,49.0,64.0,7.9,54.0,1.0,20.0,0.0,energetic,74.0
35.6,0.71,48.0,44.0,6.1,54.0,1.0,42.0,0.0,calm,98.0
32.6,0.86,49.0,61.0,8.1,88.0,0.0,16.0,0.0,energetic,90.0
5.8,0.78,73.0,61.0,5.7,242.0,0.0,36.0,0.0,energetic,73.0
24.5,0.92,46.0,44.0,4.7,250.0,0.0,8.0,1.0,calm,83.0
9.4,0.74,71.0,43.0,9.8,108.0,1.0,59.0,0.0,calm,77.0
37.9,0.9,77.0,66.0,7.7,169.0,0.0,34.0,0.0,calm,100.0
36.4,0.09206388624771766,82.0,70.0,-3.7543203784819754,138.0,0.0,64.0,0.0,calm,100.0
36.0,0.75,50.0,42.0,9.7,143.0,0.0,45.0,0.0,energetic,90.0
20.5,0.78,62.0,51.0,9.4,295.0,0.0,52.0,0.0,calm,75.0
22.1,0.77,66.0,52.0,6.0,36.0,1.0,52.0,1.0,calm,93.0
9.9,0.55,91.0,58.0,6.4,84.0,0.0,48.0,0.0,calm,85.0
21.9,0.87,66.0,69.0,6.9,217.0,0.0,85.0,0.0,energetic,92.0
9.0,0.57,52.0,54.0,8.6,242.0,0.0,22.0,1.0,calm,65.0
21.6,0.62,94.0,62.0,8.7,47.0,0.0,87.0,0.0,calm,95.0
13.2,0.52,42.0,49.0,9.6,76.0,1.0,65.0,1.0,energetic,67.0
25.7,0.87,91.0,63.0,5.3,276.0,0.0,81.0,0.0,calm,100.0
19.1,0.78,85.0,64.0,9.9,192.0,1.0,10.0,0.0,calm,91.0
33.2,0.8,71.0,52.0,9.6,156.0,0.0,74.0,1.0,calm,96.0
31.2,0.91,56.0,46.0,8.5,153.0,1.0,28.0,0.0,calm,94.0
20.2,0.56,54.0,43.0,5.5,191.0,0.0,13.0,0.0,energetic,79.0
15.5,0.77,44.0,60.0,4.1,144.0,1.0,26.0,1.0,calm,72.0
27.7,0.84,50.0,37.0,6.2,43.0,0.0,64.0,1.0,calm,88.0
36.1,1.0,85.0,56.0,6.7,255.0,0.0,90.0,0.0,calm,100.0
20.9,,41.0,48.0,5.9,283.0,1.0,27.0,0.0,energetic,71.0
10.8,0.58,90.0,63.0,9.9,255.0,1.0,19.0,1.0,calm,82.0
12.0,0.71,56.0,50.0,8.9,84.0,0.0,66.0,0.0,calm,75.0
18.7,0.52,56.0,66.0,7.1,172.0,1.0,60.0,0.0,calm,77.0
32.0,0.72,90.0,77.0,9.8,294.0,1.0,32.0,1.0,calm,100.0
33.1,0.67,71.0,49.0,6.4,284.0,1.0,56.0,0.0,energetic,100.0
12.1,0.58,61.0,40.0,9.5,282.0,0.0,85.0,0.0,calm,62.0
38.2,1.0,79.0,56.0,8.6,197.0,0.0,64.0,0.0,calm,100.0
24.9,0.74,90.0,64.0,6.8,180.0,1.0,61.0,0.0,calm,98.0
34.7,0.93,74.0,53.0,4.7,258.0,0.0,17.0,1.0,energetic,100.0
38.7,0.84,69.0,59.0,9.2,148.0,0.0,15.0,1.0,calm,100.0
34.2,0.9,92.0,69.0,7.3,277.0,1.0,24.0,1.0,calm,100.0
10.1,0.65,64.0,53.0,8.0,285.0,1.0,5.0,1.0,energetic,77.0
7.1,0.59,65.0,65.0,8.7,73.0,1.0,66.0,1.0,calm,79.0
36.0,0.86,55.0,47.0,7.4,76.0,0.0,88.0,1.0,calm,99.0
39.5,0.78,52.0,39.0,5.6,226.0,0.0,13.0,1.0,calm,90.0
26.8,0.63,56.0,43.0,5.7,217.0,0.0,79.0,0.0,calm,81.0
31.8,0.87,60.0,57.0,4.5,35.0,1.0,31.0,0.0,calm,100.0
9.8,0.56,65.0,47.0,7.9,246.0,1.0,47.0,0.0,calm,70.0
26.8,0.88,45.0,59.0,6.9,72.0,1.0,39.0,1.0,calm,95.0
16.8,0.61,61.0,59.0,7.9,283.0,1.0,62.0,1.0,calm,79.0
25.6,0.82,91.0,71.0,6.2,203.0,0.0,40.0,1.0,energetic,98.0
31.9,0.89,55.0,53.0,4.1,237.0,0.0,70.0,0.0,energetic,89.0
10.8,0.6,94.0,55.0,4.4,144.0,1.0,80.0,1.0,energetic,80.0
7.1,0.51,75.0,59.0,5.2,226.0,1.0,75.0,1.0,energetic,72.0
9.4,0.57,91.0,49.0,7.0,269.0,0.0,82.0,0.0,calm,78.0
37.9,0.71,62.0,59.0,8.7,196.0,1.0,8.0,0.0,energetic,93.0
8.3,0.52,71.0,50.0,8.5,155.0,1.0,43.0,1.0,calm,73.0
32.3,0.83,40.0,58.0,9.4,280.0,0.0,27.0,0.0,energetic,83.0
19.1,0.56,63.0,48.0,4.8,204.0,0.0,89.0,0.0,energetic,74.0
27.3,1.0,63.0,55.0,8.9,221.0,0.0,29.0,1.0,energetic,90.0
34.5,0.75,62.0,58.0,7.4,269.0,1.0,87.0,0.0,calm,100.0
31.3,0.81,87.0,47.0,7.8,285.0,0.0,59.0,0.0,calm,100.0
16.6,0.75,51.0,48.0,4.1,179.0,0.0,53.0,0.0,calm,74.0
37.1,0.87,61.0,57.0,7.3,251.0,1.0,54.0,1.0,energetic,100.0
32.1,0.97,69.0,51.0,7.5,114.0,,39.0,0.0,calm,100.0
29.3,0.78,67.0,43.0,5.2,40.0,1.0,82.0,0.0,energetic,95.0
23.4,0.71,-1.5197054563809758,48.0,5.8,164.0,1.0,42.0,1.0,calm,92.0
18.2,0.56,52.0,38.0,9.3,277.0,1.0,86.0,1.0,calm,69.0
20.0,0.55,59.0,50.0,7.5,80.0,0.0,89.0,1.0,energetic,80.0
28.8,0.77,40.0,32.0,9.6,271.0,0.0,70.0,0.0,energetic,75.0
27.0,0.87,42.0,38.0,9.3,262.0,0.0,33.0,0.0,calm,73.0
35.5,0.83,47.0,53.0,7.7,66.0,1.0,31.0,0.0,calm,96.0
29.6,0.95,54.0,49.0,5.0,193.0,1.0,84.0,0.0,calm,93.0
32.3,0.73,46.0,48.0,6.9,142.0,1.0,83.0,,calm,92.0
26.3,0.61,51.0,37.0,8.3,75.0,0.0,7.0,1.0,calm,80.0
36.1,0.9,48.0,59.0,6.6,61.0,0.0,33.0,1.0,calm,100.0
8.2,0.74,93.0,60.0,9.1,70.0,0.0,61.0,1.0,energetic,88.0
35.3,0.75,44.0,41.0,6.6,256.0,1.0,6.0,0.0,energetic,89.0
13.8,0.72,48.0,41.0,9.3,62.0,0.0,52.0,0.0,calm,67.0
28.1,0.72,64.0,44.0,7.7,195.0,1.0,14.0,1.0,calm,90.0
15.1,0.58,45.0,40.0,10.0,244.0,0.0,66.0,0.0,energetic,62.0
25.4,0.87,71.0,65.0,6.7,271.0,1.0,13.0,1.0,calm,93.0
33.6,0.89,45.0,54.0,7.4,98.0,0.0,30.0,1.0,energetic,90.0
12.0,0.66,68.0,59.0,6.1,117.0,0.0,83.0,1.0,energetic,76.0
5.3,0.44,65.0,56.0,6.3,99.0,0.0,84.0,1.0,energetic,72.0
34.5,0.69,56.0,46.0,7.4,120.0,0.0,58.0,1.0,calm,87.0
9.2,0.55,61.0,67.0,9.3,156.0,1.0,8.0,0.0,energetic,70.0
15.5,0.62,88.0,47.0,5.6,175.0,1.0,24.0,0.0,energetic,89.0
35.3,0.92,74.0,44.0,9.4,277.0,0.0,12.0,0.0,energetic,100.0
26.5,0.78,70.0,63.0,4.2,119.0,1.0,54.0,0.0,calm,94.0
24.7,0.93,78.0,59.0,8.4,51.0,1.0,36.0,0.0,calm,100.0
32.8,0.97,79.0,62.0,6.7,292.0,0.0,68.0,0.0,calm,98.0
8.9,0.62,67.0,43.0,7.1,295.0,0.0,15.0,0.0,calm,75.0
32.8,1.0,94.0,70.0,8.4,141.0,0.0,74.0,0.0,energetic,100.0
,0.87,59.0,67.0,7.2,186.0,0.0,54.0,0.0,calm,97.0
17.6,0.63,85.0,71.0,6.4,42.0,0.0,49.0,1.0,energetic,94.0
9.1,0.49,46.0,56.0,-1.9997785103982553,88.0,1.0,52.0,1.0,calm,72.0
36.2,1.0,74.0,47.0,9.4,198.0,1.0,46.0,0.0,calm,100.0
13.6,0.69,82.0,51.0,5.8,61.0,1.0,59.0,0.0,calm,84.0
18.9,0.78,80.0,50.0,4.4,83.0,1.0,50.0,0.0,calm,87.0
29.6,0.84,62.0,44.0,6.3,219.0,0.0,84.0,1.0,energetic,87.0
14.6,0.53,45.0,49.0,8.3,125.0,1.0,80.0,1.0,energetic,68.0
24.4,0.59,46.0,59.0,6.1,63.0,0.0,72.0,0.0,calm,80.0
14.8,0.65,84.0,58.0,5.2,53.0,0.0,7.0,1.0,calm,87.0
25.0,0.78,65.0,63.0,9.2,78.0,1.0,44.0,0.0,calm,88.0
14.8,0.73,79.0,65.0,6.9,109.0,1.0,24.0,0.0,calm,83.0
18.0,0.72,86.0,74.0,6.3,94.0,0.0,35.0,0.0,calm,99.0
13.5,0.49,90.0,47.0,9.9,256.0,1.0,14.0,0.0,calm,81.0
6.6,0.7,84.0,52.0,7.6,290.0,1.0,28.0,0.0,calm,79.0
36.8,1.0,45.0,49.0,7.4,229.0,0.0,66.0,1.0,energetic,97.0
19.3,0.72,86.0,110.83492002338673,5.3,255.0,0.0,73.0,0.0,energetic,89.0
11.5,0.69,58.0,39.0,5.7,293.0,0.0,28.0,1.0,calm,72.0
14.9,0.5,86.0,66.0,7.2,200.0,1.0,30.0,0.0,calm,88.0
33.6,0.87,147.94228038566064,64.0,5.5,89.0,1.0,67.0,0.0,energetic,100.0
9.9,,62.0,48.0,7.3,252.0,0.0,45.0,0.0,energetic,74.0
17.6,0.64,55.0,57.0,9.9,264.0,0.0,39.0,1.0,energetic,70.0
25.7,0.82,88.0,60.0,6.5,234.0,1.0,6.0,1.0,energetic,100.0
36.8,0.89,61.0,56.0,7.1,73.0,0.0,42.0,0.0,energetic,100.0
32.5,0.8,82.0,66.0,9.6,178.0,1.0,79.0,1.0,energetic,100.0
20.7,0.76,78.0,61.0,4.5,152.0,1.0,71.0,1.0,calm,94.0
19.1,0.71,45.0,47.0,9.7,235.0,0.0,32.0,1.0,energetic,68.0
12.5,0.64,71.0,58.0,4.7,33.0,0.0,48.0,0.0,calm,81.0
15.3,0.62,86.0,56.0,9.3,,1.0,40.0,0.0,energetic,81.0
11.4,0.6,71.0,47.0,7.2,242.0,1.0,45.0,1.0,calm,75.0
11.9,0.53,66.0,61.0,7.4,79.0,1.0,34.0,1.0,energetic,81.0
6.2,0.61,41.0,52.0,5.5,292.0,1.0,46.0,0.0,calm,57.0
24.4,0.6,94.0,64.0,9.3,117.0,1.0,74.0,1.0,calm,100.0
7.0,0.46,46.0,63.0,7.3,205.0,1.0,18.0,1.0,calm,61.0
19.7,0.92,65.0,62.0,8.0,284.0,0.0,74.0,0.0,calm,87.0
27.3,0.82,42.0,50.0,7.5,244.0,0.0,55.0,0.0,calm,83.0
37.4,0.99,46.0,37.0,4.7,284.0,0.0,54.0,0.0,calm,93.0
16.7,0.88,47.0,52.0,4.6,263.0,1.0,9.0,0.0,energetic,78.0
14.9,0.69,46.0,44.0,5.1,296.0,0.0,80.0,0.0,energetic,67.0
11.3,0.43,92.0,51.0,8.2,262.0,0.0,18.0,1.0,calm,74.0
80.9706544274885,0.66,55.0,58.0,9.3,38.0,1.0,58.0,1.0,calm,78.0
8.8,0.87,52.0,63.0,9.7,94.0,0.0,88.0,0.0,calm,75.0
13.7,0.76,57.0,41.0,5.4,205.0,1.0,86.0,1.0,calm,73.0
6.7,0.36,92.0,67.0,9.9,139.0,0.0,61.0,1.0,energetic,77.0
28.1,0.75,70.0,57.0,4.5,119.0,1.0,88.0,0.0,energetic,97.0
26.1,0.6,79.0,52.0,7.9,213.0,0.0,12.0,1.0,energetic,87.0
-26.139078904163576,0.73,48.0,98.65688975708986,5.6,195.0,1.0,76.0,1.0,energetic,85.0
32.6,0.92,77.0,49.0,8.1,153.0,0.0,83.0,1.0,energetic,100.0
19.8,0.48,63.0,67.0,6.9,74.0,1.0,86.0,0.0,calm,83.0
23.8,0.55,80.0,74.0,6.6,264.0,0.0,44.0,1.0,calm,86.0
12.6,0.75,68.0,57.0,5.2,203.0,0.0,79.0,0.0,calm,77.0
29.9,0.78,90.0,77.0,8.6,209.0,0.0,22.0,0.0,calm,100.0
13.4,0.54,46.0,35.0,6.2,199.0,0.0,34.0,0.0,calm,67.0
31.6,0.99,82.0,48.0,7.6,265.0,1.0,36.0,1.0,calm,100.0
23.4,0.67,95.0,59.0,6.8,39.0,0.0,39.0,0.0,calm,100.0
8.3,0.61,45.0,46.0,4.1,171.0,1.0,51.0,1.0,calm,56.0
7.7,0.54,,63.0,6.4,158.0,0.0,55.0,1.0,,75.0
25.6,0.9,75.0,45.0,5.6,86.0,0.0,28.0,0.0,energetic,98.0
31.7,0.89,84.0,47.0,6.6,287.0,0.0,79.0,0.0,calm,100.0
32.3,0.9,90.0,57.0,7.0,293.0,0.0,35.0,0.0,calm,100.0
29.1,0.87,51.0,41.0,9.2,169.0,1.0,64.0,0.0,calm,88.0
8.4,0.65,84.0,50.0,5.2,255.0,0.0,10.0,0.0,calm,74.0
21.3,0.8,74.0,60.0,6.7,295.0,0.0,56.0,0.0,calm,84.0
37.3,0.72,47.0,36.0,4.8,82.0,0.0,36.0,1.0,calm,88.0
10.3,0.66,54.0,50.0,7.5,158.0,0.0,54.0,0.0,energetic,64.0
35.7,1.0,70.0,56.0,5.8,101.0,0.0,47.0,1.0,calm,100.0
12.1,0.63,71.0,63.0,9.8,112.0,1.0,68.0,1.0,calm,79.0
17.3,0.68,53.0,42.0,7.1,57.0,0.0,79.0,1.0,calm,77.0
21.2,0.8,44.0,58.0,4.3,158.0,0.0,13.0,0.0,calm,76.0
28.1,0.73,44.0,52.0,5.5,34.0,1.0,55.0,1.0,calm,94.0
24.1,0.82,62.0,52.0,7.1,209.0,0.0,37.0,1.0,calm,79.0
26.9,0.74,65.0,60.0,8.3,235.0,1.0,37.0,1.0,calm,89.0
32.1,0.9,89.0,51.0,5.8,247.0,0.0,86.0,0.0,calm,100.0
39.7,0.88,66.0,58.0,8.7,162.0,1.0,19.0,0.0,calm,98.0
28.6,0.64,40.0,57.0,5.8,263.0,0.0,86.0,0.0,calm,78.0
17.2,0.81,81.0,51.0,5.3,241.0,0.0,43.0,0.0,energetic,87.0
5.3,0.66,44.0,50.0,4.2,264.0,1.0,46.0,0.0,calm,60.0
11.3,0.58,83.0,67.0,8.5,164.0,0.0,49.0,1.0,energetic,80.0
13.9,0.85,68.0,60.0,8.7,183.0,0.0,34.0,0.0,energetic,85.0
9.6,0.45,71.0,56.0,9.1,257.0,0.0,28.0,1.0,calm,69.0
9.6,0.66,85.0,71.0,6.5,183.0,1.0,14.0,0.0,energetic,86.0
18.7,0.63,55.0,49.0,8.5,144.0,0.0,63.0,0.0,calm,77.0
23.5,0.85,84.0,56.0,8.9,608.4110142276668,0.0,11.0,1.0,energetic,92.0
18.5,0.87,60.0,65.0,9.1,150.0,0.0,61.0,1.0,energetic,92.0
8.0,0.57,93.0,72.0,7.9,289.0,0.0,48.0,1.0,energetic,80.0
30.1,0.59,47.0,60.0,5.0,203.0,1.0,75.0,0.0,energetic,80.0
10.2,0.81,64.0,55.0,6.1,115.0,0.0,22.0,0.0,calm,80.0
10.5,0.56,82.0,53.0,6.4,30.0,0.0,31.0,0.0,energetic,82.0
22.5,0.64,58.0,47.0,5.5,222.0,1.0,83.0,1.0,calm,82.0
5.2,,67.0,65.0,9.9,148.0,0.0,14.0,1.0,calm,64.0
19.3,0.72,50.0,38.0,6.4,195.0,1.0,14.0,0.0,calm,77.0
8.2,0.6,79.0,53.0,9.2,197.0,1.0,7.0,0.0,energetic,77.0
20.3,0.43,81.0,74.0,8.2,105.0,0.0,87.0,0.0,calm,83.0
10.9,0.68,67.0,57.0,4.5,85.0,1.0,33.0,0.0,energetic,78.0
29.7,0.84,42.0,49.0,6.0,182.0,1.0,84.0,0.0,energetic,86.0
23.0,0.83,68.0,42.0,4.3,72.0,0.0,80.0,0.0,energetic,83.0
32.6,0.88,89.0,48.0,9.1,156.0,0.0,11.0,0.0,calm,100.0
8.6,0.58,51.0,35.0,7.2,31.0,1.0,84.0,0.0,calm,66.0
18.2,0.65,80.0,52.0,8.0,234.0,0.0,75.0,0.0,calm,83.0
11.6,0.44,66.0,47.0,6.3,131.0,1.0,69.0,1.0,calm,69.0
31.2,0.65,85.0,67.0,8.1,162.0,1.0,9.0,0.0,calm,100.0
32.1,0.82,40.0,48.0,5.9,250.0,1.0,83.0,1.0,energetic,88.0
18.8,0.52,71.0,56.0,4.6,107.0,1.0,22.0,1.0,calm,77.0
8.3,0.53,43.0,58.0,9.3,147.0,1.0,14.0,0.0,calm,62.0
18.5,0.58,65.0,64.0,8.9,87.0,1.0,16.0,0.0,calm,86.0
11.9,0.56,95.0,71.0,6.1,170.0,1.0,79.0,0.0,energetic,92.0
21.4,0.75,75.0,66.0,8.2,294.0,1.0,20.0,0.0,calm,92.0
5.1,0.51,60.0,57.0,7.3,220.0,1.0,182.98887125026255,0.0,energetic,71.0
39.3,1.0,60.0,66.0,9.3,149.0,0.0,80.0,0.0,calm,100.0
17.0,0.61,63.0,50.0,5.6,38.0,1.0,63.0,1.0,calm,83.0
15.0,0.67,82.0,54.0,7.8,57.0,0.0,46.0,0.0,calm,83.0
34.9,0.85,84.0,72.0,6.6,183.0,0.0,6.0,0.0,energetic,100.0
38.8,0.78,54.0,37.0,6.7,49.0,1.0,55.0,1.0,energetic,100.0
35.6,0.71,83.0,48.0,5.2,126.0,0.0,6.0,0.0,calm,100.0
6.9,0.61,74.0,66.0,7.8,133.0,1.0,58.0,1.0,energetic,79.0
20.3,0.54,41.0,45.0,6.9,271.0,0.0,20.0,0.0,calm,73.0
38.8,0.72,68.0,41.0,8.7,173.0,1.0,53.0,0.0,calm,98.0
25.9,0.69,56.0,52.0,7.2,138.0,1.0,25.0,1.0,energetic,90.0
31.0,0.8,87.0,71.0,8.1,63.0,1.0,38.0,1.0,calm,100.0
35.5,0.77,-0.09572650979437469,60.0,9.5,185.0,1.0,36.0,1.0,energetic,100.0
22.0,0.62,58.0,65.0,8.2,227.0,0.0,89.0,0.0,calm,81.0
17.4,0.71,93.0,71.0,9.6,159.0,0.0,39.0,1.0,calm,89.0
27.1,0.63,58.0,65.0,8.0,223.0,1.0,27.0,1.0,energetic,83.0
8.4,0.63,68.0,66.0,6.2,173.0,0.0,50.0,1.0,energetic,70.0
39.5,0.88,63.0,49.0,7.8,241.0,1.0,22.0,1.0,energetic,100.0
24.5,0.84,73.0,70.0,6.9,42.0,1.0,55.0,0.0,calm,98.0
29.6,0.86,67.0,44.0,9.6,35.0,0.0,13.0,0.0,calm,98.0
30.0,0.84,94.0,71.0,5.7,155.0,0.0,68.0,0.0,calm,100.0
18.7,0.69,71.0,63.0,6.4,215.0,0.0,23.0,0.0,calm,84.0
23.5,0.57,92.0,72.0,7.6,300.0,0.0,8.0,1.0,energetic,92.0
20.8,0.85,63.0,42.0,9.5,131.0,0.0,44.0,1.0,calm,80.0
13.9,0.53,64.0,47.0,9.3,49.0,0.0,14.0,1.0,calm,78.0
15.0,0.69,73.0,64.0,9.9,171.0,0.0,71.0,1.0,calm,80.0
28.9,0.75,75.0,49.0,6.5,263.0,0.0,73.0,0.0,calm,88.0
11.3,0.63,84.0,53.0,8.9,145.0,1.0,64.0,0.0,energetic,83.0
28.0,0.83,62.0,51.0,7.3,89.0,0.0,69.0,0.0,energetic,91.0
39.7,0.84,55.0,38.0,9.6,142.0,1.0,87.0,0.0,calm,88.0
37.0,1.0,81.0,45.0,6.6,94.0,0.0,47.0,1.0,calm,100.0
21.5,0.66,89.0,77.0,4.4,138.0,0.0,89.0,0.0,energetic,90.0
32.1,0.8,52.0,38.0,5.1,156.0,0.0,75.0,1.0,energetic,83.0
32.9,0.78,44.0,60.0,8.7,255.0,1.0,47.0,0.0,energetic,84.0
15.7,0.66,67.0,43.0,8.0,100.0,0.0,11.0,0.0,energetic,76.0
34.9,0.87,94.0,70.0,5.7,217.0,0.0,63.0,0.0,calm,100.0
32.3,0.74,60.0,48.0,5.8,110.0,0.0,49.0,0.0,calm,92.0
9.2,0.67,70.0,46.0,8.0,47.0,0.0,66.0,0.0,energetic,77.0
38.4,0.93,65.0,49.0,7.8,168.0,0.0,32.0,0.0,calm,100.0
39.2,0.97,60.0,46.0,6.5,72.0,1.0,54.0,1.0,energetic,100.0
16.6,0.68,61.0,62.0,8.9,280.0,1.0,34.0,0.0,energetic,77.0
38.6,1.0,72.0,57.0,6.6,138.0,0.0,40.0,1.0,calm,100.0
10.0,0.5,76.0,65.0,9.4,30.0,0.0,42.0,1.0,energetic,78.0
11.4,0.46,72.0,55.0,5.2,42.0,0.0,82.0,1.0,energetic,74.0
13.4,0.41,86.0,72.0,9.7,292.0,1.0,37.0,1.0,energetic,78.0
5.7,0.66,93.0,61.0,6.3,102.0,1.0,41.0,1.0,energetic,88.0
10.5,0.61,72.0,49.0,8.3,221.0,0.0,40.0,1.0,energetic,75.0
19.9,0.68,52.0,64.0,8.8,243.0,0.0,69.0,0.0,calm,79.0
23.2,0.69,77.0,50.0,4.8,201.0,1.0,80.0,0.0,energetic,86.0
24.7,0.63,43.0,40.0,7.3,46.0,1.0,51.0,0.0,energetic,74.0
21.1,0.86,50.0,54.0,7.3,165.0,1.0,53.0,1.0,calm,87.0
35.9,0.93,64.0,42.0,7.7,87.0,0.0,38.0,1.0,calm,100.0
11.7,0.49,90.0,66.0,7.8,70.0,1.0,61.0,1.0,energetic,95.0
16.1,0.72,89.0,62.0,5.5,145.0,1.0,20.0,0.0,energetic,95.0
35.0,0.86,87.0,52.0,4.4,88.0,0.0,20.0,0.0,calm,100.0
23.0,0.74,91.0,71.0,6.8,262.0,0.0,24.0,0.0,calm,96.0
5.4,0.68,67.0,55.0,8.4,113.0,1.0,50.0,1.0,energetic,75.0
14.4,0.55,69.0,68.0,8.1,30.0,0.0,76.0,0.0,energetic,78.0
15.9,0.73,90.0,75.0,4.8,107.0,0.0,25.0,1.0,energetic,93.0
13.8,0.71,49.0,64.0,7.5,43.0,0.0,17.0,0.0,energetic,80.0
16.9,0.83,87.0,54.0,6.8,145.0,0.0,14.0,0.0,energetic,92.0
11.8,0.54,60.0,41.0,4.7,44.0,1.0,68.0,0.0,energetic,69.0
25.5,0.73,66.0,41.0,5.4,74.0,0.0,22.0,1.0,calm,89.0
27.2,0.66,81.0,71.0,7.2,90.0,0.0,39.0,1.0,energetic,97.0
32.2,0.87,67.0,55.0,9.9,130.0,1.0,84.0,0.0,energetic,100.0
17.6,0.85,92.0,48.0,8.8,270.0,0.0,37.0,1.0,calm,92.0
15.3,0.77,82.0,52.0,4.4,71.0,1.0,48.0,0.0,calm,91.0
25.5,0.63,94.0,57.0,5.7,100.0,0.0,17.0,0.0,calm,95.0
29.7,0.85,93.0,78.0,8.9,175.0,0.0,43.0,0.0,calm,100.0
29.6,0.79,63.0,39.0,6.9,271.0,1.0,83.0,0.0,calm,92.0
22.0,0.61,94.0,66.0,9.5,231.0,1.0,16.0,0.0,calm,98.0
28.0,0.73,44.0,33.0,5.0,184.0,0.0,38.0,0.0,calm,77.0
31.1,1.0,78.0,60.0,8.6,283.0,0.0,70.0,0.0,calm,100.0
34.2,0.94,72.0,52.0,5.8,232.0,1.0,7.0,1.0,energetic,100.0
8.2,0.47,61.0,52.0,6.5,199.0,0.0,79.0,1.0,energetic,68.0
29.9,0.9,72.0,57.0,8.5,185.0,1.0,58.0,0.0,energetic,100.0
12.4,0.61,86.0,46.0,8.1,234.0,1.0,34.0,0.0,calm,82.0
12.5,0.7,88.0,52.0,7.4,282.0,1.0,24.0,0.0,energetic,90.0
31.3,0.72,80.0,59.0,6.4,278.0,0.0,33.0,1.0,calm,95.0
18.9,0.62,83.0,74.0,4.2,117.0,0.0,59.0,1.0,calm,96.0
15.8,0.43,89.0,69.0,4.1,275.0,0.0,36.0,1.0,calm,75.0
29.9,0.86,71.0,51.0,9.5,184.0,1.0,26.0,1.0,energetic,94.0
28.8,0.82,85.0,66.0,4.2,35.0,0.0,73.0,0.0,calm,100.0
35.6,0.75,90.0,66.0,5.9,131.0,0.0,34.0,0.0,calm,100.0
25.7,0.75,45.0,62.0,9.5,292.0,0.0,19.0,1.0,energetic,77.0
29.0,0.83,62.0,61.0,5.7,117.0,1.0,15.0,1.0,calm,100.0
19.7,0.62,65.0,40.0,7.9,196.0,1.0,27.0,0.0,energetic,83.0
24.8,0.74,93.0,53.0,5.8,180.0,0.0,90.0,1.0,calm,94.0
15.5,0.66,55.0,43.0,8.0,206.0,0.0,50.0,1.0,energetic,74.0
5.9,0.53,87.0,75.0,9.9,132.0,0.0,62.0,0.0,energetic,76.0
27.4,0.76,65.0,63.0,9.2,131.0,1.0,42.0,0.0,calm,92.0
25.5,0.78,58.0,42.0,8.7,155.0,1.0,50.0,0.0,energetic,86.0
14.7,0.64,84.0,72.0,7.8,264.0,0.0,51.0,1.0,energetic,87.0
39.8,0.93,79.0,58.0,9.2,37.0,0.0,82.0,1.0,energetic,100.0
15.6,0.87,63.0,48.0,8.6,212.0,1.0,32.0,1.0,energetic,84.0
28.3,0.77,85.0,72.0,9.0,155.0,1.0,71.0,1.0,calm,100.0
8.1,0.55,68.0,50.0,4.2,216.0,1.0,9.0,0.0,energetic,65.0
30.5,0.71,67.0,48.0,5.7,206.0,0.0,46.0,0.0,energetic,91.0
27.6,0.94,55.0,62.0,4.9,182.0,1.0,88.0,1.0,energetic,93.0
10.5,0.58,82.0,54.0,6.7,272.0,1.0,18.0,1.0,calm,79.0
33.3,0.96,42.0,41.0,7.4,230.0,1.0,24.0,0.0,calm,91.0
13.9,0.71,47.0,45.0,9.3,110.0,0.0,35.0,0.0,calm,72.0
30.2,0.77,94.0,62.0,9.7,249.0,0.0,60.0,1.0,calm,100.0
30.5,0.67,44.0,42.0,9.5,203.0,1.0,45.0,1.0,calm,86.0
17.9,0.67,91.0,57.0,9.3,47.0,1.0,54.0,1.0,energetic,96.0
22.5,0.7,77.0,60.0,4.1,187.0,0.0,20.0,0.0,energetic,88.0
8.1,0.72,70.0,60.0,4.5,178.0,0.0,48.0,0.0,energetic,72.0
32.1,0.64,42.0,45.0,6.5,88.0,0.0,16.0,0.0,calm,81.0
36.3,0.76,56.0,58.0,5.0,148.0,1.0,16.0,0.0,energetic,89.0
28.0,0.67,48.0,58.0,4.7,259.0,1.0,80.0,0.0,calm,83.0
28.8,0.79,87.0,72.0,4.4,272.0,0.0,12.0,1.0,energetic,100.0
26.8,0.72,59.0,57.0,7.0,79.0,0.0,58.0,1.0,calm,89.0
20.8,0.76,75.0,50.0,9.9,88.0,0.0,62.0,0.0,energetic,86.0
7.0,0.75,54.0,38.0,9.5,120.0,0.0,25.0,0.0,calm,65.0
19.2,0.82,77.0,53.0,7.2,241.0,0.0,28.0,0.0,energetic,88.0
26.1,0.59,57.0,46.0,4.8,268.0,0.0,15.0,0.0,energetic,74.0
22.8,0.68,92.0,77.0,6.5,83.0,1.0,71.0,0.0,calm,100.0
11.1,0.59,89.0,58.0,9.2,193.0,1.0,-99.13670908726965,1.0,energetic,82.0
16.4,0.76,81.0,70.0,9.8,146.0,0.0,56.0,0.0,calm,91.0
23.9,0.63,48.0,37.0,6.7,235.0,1.0,80.0,1.0,calm,79.0
9.6,-0.02955131958926427,42.0,33.0,7.5,263.0,0.0,32.0,0.0,energetic,53.0
26.2,0.75,52.0,40.0,6.6,226.0,1.0,11.0,1.0,energetic,87.0
36.1,0.86,79.0,46.0,9.9,299.0,1.0,87.0,0.0,energetic,100.0
18.1,0.62,63.0,52.0,4.8,61.0,0.0,67.0,0.0,calm,80.0
24.3,0.8,76.0,70.0,7.8,201.0,1.0,36.0,1.0,energetic,100.0
29.1,0.61,61.0,48.0,7.3,234.0,0.0,12.0,0.0,calm,82.0
34.0,0.81,61.0,60.0,9.4,82.0,0.0,9.0,0.0,calm,97.0
39.2,0.98,76.0,64.0,5.8,138.0,1.0,64.0,0.0,energetic,100.0
27.0,0.61,81.0,71.0,4.6,283.0,0.0,11.0,1.0,energetic,89.0
26.5,0.81,60.0,48.0,6.8,139.0,0.0,53.0,1.0,energetic,92.0
16.6,0.62,66.0,46.0,8.9,114.0,0.0,81.0,0.0,energetic,75.0
16.8,0.63,61.0,63.0,6.3,207.0,1.0,89.0,1.0,energetic,79.0
17.7,0.81,147.164680840804,60.0,5.1,252.0,0.0,45.0,1.0,calm,85.0
28.7,0.99,79.0,60.0,4.4,113.0,0.0,13.0,0.0,calm,100.0
20.5,0.72,83.0,73.0,4.0,75.0,1.0,66.0,0.0,calm,96.0
27.0,0.8,49.0,49.0,8.4,249.0,1.0,32.0,0.0,energetic,83.0
24.7,0.78,45.0,34.0,6.0,297.0,1.0,75.0,1.0,energetic,81.0
23.0,0.53,86.0,54.0,4.8,114.0,0.0,42.0,0.0,energetic,88.0
32.0,0.88,94.0,51.0,6.7,216.0,1.0,19.0,1.0,calm,100.0
11.6,0.65,85.0,59.0,9.1,281.0,0.0,82.0,0.0,calm,77.0
30.0,0.74,46.0,58.0,7.4,207.0,0.0,29.0,0.0,calm,85.0
5.5,0.12514558365943118,55.0,51.0,7.8,242.0,1.0,57.0,0.0,energetic,64.0
12.9,0.53,47.0,57.0,4.2,149.0,0.0,64.0,0.0,calm,65.0
27.3,0.94,59.0,41.0,6.3,184.0,1.0,56.0,1.0,calm,90.0
27.2,0.75,65.0,46.0,6.2,31.0,0.0,31.0,0.0,calm,92.0
12.3,0.64,61.0,50.0,5.8,63.0,0.0,53.0,0.0,energetic,81.0
36.7,0.86,55.0,62.0,9.4,236.0,0.0,15.0,1.0,energetic,90.0
27.5,0.82,51.0,64.0,5.6,239.0,1.0,86.0,1.0,calm,90.0
9.8,0.7,51.0,65.0,4.2,220.0,1.0,62.0,0.0,calm,72.0
34.1,0.83,94.0,73.0,7.8,97.0,0.0,7.0,0.0,energetic,100.0
27.1,0.53,56.0,55.0,5.7,88.0,1.0,16.0,1.0,calm,82.0
27.3,0.65,84.0,67.0,5.1,103.0,0.0,57.0,1.0,energetic,100.0
15.0,0.67,44.0,54.0,8.5,122.0,0.0,29.0,0.0,energetic,72.0
18.7,0.67,41.0,58.0,9.3,294.0,0.0,44.0,1.0,calm,68.0
18.1,0.92,78.0,69.0,7.6,235.0,1.0,10.0,0.0,energetic,92.0
18.6,0.53,51.0,39.0,9.9,119.0,0.0,64.0,0.0,calm,69.0
7.5,0.49,76.0,57.0,4.7,230.0,1.0,49.0,0.0,energetic,75.0
22.4,0.72,45.0,42.0,9.4,77.0,1.0,46.0,0.0,calm,80.0
14.7,0.58,70.0,68.0,9.9,220.0,1.0,82.0,0.0,energetic,81.0
9.5,0.87,71.0,63.0,5.1,265.0,0.0,43.0,0.0,calm,79.0
26.4,0.74,65.0,59.0,9.1,245.0,0.0,11.0,1.0,calm,83.0
31.1,0.73,83.0,48.0,9.7,282.0,1.0,73.0,0.0,energetic,94.0
8.0,0.59,60.0,56.0,10.0,182.0,0.0,87.0,1.0,calm,59.0
20.2,0.55,47.0,50.0,6.7,268.0,1.0,59.0,1.0,,73.0
5.9,0.52,43.0,45.0,8.2,182.0,1.0,65.0,1.0,calm,63.0
7.5,0.38,71.0,71.0,6.6,272.0,0.0,19.0,0.0,calm,68.0
32.2,0.89,93.0,55.0,4.1,273.0,1.0,79.0,0.0,energetic,100.0
5.1,0.33,60.0,53.0,7.0,292.0,1.0,70.0,0.0,energetic,67.0
28.0,0.81,57.0,53.0,9.6,225.0,1.0,48.0,0.0,calm,86.0
22.8,0.76,85.0,51.0,4.4,72.0,1.0,50.0,0.0,energetic,95.0
21.4,0.7,,33.0,9.5,268.0,1.0,50.0,0.0,calm,68.0
20.0,0.73,48.0,44.0,6.2,163.0,1.0,83.0,0.0,calm,76.0
36.1,1.0,59.0,38.0,7.1,104.0,1.0,44.0,0.0,energetic,100.0
39.3,0.89,74.0,67.0,9.9,200.0,1.0,66.0,0.0,energetic,100.0
33.3,0.85,41.0,55.0,9.3,178.0,0.0,71.0,1.0,calm,84.0
31.4,0.72,92.0,73.0,7.7,82.0,1.0,39.0,0.0,energetic,100.0
6.1,0.54,82.0,73.0,5.5,93.0,0.0,28.0,0.0,calm,78.0
7.1,0.56,74.0,63.0,4.2,240.0,1.0,16.0,1.0,calm,71.0
34.6,0.85,52.0,47.0,6.1,128.0,1.0,89.0,0.0,energetic,96.0
20.6,0.56,94.0,71.0,9.2,198.0,1.0,68.0,1.0,calm,95.0
22.9,0.66,65.0,46.0,9.4,225.0,0.0,54.0,1.0,energetic,73.0
12.8,0.55,78.0,48.0,6.3,247.0,1.0,41.0,1.0,calm,82.0
33.0,0.72,,38.0,6.1,107.0,1.0,24.0,1.0,calm,87.0
31.7,0.81,81.0,73.0,6.0,146.0,0.0,29.0,0.0,calm,100.0
37.4,0.89,72.0,64.0,7.8,128.0,1.0,22.0,1.0,energetic,100.0
18.6,0.59,66.0,58.0,6.8,97.0,0.0,68.0,0.0,energetic,81.0
13.3,0.69,69.0,68.0,7.5,235.0,1.0,75.0,1.0,energetic,84.0
35.6,0.94,94.0,57.0,5.1,212.0,1.0,57.0,1.0,calm,100.0
18.7,0.78,42.0,36.0,9.6,217.0,0.0,40.0,1.0,calm,63.0
12.6,0.64,82.0,56.0,7.0,112.0,1.0,74.0,0.0,calm,88.0
11.7,0.6,74.0,45.0,6.7,239.0,0.0,40.0,0.0,energetic,78.0
24.6,0.86,62.0,53.0,5.8,236.0,0.0,27.0,1.0,energetic,90.0
6.6,0.58,43.0,44.0,8.3,257.0,0.0,14.0,0.0,calm,59.0
10.4,0.68,42.0,34.0,5.6,68.0,0.0,62.0,1.0,energetic,62.0
5.3,0.47,79.0,49.0,4.8,149.0,1.0,53.0,1.0,calm,76.0
22.4,0.75,70.0,56.0,6.1,223.0,0.0,38.0,0.0,energetic,84.0
9.2,0.62,71.0,49.0,9.8,274.0,0.0,35.0,0.0,energetic,73.0
38.3,0.91,72.0,51.0,7.1,152.0,0.0,62.0,0.0,energetic,100.0
33.5,0.88,64.0,54.0,6.6,91.0,0.0,35.0,1.0,energetic,93.0
6.6,0.47,90.0,62.0,6.3,221.0,1.0,75.0,0.0,energetic,85.0
28.8,0.68,93.0,74.0,10.0,59.0,1.0,27.0,0.0,calm,100.0
13.3,0.61,65.0,63.0,9.7,277.0,1.0,80.0,1.0,calm,76.0
36.8,1.0,57.0,59.0,6.0,256.0,1.0,77.0,1.0,calm,100.0
38.8,0.92,48.0,42.0,4.8,230.0,1.0,25.0,1.0,calm,99.0
22.8,0.76,95.0,69.0,7.7,225.0,1.0,67.0,1.0,energetic,99.0
33.6,0.78,77.0,57.0,6.3,171.0,0.0,68.0,0.0,energetic,100.0
15.3,0.76,51.0,62.0,5.6,183.0,1.0,68.0,1.0,calm,77.0
15.4,0.44,52.0,58.0,5.2,198.0,0.0,56.0,0.0,energetic,76.0
6.4,0.6,64.0,60.0,9.2,166.0,0.0,49.0,0.0,energetic,70.0
38.0,1.0,54.0,45.0,6.0,99.0,0.0,52.0,0.0,calm,100.0
9.3,0.46,75.0,64.0,9.7,276.0,0.0,79.0,0.0,calm,73.0
8.6,0.73,67.0,54.0,9.8,119.0,0.0,66.0,1.0,calm,75.0
20.6,1.0,80.0,58.0,5.1,119.0,0.0,67.0,0.0,energetic,100.0
21.5,0.92,94.0,62.0,9.0,250.0,1.0,19.0,1.0,calm,98.0
38.8,0.95,52.0,50.0,9.3,243.0,0.0,11.0,1.0,energetic,97.0
38.3,0.67,91.0,50.0,4.7,48.0,0.0,15.0,0.0,calm,100.0
27.9,0.74,55.0,44.0,10.0,124.0,1.0,26.0,0.0,energetic,83.0
5.0,0.48,68.0,49.0,8.5,197.0,0.0,78.0,0.0,energetic,63.0
10.2,0.5,75.0,61.0,7.0,234.0,0.0,19.0,1.0,energetic,69.0
15.9,0.58,86.0,58.0,7.5,72.0,1.0,67.0,0.0,energetic,94.0
9.0,0.51,71.0,52.0,6.5,248.0,0.0,67.0,1.0,calm,65.0
31.5,0.83,62.0,63.0,5.9,,1.0,33.0,0.0,calm,100.0
33.5,1.0,45.0,39.0,9.4,154.0,1.0,9.0,1.0,energetic,96.0
11.9,0.71,70.0,51.0,7.8,98.0,1.0,84.0,0.0,energetic,85.0
22.4,0.82,71.0,46.0,4.1,32.0,0.0,63.0,1.0,energetic,92.0
27.2,0.86,75.0,66.0,5.5,209.0,0.0,70.0,1.0,calm,100.0
12.8,0.6,86.0,63.0,7.8,145.0,0.0,38.0,0.0,calm,83.0
33.4,0.7,57.0,57.0,9.0,45.0,1.0,74.0,0.0,energetic,98.0
13.0,0.72,44.0,55.0,6.6,93.0,0.0,29.0,1.0,calm,76.0
20.0,0.73,87.0,47.0,5.2,91.0,0.0,84.0,0.0,calm,95.0
27.4,0.71,58.0,47.0,6.2,84.0,0.0,25.0,0.0,energetic,90.0
,0.85,85.0,52.0,7.2,175.0,0.0,23.0,0.0,energetic,100.0
80.68592006346684,0.75,41.0,43.0,8.4,133.0,1.0,65.0,0.0,energetic,89.0
11.4,0.61,54.0,54.0,4.8,293.0,0.0,43.0,1.0,energetic,63.0
14.1,0.6,92.0,68.0,8.1,83.0,1.0,27.0,0.0,calm,92.0
29.0,0.82,82.0,67.0,5.1,48.0,0.0,6.0,1.0,energetic,100.0
14.5,0.65,78.0,73.0,9.3,41.0,1.0,23.0,1.0,energetic,92.0
30.3,0.84,45.0,49.0,7.0,122.0,0.0,64.0,0.0,energetic,88.0
5.1,0.7,89.0,62.0,8.1,248.0,0.0,40.0,0.0,energetic,82.0
28.7,0.83,77.0,61.0,6.2,151.0,0.0,46.0,1.0,calm,100.0
38.7,0.94,93.0,51.0,9.7,101.0,1.0,90.0,1.0,calm,100.0
26.7,0.69,59.0,67.0,4.8,198.0,1.0,73.0,0.0,calm,87.0
6.7,0.7,57.0,62.0,7.2,280.0,0.0,23.0,0.0,calm,73.0
-26.298823497436945,,69.0,62.0,7.2,279.0,0.0,51.0,0.0,calm,100.0
20.5,0.81,63.0,47.0,4.6,107.0,0.0,21.0,1.0,calm,82.0
16.8,0.6,80.0,46.0,7.7,38.0,0.0,73.0,1.0,calm,86.0
35.5,0.73,49.0,38.0,5.7,189.0,1.0,88.0,0.0,energetic,92.0
17.5,0.61,73.0,43.0,4.6,250.0,0.0,89.0,1.0,calm,74.0
30.1,0.65,79.0,52.0,8.7,175.0,1.0,18.0,1.0,calm,97.0
21.0,0.81,71.0,53.0,7.2,81.0,0.0,74.0,,calm,92.0
9.8,0.71,42.0,49.0,5.7,232.0,1.0,57.0,0.0,energetic,64.0
24.3,0.72,77.0,53.0,9.5,155.0,0.0,62.0,0.0,calm,90.0
18.5,0.59,67.0,49.0,8.8,175.0,1.0,49.0,1.0,energetic,80.0
39.5,0.75,48.0,58.0,7.0,287.0,0.0,85.0,1.0,energetic,98.0
31.3,0.9,78.0,71.0,4.3,265.0,1.0,35.0,0.0,energetic,100.0
6.0,0.68,55.0,52.0,5.9,141.0,0.0,65.0,0.0,calm,67.0
29.5,0.8,64.0,63.0,9.9,164.0,1.0,72.0,0.0,energetic,95.0
16.7,0.82,65.0,51.0,4.0,85.0,1.0,81.0,1.0,calm,87.0
12.7,0.54,42.0,54.0,6.1,223.0,0.0,66.0,0.0,energetic,68.0
6.6,0.72,77.0,64.0,4.2,215.0,0.0,31.0,0.0,energetic,80.0
20.8,0.65,78.0,44.0,6.1,210.0,0.0,36.0,0.0,calm,83.0
17.1,0.69,78.0,65.0,7.2,41.0,0.0,20.0,1.0,calm,93.0
8.9,0.56,62.0,49.0,4.7,285.0,1.0,63.0,0.0,energetic,69.0
21.5,0.77,78.0,59.0,8.9,276.0,0.0,6.0,1.0,energetic,86.0
24.4,0.73,44.0,41.0,8.7,98.0,0.0,33.0,1.0,calm,73.0
26.3,0.67,66.0,68.0,5.0,184.0,1.0,53.0,1.0,energetic,89.0
12.0,0.83,42.0,52.0,8.1,237.0,1.0,23.0,0.0,energetic,77.0
9.1,0.48,52.0,55.0,5.8,293.0,1.0,53.0,1.0,energetic,65.0
13.4,0.5,87.0,76.0,5.0,213.0,1.0,69.0,0.0,energetic,80.0
10.0,0.58,46.0,53.0,8.3,294.0,0.0,78.0,,calm,61.0
16.0,0.75,141.1342848833033,62.0,5.2,239.0,1.0,40.0,0.0,calm,94.0
38.9,0.84,78.0,64.0,9.1,192.0,1.0,43.0,0.0,calm,100.0
25.7,0.57,49.0,65.0,7.5,135.0,0.0,59.0,1.0,energetic,81.0
39.3,0.83,164.57789057932996,69.0,8.6,141.0,1.0,66.0,1.0,calm,100.0
6.8,0.49,94.0,50.0,5.8,118.0,0.0,18.0,1.0,energetic,79.0
6.1,0.57,88.0,49.0,5.8,238.0,1.0,81.0,0.0,calm,80.0
24.1,0.9,55.0,53.0,7.5,224.0,1.0,6.0,1.0,calm,87.0
35.9,0.84,75.0,73.0,6.5,298.0,1.0,88.0,1.0,energetic,100.0
23.4,0.61,58.0,54.0,6.8,189.0,1.0,88.0,1.0,energetic,85.0
10.6,0.61,45.0,60.0,6.4,208.0,1.0,89.0,0.0,calm,68.0
7.4,0.51,53.0,50.0,4.5,158.0,1.0,76.0,1.0,calm,61.0
18.7,0.75,46.0,54.0,8.0,185.0,1.0,55.0,0.0,calm,79.0
15.0,0.51,52.0,42.0,8.1,289.0,0.0,17.0,0.0,calm,65.0
28.4,0.78,66.0,43.0,4.9,39.0,1.0,86.0,0.0,calm,87.0
11.2,0.78,85.0,67.0,9.1,77.0,0.0,12.0,1.0,calm,96.0
31.3,0.85,48.0,51.0,8.5,226.0,1.0,9.0,1.0,energetic,87.0
39.2,0.82,65.0,59.0,6.5,200.0,1.0,5.0,1.0,energetic,100.0
9.5,0.57,48.0,59.0,5.4,271.0,1.0,54.0,1.0,calm,65.0
28.9,0.8,51.0,38.0,9.6,215.0,0.0,53.0,1.0,calm,80.0
24.2,0.66,45.0,40.0,8.3,204.0,0.0,89.0,0.0,energetic,77.0
37.4,0.84,54.0,57.0,7.2,135.0,1.0,58.0,1.0,calm,96.0
10.6,0.59,68.0,47.0,8.8,88.0,1.0,50.0,0.0,energetic,77.0
10.5,0.74,51.0,63.0,7.7,49.0,1.0,89.0,1.0,calm,81.0
13.9,0.81,60.0,57.0,6.8,183.0,0.0,27.0,0.0,calm,83.0
10.4,0.53,-12.266080318763358,55.0,6.6,48.0,1.0,27.0,1.0,energetic,86.0
7.5,0.67,85.0,50.0,8.3,68.0,1.0,29.0,0.0,energetic,84.0
14.2,0.67,70.0,68.0,7.0,76.0,1.0,87.0,0.0,calm,84.0
19.2,0.86,41.0,38.0,9.2,166.0,1.0,53.0,0.0,energetic,75.0
25.8,0.7,60.0,43.0,4.2,133.0,1.0,7.0,1.0,energetic,86.0
23.8,0.78,45.0,35.0,4.3,150.0,0.0,78.0,1.0,calm,74.0
13.5,0.76,87.0,52.0,4.5,230.0,0.0,24.0,1.0,calm,85.0
24.9,0.71,89.0,70.0,5.3,129.0,0.0,87.0,1.0,calm,99.0
24.2,0.64,59.0,43.0,8.5,118.0,0.0,86.0,1.0,energetic,80.0
33.8,0.87,40.0,40.0,7.8,60.0,1.0,81.0,1.0,calm,97.0
6.8,0.6,82.0,66.0,4.4,147.0,1.0,52.0,0.0,calm,83.0
31.3,0.98,67.0,57.0,8.8,221.0,0.0,60.0,0.0,energetic,99.0
39.7,0.96,70.0,68.0,9.7,133.0,0.0,22.0,1.0,calm,100.0
37.2,0.93,87.0,57.0,9.8,192.0,1.0,46.0,1.0,calm,100.0
38.2,0.91,50.0,45.0,8.4,110.0,1.0,83.0,0.0,calm,98.0
23.9,0.77,86.0,46.0,8.6,114.0,0.0,15.0,1.0,calm,92.0
25.7,0.82,50.0,50.0,8.7,286.0,1.0,59.0,0.0,calm,81.0
36.8,0.78,59.0,39.0,8.8,108.0,0.0,67.0,1.0,energetic,92.0
10.8,0.54,77.0,60.0,5.2,179.0,1.0,34.0,0.0,calm,81.0
22.4,0.43,50.0,45.0,6.1,69.0,0.0,77.0,0.0,energetic,72.0
19.8,0.53,,71.0,4.2,61.0,1.0,83.0,0.0,calm,95.0
35.8,0.83,47.0,40.0,6.4,243.0,0.0,38.0,0.0,energetic,88.0
16.0,0.64,50.0,62.0,4.3,58.0,1.0,13.0,0.0,energetic,77.0
31.7,0.82,63.0,48.0,4.7,242.0,0.0,5.0,0.0,calm,93.0
33.7,0.83,,60.0,9.5,173.0,0.0,65.0,0.0,calm,100.0
15.1,0.68,50.0,62.0,4.2,207.0,0.0,56.0,0.0,energetic,72.0
20.5,0.76,71.0,55.0,5.2,277.0,0.0,89.0,0.0,calm,85.0
7.1,0.48,85.0,62.0,4.9,151.0,1.0,45.0,0.0,calm,79.0
13.3,0.65,68.0,41.0,8.6,34.0,1.0,11.0,1.0,energetic,81.0
7.1,0.52,70.0,57.0,4.7,252.0,1.0,22.0,0.0,,68.0
25.5,0.61,65.0,43.0,8.1,155.0,0.0,67.0,0.0,calm,89.0
12.7,0.54,60.0,65.0,8.0,217.0,0.0,86.0,1.0,calm,71.0
30.8,0.86,70.0,61.0,8.3,116.0,1.0,86.0,1.0,energetic,100.0
35.8,0.67,76.0,44.0,9.1,253.0,0.0,27.0,0.0,energetic,92.0
28.0,0.66,67.0,58.0,5.3,55.0,1.0,10.0,1.0,energetic,96.0
36.6,0.86,66.0,68.0,4.1,259.0,0.0,64.0,0.0,energetic,100.0
12.7,0.53,43.0,51.0,5.3,255.0,1.0,69.0,1.0,calm,60.0
11.0,0.51,85.0,46.0,9.7,62.0,1.0,16.0,1.0,energetic,83.0
39.8,0.92,94.0,53.0,9.9,620.184457303612,0.0,66.0,0.0,energetic,100.0
24.6,0.67,57.0,99.21271952493848,8.8,48.0,0.0,22.0,0.0,calm,88.0
37.0,0.78,52.0,53.0,9.2,217.0,0.0,78.0,0.0,energetic,92.0
13.3,0.59,76.0,72.0,4.6,156.0,1.0,61.0,1.0,energetic,79.0
28.4,0.88,94.0,55.0,4.6,158.0,0.0,56.0,0.0,energetic,100.0
23.5,0.76,90.0,,5.9,236.0,0.0,62.0,1.0,calm,100.0
23.8,0.9,53.0,57.0,8.7,242.0,1.0,76.0,1.0,energetic,89.0
38.3,0.83,64.0,51.0,6.5,213.0,1.0,52.0,0.0,energetic,100.0
39.4,0.82,88.0,57.0,8.4,169.0,1.0,45.0,0.0,calm,100.0
29.7,0.93,88.0,63.0,9.5,119.0,0.0,37.0,0.0,calm,100.0
8.1,0.64,46.0,59.0,9.2,61.0,1.0,44.0,1.0,energetic,71.0
8.7,0.49,43.0,45.0,4.5,59.0,1.0,80.0,0.0,energetic,63.0
20.9,0.67,63.0,44.0,4.8,199.0,1.0,70.0,1.0,calm,72.0
26.3,0.73,87.0,56.0,4.1,80.0,0.0,14.0,0.0,calm,94.0
32.8,0.9,84.0,69.0,5.1,264.0,1.0,19.0,0.0,calm,100.0
8.2,0.69,42.0,54.0,5.8,67.0,1.0,24.0,0.0,calm,67.0
30.9,0.88,42.0,44.0,6.8,75.0,1.0,77.0,0.0,calm,86.0
14.5,0.65,41.0,49.0,7.1,142.0,0.0,20.0,1.0,energetic,67.0
8.5,0.48,73.0,52.0,5.1,285.0,1.0,29.0,0.0,calm,71.0
31.9,0.79,85.0,62.0,8.6,243.0,0.0,17.0,0.0,calm,100.0
31.2,0.9,67.0,61.0,7.3,216.0,1.0,11.0,0.0,energetic,100.0
26.0,0.68,66.0,63.0,6.9,164.0,0.0,19.0,0.0,calm,92.0
25.8,0.87,77.0,45.0,7.8,135.0,1.0,87.0,1.0,calm,100.0
25.3,0.61,81.0,58.0,-2.230142063384185,169.0,0.0,32.0,1.0,calm,92.0
32.5,0.82,81.0,66.0,7.0,162.0,0.0,43.0,0.0,energetic,100.0
15.8,0.6,76.0,64.0,6.4,244.0,0.0,,0.0,calm,78.0
22.6,0.81,61.0,59.0,5.9,228.0,0.0,32.0,0.0,energetic,86.0
37.1,0.92,63.0,59.0,8.1,114.0,0.0,78.0,1.0,calm,100.0
24.0,0.72,62.0,43.0,6.6,109.0,1.0,64.0,1.0,calm,85.0
38.1,0.92,64.0,52.0,7.2,93.0,0.0,28.0,1.0,calm,100.0
28.0,0.91,50.0,110.04942482292616,5.7,68.0,1.0,36.0,1.0,calm,94.0
22.5,0.64,70.0,44.0,9.9,141.0,0.0,34.0,0.0,calm,84.0
10.7,0.73,81.0,68.0,5.4,87.0,0.0,66.0,0.0,energetic,83.0
5.8,0.5,93.0,54.0,9.8,122.0,1.0,19.0,0.0,calm,82.0
5.4,0.46,45.0,52.0,4.4,229.0,0.0,77.0,0.0,energetic,55.0
39.4,1.0,60.0,60.0,8.3,87.0,0.0,74.0,1.0,energetic,100.0
18.6,0.58,47.0,42.0,5.1,212.0,1.0,27.0,0.0,calm,70.0
24.0,0.05371362139089253,41.0,49.0,5.8,246.0,1.0,88.0,0.0,calm,79.0
24.4,0.76,55.0,53.0,6.0,46.0,1.0,56.0,0.0,energetic,89.0
38.7,0.73,94.0,55.0,7.6,50.0,0.0,15.0,0.0,calm,100.0
9.8,0.44,58.0,45.0,4.7,96.0,1.0,23.0,0.0,calm,71.0
18.4,0.76,90.0,65.0,4.7,274.0,1.0,88.0,0.0,calm,94.0
25.0,0.62,54.0,64.0,4.2,140.0,1.0,44.0,0.0,calm,83.0
11.5,0.6,73.0,42.0,5.5,150.0,1.0,89.0,0.0,calm,73.0
14.5,0.58,77.0,55.0,8.1,110.0,1.0,85.0,0.0,calm,78.0
15.8,0.73,66.0,61.0,4.1,41.0,0.0,55.0,0.0,calm,77.0
12.5,0.64,77.0,60.0,9.5,223.0,1.0,68.0,1.0,calm,83.0
35.3,0.87,47.0,42.0,5.7,59.0,0.0,80.0,0.0,energetic,96.0
37.4,0.77,67.0,45.0,8.8,157.0,1.0,71.0,1.0,calm,99.0
38.7,1.0,79.0,52.0,4.1,176.0,1.0,43.0,0.0,calm,100.0
39.8,0.73,63.0,61.0,9.4,63.0,0.0,52.0,0.0,calm,100.0
23.0,0.61,74.0,70.0,4.3,263.0,0.0,71.0,0.0,calm,89.0
10.3,0.79,84.0,61.0,4.4,140.0,0.0,23.0,0.0,calm,85.0
33.7,0.68,48.0,55.0,5.6,174.0,1.0,33.0,1.0,calm,89.0
5.4,0.6,70.0,57.0,5.9,158.0,1.0,86.0,0.0,energetic,73.0
6.0,0.59,94.0,73.0,6.5,214.0,1.0,42.0,0.0,energetic,89.0
16.6,0.71,65.0,68.0,6.6,204.0,1.0,38.0,1.0,calm,84.0
22.9,0.85,80.0,61.0,8.8,42.0,1.0,30.0,1.0,calm,100.0
12.3,0.92,65.0,62.0,9.3,164.0,1.0,7.0,0.0,calm,87.0
22.9,0.58,66.0,59.0,5.8,240.0,1.0,72.0,0.0,energetic,85.0
21.8,0.82,47.0,47.0,6.2,208.0,0.0,60.0,0.0,calm,78.0
10.2,0.46,86.0,52.0,6.3,283.0,1.0,27.0,1.0,energetic,75.0
30.3,0.83,90.0,53.0,7.1,193.0,0.0,6.0,1.0,calm,98.0
14.7,0.4,42.0,33.0,6.7,203.0,0.0,42.0,1.0,energetic,65.0
18.6,0.74,47.0,41.0,8.2,168.0,0.0,25.0,0.0,calm,71.0
21.8,0.7,69.0,55.0,9.0,95.0,1.0,83.0,0.0,calm,85.0
18.9,0.74,94.0,74.0,4.7,59.0,0.0,67.0,1.0,energetic,100.0
14.4,0.53,67.0,68.0,7.1,71.0,0.0,27.0,0.0,calm,79.0
5.6,0.46,72.0,62.0,4.4,206.0,0.0,64.0,1.0,energetic,64.0
14.5,0.58,78.0,58.0,6.6,111.0,1.0,76.0,1.0,calm,86.0
22.2,0.98,72.0,51.0,9.1,142.0,1.0,81.0,1.0,energetic,90.0
18.4,0.92,83.0,54.0,8.2,266.0,1.0,77.0,0.0,energetic,94.0
22.8,0.66,89.0,48.0,9.0,49.0,1.0,33.0,1.0,calm,96.0
13.9,0.47,64.0,48.0,9.5,255.0,0.0,32.0,0.0,calm,66.0
13.4,0.45,57.0,43.0,9.9,194.0,0.0,21.0,1.0,energetic,59.0
10.7,0.79,75.0,58.0,7.0,300.0,1.0,10.0,0.0,calm,81.0
10.7,0.64,60.0,58.0,9.0,279.0,1.0,72.0,1.0,energetic,72.0
13.5,0.67,80.0,66.0,7.1,262.0,1.0,71.0,0.0,energetic,83.0
23.0,0.62,88.0,57.0,4.3,162.0,0.0,57.0,0.0,energetic,83.0
36.2,0.91,48.0,39.0,5.6,238.0,0.0,29.0,0.0,energetic,90.0
13.6,0.67,59.0,40.0,7.7,215.0,1.0,22.0,1.0,calm,73.0
37.8,0.9,52.0,60.0,5.9,50.0,0.0,80.0,0.0,calm,100.0
32.8,0.89,51.0,43.0,,152.0,1.0,15.0,1.0,calm,89.0
35.9,0.97,85.0,66.0,5.1,189.0,1.0,70.0,1.0,calm,100.0
38.6,0.8,92.0,48.0,8.0,207.0,0.0,88.0,0.0,calm,100.0
17.2,0.64,42.0,59.0,6.9,217.0,1.0,34.0,1.0,energetic,75.0
24.9,0.6,85.0,69.0,8.3,226.0,0.0,59.0,0.0,calm,93.0
37.5,0.81,85.0,62.0,4.9,77.0,1.0,87.0,1.0,calm,100.0
30.6,0.72,65.0,67.0,9.7,128.0,0.0,53.0,1.0,calm,90.0
20.4,0.6,41.0,54.0,4.9,294.0,0.0,18.0,1.0,calm,69.0
24.6,0.84,42.0,51.0,9.6,250.0,1.0,73.0,0.0,energetic,79.0
12.6,0.65,69.0,51.0,7.7,40.0,0.0,22.0,1.0,energetic,82.0
14.8,0.64,64.0,41.0,5.5,292.0,1.0,22.0,1.0,calm,82.0
37.4,0.72,83.0,71.0,7.6,208.0,1.0,62.0,1.0,calm,100.0
14.0,0.74,84.0,55.0,7.8,198.0,1.0,25.0,1.0,energetic,88.0
28.1,0.85,45.0,54.0,9.5,265.0,1.0,86.0,0.0,calm,88.0
8.7,0.52,64.0,62.0,9.2,60.0,0.0,61.0,1.0,energetic,72.0
18.7,0.79,86.0,72.0,4.2,234.0,1.0,67.0,1.0,energetic,98.0
38.5,0.95,51.0,40.0,7.5,86.0,1.0,25.0,0.0,calm,100.0
5.7,0.63,53.0,62.0,7.1,45.0,1.0,78.0,0.0,calm,77.0
35.2,1.0,86.0,64.0,5.4,69.0,1.0,27.0,0.0,energetic,100.0
25.3,0.67,77.0,47.0,8.8,45.0,0.0,21.0,0.0,calm,95.0
29.6,0.69,66.0,46.0,8.0,280.0,0.0,29.0,0.0,calm,85.0
28.0,0.61,76.0,58.0,9.2,144.0,0.0,53.0,1.0,energetic,88.0
31.1,0.93,41.0,41.0,4.5,297.0,0.0,80.0,1.0,energetic,77.0
24.9,0.86,90.0,72.0,8.3,135.0,1.0,43.0,1.0,energetic,100.0
36.0,0.83,50.0,40.0,7.1,146.0,1.0,31.0,0.0,energetic,94.0
22.1,0.72,83.0,46.0,9.3,127.0,0.0,72.0,1.0,energetic,91.0
8.1,0.58,86.0,61.0,6.2,79.0,1.0,20.0,1.0,energetic,85.0
8.2,0.48,62.0,68.0,4.3,94.0,1.0,87.0,0.0,calm,69.0
27.5,0.79,84.0,50.0,9.5,73.0,1.0,7.0,1.0,energetic,100.0
7.9,0.52,89.0,7.319326639342073,6.2,127.0,0.0,11.0,0.0,calm,79.0
9.0,0.47,45.0,41.0,9.0,277.0,0.0,74.0,1.0,energetic,59.0
31.4,0.94,68.0,62.0,5.3,215.0,1.0,21.0,1.0,calm,97.0
28.2,0.85,91.0,50.0,5.9,251.0,0.0,68.0,0.0,calm,100.0
34.2,0.95,87.0,71.0,7.2,249.0,1.0,35.0,0.0,energetic,100.0
34.4,0.84,84.0,46.0,4.3,198.0,1.0,35.0,1.0,energetic,100.0
29.4,0.77,56.0,63.0,9.5,33.0,0.0,37.0,0.0,energetic,95.0
10.2,0.67,62.0,56.0,9.6,262.0,0.0,18.0,0.0,calm,71.0
38.1,0.77,57.0,46.0,9.9,253.0,1.0,53.0,0.0,energetic,88.0
21.1,0.84,66.0,53.0,7.5,215.0,1.0,69.0,0.0,calm,84.0
24.1,0.53,62.0,52.0,8.8,92.0,0.0,89.0,0.0,energetic,85.0
8.3,0.48,69.0,61.0,4.4,158.0,0.0,36.0,0.0,calm,72.0
30.7,0.73,76.0,43.0,9.4,135.0,0.0,49.0,1.0,calm,95.0
5.2,0.5,71.0,44.0,6.7,38.0,0.0,90.0,0.0,calm,74.0
,0.54,90.0,70.0,6.2,182.0,0.0,90.0,1.0,calm,78.0
32.8,0.7,84.0,51.0,8.3,115.0,1.0,53.0,0.0,calm,100.0
8.7,0.72,61.0,52.0,8.6,173.0,0.0,40.0,0.0,calm,70.0
15.2,0.67,57.0,59.0,9.6,134.0,0.0,82.0,0.0,energetic,75.0
33.4,0.8,74.0,52.0,8.0,53.0,1.0,50.0,0.0,energetic,100.0
21.8,0.74,88.0,58.0,6.3,260.0,1.0,38.0,1.0,calm,95.0
8.3,0.59,42.0,33.0,8.5,65.0,1.0,20.0,0.0,calm,60.0
25.0,0.7,58.0,61.0,7.3,614.7491540389557,0.0,71.0,1.0,energetic,89.0
22.9,0.71,73.0,54.0,5.7,231.0,0.0,63.0,0.0,calm,88.0
27.7,0.67,56.0,45.0,7.1,184.0,0.0,10.0,1.0,calm,84.0
6.5,0.47,52.0,61.0,5.8,300.0,0.0,35.0,0.0,calm,59.0
37.9,0.92,67.0,54.0,8.7,108.0,1.0,73.0,0.0,energetic,100.0
15.0,0.71,84.0,64.0,9.2,79.0,0.0,73.0,1.0,energetic,91.0
29.5,0.69,54.0,56.0,8.0,140.0,0.0,72.0,0.0,energetic,85.0
19.7,0.73,51.0,62.0,9.4,280.0,1.0,32.0,0.0,energetic,76.0
15.5,0.63,59.0,43.0,9.4,194.0,1.0,30.0,1.0,energetic,71.0
15.6,0.66,75.0,45.0,9.5,288.0,1.0,80.0,0.0,calm,81.0
37.2,0.81,50.0,57.0,6.7,272.0,0.0,50.0,0.0,calm,98.0
26.2,0.81,58.0,41.0,9.4,292.0,1.0,70.0,0.0,calm,82.0
14.0,0.37,84.0,53.0,6.7,116.0,0.0,7.0,0.0,calm,77.0
22.7,0.69,63.0,51.0,6.5,177.0,0.0,48.0,0.0,calm,86.0
5.4,0.6,72.0,44.0,8.4,177.0,0.0,27.0,1.0,energetic,65.0
12.6,0.62,54.0,49.0,6.8,153.0,0.0,89.0,1.0,energetic,64.0
34.1,0.85,40.0,57.0,4.2,201.0,1.0,62.0,0.0,calm,94.0
38.6,0.97,50.0,49.0,8.8,174.0,0.0,62.0,0.0,energetic,99.0
15.6,0.44,47.0,42.0,9.8,178.0,1.0,38.0,1.0,energetic,65.0
34.7,0.82,71.0,59.0,8.4,-175.121200712039,0.0,33.0,0.0,energetic,98.0
24.5,0.8,64.0,66.0,5.1,127.0,1.0,45.0,0.0,energetic,88.0
6.4,0.57,67.0,45.0,9.8,164.0,0.0,86.0,1.0,energetic,68.0
25.1,0.9,55.0,60.0,8.9,99.0,1.0,28.0,0.0,energetic,97.0
24.1,0.86,51.0,47.0,6.9,62.0,0.0,81.0,1.0,calm,88.0
9.3,0.52,78.0,56.0,5.2,165.0,1.0,28.0,0.0,energetic,70.0
38.8,0.8,67.0,60.0,7.2,127.0,1.0,67.0,1.0,calm,100.0
12.5,0.74,93.0,74.0,5.8,84.0,1.0,40.0,0.0,calm,95.0
5.7,0.58,65.0,66.0,4.8,237.0,1.0,13.0,1.0,calm,68.0
30.4,0.87,48.0,40.0,7.1,120.0,0.0,41.0,0.0,calm,91.0
17.6,0.65,78.0,54.0,8.7,107.0,1.0,78.0,0.0,calm,91.0
34.4,0.9,48.0,59.0,6.6,33.0,0.0,39.0,1.0,energetic,100.0
29.2,0.74,65.0,55.0,9.3,183.0,1.0,59.0,1.0,energetic,92.0
15.5,0.63,48.0,45.0,7.0,285.0,1.0,86.0,0.0,calm,68.0
30.8,0.97,45.0,51.0,4.4,147.0,1.0,38.0,1.0,calm,94.0
15.4,0.67,53.0,43.0,6.2,125.0,1.0,21.0,0.0,calm,76.0
23.5,0.72,47.0,59.0,5.2,132.0,1.0,80.0,1.0,energetic,84.0
30.7,0.67,76.0,71.0,5.4,278.0,0.0,66.0,0.0,energetic,94.0
21.6,0.83,70.0,53.0,9.8,106.0,0.0,11.0,1.0,energetic,88.0
13.3,0.62,76.0,61.0,9.0,47.0,0.0,35.0,1.0,energetic,82.0
19.3,0.72,40.0,59.0,8.9,74.0,0.0,85.0,0.0,calm,83.0
30.1,0.79,58.0,40.0,6.7,232.0,1.0,15.0,0.0,calm,89.0
8.4,0.66,49.0,52.0,8.0,161.0,0.0,6.0,0.0,energetic,64.0
17.1,0.58,56.0,50.0,4.6,149.0,1.0,78.0,1.0,calm,73.0
23.0,0.64,90.0,69.0,4.9,90.0,1.0,58.0,1.0,calm,100.0
18.5,0.71,86.0,70.0,9.6,198.0,1.0,52.0,0.0,calm,90.0
14.7,0.5,88.0,48.0,4.2,39.0,1.0,61.0,0.0,energetic,87.0
38.3,0.92,69.0,44.0,7.9,128.0,0.0,72.0,1.0,calm,100.0
38.0,0.97,63.0,52.0,16.964590657465273,87.0,1.0,86.0,0.0,energetic,100.0
6.3,0.35,48.0,56.0,9.4,230.0,0.0,11.0,1.0,calm,56.0
36.6,0.87,92.0,65.0,8.9,33.0,0.0,65.0,1.0,calm,100.0
19.8,0.69,76.0,65.0,6.4,151.0,0.0,8.0,1.0,energetic,87.0
6.7,0.54,83.0,72.0,9.8,236.0,1.0,32.0,0.0,calm,76.0
8.0,0.74,85.0,68.0,7.0,44.0,0.0,20.0,1.0,calm,92.0
5.6,0.58,88.0,76.0,4.0,243.0,1.0,22.0,0.0,energetic,83.0
9.7,0.46,51.0,49.0,8.5,33.0,0.0,63.0,0.0,calm,64.0
20.1,0.69,41.0,43.0,9.6,46.0,1.0,40.0,1.0,calm,80.0
26.4,0.67,71.0,43.0,4.4,179.0,0.0,41.0,1.0,calm,82.0
17.7,0.65,45.0,54.0,8.8,49.0,0.0,16.0,0.0,calm,80.0
11.6,0.54,40.0,34.0,5.9,31.0,1.0,12.0,0.0,calm,67.0
32.1,0.76,73.0,62.0,6.9,48.0,0.0,10.0,0.0,energetic,99.0
37.4,0.86,55.0,55.0,5.0,119.0,1.0,26.0,0.0,calm,99.0
9.3,0.67,63.0,52.0,7.4,90.0,1.0,81.0,0.0,calm,77.0
14.4,0.74,41.0,41.0,8.3,93.0,0.0,80.0,0.0,calm,68.0
14.7,0.66,93.0,68.0,6.8,125.0,0.0,28.0,1.0,calm,91.0
32.8,0.86,54.0,46.0,7.8,150.0,1.0,59.0,1.0,calm,98.0
14.4,0.64,60.0,50.0,5.7,30.0,0.0,44.0,0.0,energetic,73.0
5.7,0.68,44.0,46.0,9.1,293.0,1.0,70.0,0.0,energetic,52.0
24.1,0.74,50.0,38.0,5.2,169.0,1.0,68.0,1.0,calm,83.0
21.2,0.83,75.0,68.0,6.8,116.0,1.0,22.0,0.0,calm,98.0
7.2,0.7,90.0,60.0,4.2,125.0,1.0,76.0,1.0,calm,84.0
27.0,0.79,61.0,48.0,9.7,144.0,1.0,25.0,0.0,calm,91.0
37.9,0.97,89.0,50.0,6.2,61.0,1.0,24.0,0.0,calm,100.0
22.9,0.68,49.0,36.0,7.5,156.0,0.0,85.0,0.0,calm,79.0
23.3,0.59,93.0,58.0,9.6,276.0,1.0,18.0,0.0,calm,93.0
17.8,0.84,53.0,53.0,6.2,193.0,0.0,69.0,1.0,energetic,77.0
29.4,0.76,85.0,55.0,4.6,295.0,1.0,66.0,0.0,calm,98.0
20.9,0.48,54.0,65.0,8.8,282.0,1.0,77.0,0.0,energetic,71.0
34.8,0.79,53.0,36.0,7.8,242.0,0.0,79.0,1.0,calm,92.0
39.4,0.76,75.0,52.0,6.7,99.0,1.0,28.0,0.0,calm,100.0
22.7,0.71,43.0,57.0,7.0,124.0,0.0,30.0,0.0,energetic,79.0
39.3,0.85,53.0,64.0,5.6,179.0,1.0,55.0,0.0,calm,100.0
39.1,0.94,62.0,41.0,4.0,219.0,0.0,7.0,1.0,calm,94.0
26.4,0.75,95.0,62.0,9.3,229.0,0.0,56.0,0.0,energetic,97.0
37.3,0.98,42.0,50.0,8.5,191.0,1.0,46.0,0.0,calm,98.0
20.2,0.73,68.0,62.0,6.2,191.0,0.0,49.0,0.0,calm,87.0
26.5,0.59,85.0,65.0,8.2,289.0,0.0,69.0,1.0,energetic,96.0
30.3,0.78,76.0,58.0,7.9,102.0,1.0,45.0,1.0,energetic,99.0
39.8,0.8,85.0,51.0,8.8,133.0,1.0,86.0,1.0,energetic,100.0
19.5,0.81,89.0,57.0,5.9,63.0,0.0,90.0,1.0,calm,99.0
36.8,0.84,79.0,60.0,7.9,133.0,1.0,26.0,0.0,energetic,100.0
29.6,0.8,93.0,72.0,7.2,96.0,1.0,45.0,1.0,calm,100.0
30.6,0.74,81.0,46.0,4.7,95.0,0.0,61.0,,energetic,97.0
24.2,0.52,41.0,42.0,9.7,112.0,1.0,76.0,0.0,calm,70.0
27.4,0.82,90.0,60.0,8.6,217.0,0.0,50.0,0.0,calm,98.0
24.3,0.8,84.0,69.0,9.8,245.0,0.0,44.0,0.0,energetic,93.0
16.4,0.82,82.0,62.0,9.3,75.0,0.0,65.0,1.0,calm,94.0
38.0,0.67,44.0,48.0,6.7,70.0,0.0,85.0,0.0,energetic,91.0
10.1,0.75,92.0,72.0,5.0,287.0,0.0,89.0,1.0,energetic,82.0
37.5,1.0,85.0,69.0,6.2,235.0,0.0,64.0,0.0,energetic,100.0
36.3,0.71,92.0,56.0,7.3,72.0,0.0,39.0,1.0,calm,100.0
29.7,0.78,62.0,58.0,4.2,184.0,1.0,68.0,1.0,calm,92.0
25.7,0.71,56.0,45.0,5.2,237.0,1.0,53.0,1.0,energetic,81.0
21.1,0.57,91.0,60.0,8.9,243.0,0.0,79.0,1.0,energetic,91.0
22.3,0.58,66.0,44.0,5.7,90.0,1.0,86.0,1.0,calm,83.0
28.5,0.9,78.0,45.0,5.8,207.0,0.0,12.0,0.0,energetic,100.0
18.0,0.74,94.0,49.0,8.7,223.0,0.0,65.0,1.0,energetic,90.0
37.3,0.8,69.0,56.0,7.5,69.0,0.0,57.0,0.0,calm,100.0
19.7,0.76,,45.0,10.0,162.0,0.0,11.0,0.0,calm,77.0
30.6,0.85,43.0,41.0,4.5,126.0,1.0,71.0,0.0,energetic,86.0
7.5,0.65,51.0,45.0,7.4,151.0,0.0,61.0,0.0,calm,72.0
26.4,0.76,65.0,42.0,6.5,127.0,1.0,51.0,0.0,energetic,92.0
23.0,0.55,86.0,61.0,4.5,112.0,1.0,36.0,0.0,energetic,91.0
15.2,0.59,53.0,63.0,5.9,298.0,1.0,27.0,0.0,energetic,75.0
37.6,0.86,57.0,56.0,9.6,67.0,0.0,87.0,1.0,energetic,98.0
33.0,0.85,87.0,58.0,10.0,66.0,1.0,21.0,0.0,calm,100.0
13.2,0.89,73.0,55.0,7.9,253.0,0.0,72.0,0.0,energetic,80.0
14.5,0.73,75.0,57.0,4.6,74.0,1.0,69.0,1.0,calm,85.0
5.5,0.53,92.0,57.0,7.7,68.0,1.0,63.0,1.0,energetic,87.0
35.5,0.75,74.0,59.0,5.4,204.0,1.0,87.0,1.0,calm,100.0
20.9,0.7,60.0,63.0,5.9,298.0,1.0,81.0,0.0,energetic,80.0
21.4,0.79,65.0,58.0,6.7,124.0,0.0,88.0,0.0,energetic,83.0
23.1,0.96,90.0,66.0,7.4,284.0,1.0,14.0,1.0,energetic,100.0
31.1,0.78,63.0,59.0,9.7,284.0,1.0,63.0,0.0,energetic,89.0
18.0,0.46,81.0,44.0,6.7,76.0,0.0,61.0,0.0,energetic,83.0
29.2,0.94,41.0,34.0,7.1,129.0,1.0,67.0,0.0,energetic,87.0
23.2,0.65,94.0,51.0,9.8,106.0,0.0,38.0,0.0,energetic,93.0
12.0,0.63,48.0,56.0,8.1,274.0,1.0,50.0,1.0,energetic,66.0
32.8,0.76,92.0,76.0,9.0,46.0,1.0,39.0,1.0,calm,100.0
12.6,0.61,93.0,52.0,4.9,286.0,1.0,26.0,0.0,calm,81.0
29.0,0.72,71.0,46.0,7.8,269.0,0.0,68.0,1.0,energetic,91.0
27.2,0.79,56.0,39.0,4.5,174.0,0.0,52.0,1.0,energetic,81.0
34.7,0.77,67.0,50.0,4.3,192.0,1.0,37.0,0.0,calm,98.0
24.1,0.78,89.0,63.0,7.9,227.0,1.0,169.82677548663222,1.0,energetic,99.0
6.9,0.58,65.0,40.0,7.2,271.0,1.0,61.0,1.0,calm,71.0
10.3,0.69,48.0,58.0,9.2,185.0,0.0,69.0,1.0,energetic,68.0
16.5,0.66,54.0,47.0,4.1,234.0,0.0,26.0,1.0,energetic,68.0
7.2,0.62,58.0,46.0,5.9,107.0,0.0,48.0,0.0,calm,67.0
31.3,0.94,50.0,45.0,5.0,191.0,0.0,27.0,1.0,energetic,90.0
20.5,0.58,76.0,51.0,5.1,68.0,1.0,65.0,1.0,energetic,91.0
29.5,0.7,70.0,44.0,6.6,137.0,1.0,53.0,1.0,calm,93.0
19.4,0.66,56.0,62.0,9.8,224.0,1.0,16.0,1.0,energetic,83.0
8.7,0.34,75.0,57.0,7.0,34.0,1.0,29.0,0.0,energetic,72.0
27.2,0.78,61.0,59.0,4.3,156.0,0.0,17.0,0.0,energetic,91.0
11.1,0.68,64.0,62.0,8.7,213.0,0.0,17.0,1.0,energetic,79.0
22.5,0.78,59.0,39.0,7.0,51.0,1.0,53.0,0.0,calm,90.0
14.6,0.61,64.0,48.0,7.1,289.0,1.0,12.0,0.0,calm,76.0
12.5,0.6,79.0,74.0,4.3,177.0,0.0,28.0,0.0,calm,74.0
39.4,0.85,92.0,64.0,7.0,97.0,1.0,42.0,1.0,energetic,100.0
6.5,0.62,76.0,45.0,8.8,201.0,0.0,51.0,1.0,energetic,73.0
18.6,0.73,51.0,50.0,7.4,128.0,1.0,80.0,0.0,calm,77.0
33.5,0.88,50.0,56.0,4.4,251.0,0.0,57.0,0.0,energetic,97.0
10.4,0.52,54.0,53.0,5.2,256.0,1.0,38.0,0.0,calm,66.0
38.1,0.74,41.0,45.0,7.7,80.0,1.0,42.0,0.0,calm,89.0
10.6,0.63,67.0,47.0,5.7,94.0,1.0,49.0,1.0,calm,73.0
19.0,0.65,50.0,51.0,8.7,210.0,1.0,59.0,0.0,energetic,82.0
32.7,0.97,63.0,46.0,8.5,107.0,0.0,80.0,0.0,calm,100.0
5.7,1.4184044208611937,68.0,66.0,7.5,60.0,1.0,23.0,1.0,calm,80.0
8.0,0.66,89.0,54.0,7.6,91.0,0.0,68.0,0.0,calm,84.0
11.5,0.62,85.0,60.0,4.8,226.0,1.0,21.0,0.0,energetic,82.0
31.8,0.91,60.0,52.0,15.048470689820505,282.0,1.0,74.0,1.0,calm,96.0
11.6,0.46,70.0,57.0,6.1,61.0,0.0,17.0,0.0,calm,77.0
32.2,0.67,94.0,69.0,4.5,170.0,0.0,23.0,1.0,calm,100.0
18.1,0.75,44.0,56.0,9.2,259.0,0.0,18.0,1.0,energetic,72.0
14.1,0.65,60.0,60.0,6.2,88.0,1.0,56.0,0.0,calm,82.0
23.8,0.74,65.0,51.0,7.5,32.0,0.0,30.0,0.0,calm,88.0
11.8,0.61,42.0,47.0,7.0,260.0,0.0,12.0,0.0,calm,62.0
15.6,0.74,86.0,66.0,8.7,168.0,0.0,47.0,0.0,calm,89.0
28.6,0.76,95.0,69.0,8.8,252.0,0.0,85.0,1.0,calm,100.0
18.2,0.61,71.0,69.0,6.6,117.0,1.0,87.0,0.0,energetic,88.0
36.7,0.8,75.0,69.0,5.1,161.0,0.0,50.0,1.0,calm,100.0
35.4,1.0,55.0,53.0,7.7,60.0,0.0,18.0,1.0,energetic,100.0
12.3,0.57,78.0,65.0,8.0,101.0,0.0,13.0,1.0,calm,82.0
34.4,1.0,,52.0,5.4,226.0,0.0,20.0,1.0,energetic,95.0
16.6,0.51,93.0,58.0,4.7,40.0,1.0,8.0,1.0,calm,89.0
9.3,0.48,48.0,63.0,4.7,109.0,1.0,47.0,0.0,calm,65.0
36.2,0.77,50.0,44.0,5.6,36.0,1.0,6.0,0.0,calm,97.0
33.7,0.79,94.0,60.0,6.4,105.0,1.0,78.0,0.0,energetic,100.0
7.0,0.59,49.0,47.0,8.2,67.0,1.0,8.0,0.0,energetic,69.0
34.2,0.9,53.0,48.0,8.0,248.0,1.0,25.0,0.0,energetic,94.0
16.9,0.72,59.0,61.0,8.9,194.0,1.0,12.0,1.0,energetic,74.0
20.2,0.74,83.0,56.0,7.6,242.0,1.0,23.0,1.0,calm,94.0
16.8,0.57,59.0,43.0,4.2,291.0,0.0,33.0,0.0,calm,71.0
26.6,0.74,64.0,40.0,7.5,180.0,0.0,68.0,1.0,,86.0
21.5,0.59,41.0,55.0,7.9,37.0,0.0,42.0,0.0,energetic,73.0
23.5,0.75,53.0,64.0,6.8,39.0,0.0,15.0,0.0,calm,94.0
37.7,1.0,55.0,37.0,8.1,39.0,0.0,17.0,0.0,calm,100.0
9.8,0.64,94.0,73.0,8.5,58.0,0.0,27.0,1.0,energetic,88.0
16.3,0.63,72.0,56.0,,196.0,1.0,46.0,0.0,energetic,86.0
35.3,0.89,73.0,58.0,8.4,195.0,0.0,42.0,0.0,calm,100.0
7.3,0.61,69.0,62.0,-1.386692135568576,102.0,1.0,19.0,0.0,energetic,78.0
23.8,0.79,69.0,61.0,7.3,202.0,0.0,55.0,1.0,energetic,93.0
30.9,0.91,53.0,63.0,7.8,99.0,1.0,68.0,0.0,energetic,95.0
9.3,0.48,138.49428291497352,62.0,5.9,195.0,1.0,33.0,1.0,calm,75.0
32.8,0.71,86.0,52.0,6.3,185.0,1.0,66.0,1.0,energetic,100.0
32.0,0.89,88.0,66.0,7.4,39.0,1.0,65.0,0.0,calm,100.0
5.9,0.42,50.0,51.0,4.7,177.0,0.0,46.0,1.0,calm,56.0
15.8,0.63,79.0,47.0,8.4,77.0,0.0,87.0,1.0,energetic,82.0
39.9,0.82,91.0,49.0,4.8,115.0,1.0,35.0,0.0,energetic,100.0
26.3,0.63,83.0,66.0,8.9,157.0,0.0,29.0,0.0,calm,91.0
22.1,0.82,60.0,51.0,9.0,222.0,1.0,80.0,1.0,calm,89.0
6.2,0.59,61.0,42.0,6.0,160.0,0.0,71.0,0.0,energetic,67.0
22.8,0.62,71.0,45.0,7.7,67.0,1.0,49.0,1.0,calm,89.0
19.8,0.79,43.0,52.0,6.8,81.0,0.0,33.0,0.0,energetic,78.0
30.5,0.89,-2.7464031807590885,74.0,9.5,214.0,0.0,73.0,1.0,calm,100.0
23.3,0.81,78.0,72.0,7.2,74.0,1.0,40.0,0.0,energetic,100.0
16.7,0.62,51.0,37.0,6.5,123.0,0.0,157.84360908864522,0.0,calm,71.0
22.3,0.82,77.0,51.0,8.3,144.0,1.0,67.0,1.0,energetic,97.0
29.9,0.77,44.0,53.0,7.1,97.0,1.0,66.0,1.0,energetic,83.0
22.3,0.6,87.0,63.0,9.6,87.0,0.0,34.0,0.0,calm,93.0
17.0,0.66,89.0,68.0,9.3,213.0,0.0,35.0,0.0,energetic,83.0
39.9,1.0,63.0,42.0,9.7,221.0,1.0,15.0,0.0,energetic,100.0
,0.63,54.0,60.0,9.9,119.0,1.0,17.0,1.0,calm,78.0
27.6,0.6,87.0,52.0,6.7,136.0,1.0,39.0,1.0,energetic,94.0
16.7,0.69,51.0,50.0,8.9,124.0,0.0,86.0,1.0,energetic,73.0
28.1,0.74,51.0,54.0,7.0,58.0,0.0,85.0,0.0,calm,88.0
7.0,0.8,48.0,63.0,5.6,145.0,0.0,43.0,0.0,energetic,67.0
11.0,0.69,67.0,47.0,8.2,47.0,1.0,71.0,0.0,energetic,79.0
5.0,0.63,83.0,74.0,8.6,59.0,1.0,68.0,1.0,calm,82.0
15.8,0.52,53.0,38.0,4.8,189.0,1.0,37.0,1.0,energetic,72.0
5.5,0.61,42.0,51.0,7.1,85.0,1.0,20.0,0.0,calm,60.0
18.3,0.87,51.0,59.0,5.0,55.0,1.0,73.0,0.0,calm,85.0
38.8,0.94,54.0,59.0,7.8,289.0,1.0,30.0,0.0,energetic,100.0
32.6,0.75,75.0,44.0,7.2,218.0,1.0,75.0,1.0,energetic,100.0
5.6,0.71,84.0,62.0,5.4,262.0,0.0,87.0,0.0,energetic,78.0
14.3,0.64,59.0,40.0,-3.249674976707114,74.0,0.0,51.0,0.0,calm,73.0
20.1,0.47,72.0,69.0,9.3,137.0,1.0,9.0,0.0,calm,83.0
11.7,0.71,91.0,51.0,9.3,159.0,0.0,11.0,1.0,calm,83.0
29.8,0.85,71.0,71.0,4.2,220.0,1.0,6.0,0.0,calm,98.0
37.3,0.89,77.0,64.0,9.0,91.0,1.0,58.0,0.0,calm,100.0
19.1,0.58,42.0,60.0,6.2,138.0,0.0,66.0,0.0,energetic,70.0
36.6,0.75,44.0,37.0,9.1,232.0,1.0,81.0,1.0,energetic,82.0
19.5,0.71,48.0,48.0,5.1,147.0,1.0,6.0,1.0,calm,79.0
7.3,0.54,60.0,64.0,9.4,274.0,0.0,26.0,1.0,energetic,68.0
27.9,0.75,72.0,63.0,6.5,160.0,1.0,6.0,0.0,energetic,94.0
6.9,0.44,64.0,64.0,8.8,297.0,0.0,47.0,1.0,calm,61.0
32.5,0.92,84.0,74.0,7.6,270.0,0.0,5.0,1.0,energetic,100.0
24.0,0.74,,61.0,5.3,114.0,1.0,43.0,0.0,energetic,86.0
7.9,0.51,45.0,45.0,7.1,225.0,1.0,49.0,0.0,calm,63.0
27.3,0.54,53.0,53.0,7.9,170.0,0.0,46.0,0.0,calm,78.0
12.0,0.52,69.0,59.0,7.0,136.0,0.0,15.0,0.0,energetic,75.0
11.5,0.51,59.0,54.0,8.2,216.0,1.0,18.0,0.0,energetic,68.0
31.3,0.82,70.0,50.0,4.5,116.0,1.0,80.0,0.0,energetic,96.0
32.0,0.75,56.0,64.0,7.2,35.0,1.0,41.0,0.0,calm,100.0
9.0,0.63,95.0,68.0,5.2,182.0,1.0,40.0,0.0,energetic,87.0
24.3,0.87,50.0,52.0,7.1,268.0,1.0,58.0,0.0,energetic,91.0
19.9,0.63,78.0,68.0,7.7,276.0,0.0,16.0,1.0,calm,82.0
13.2,0.67,69.0,46.0,7.2,71.0,1.0,59.0,1.0,calm,81.0
39.0,0.87,50.0,43.0,6.5,174.0,0.0,42.0,0.0,calm,93.0
75.40630957182954,0.68,80.0,67.0,4.6,139.0,0.0,40.0,0.0,calm,97.0
39.9,0.96,88.0,49.0,4.0,98.0,0.0,65.0,1.0,calm,100.0
27.0,0.71,71.0,44.0,8.5,121.0,1.0,25.0,0.0,energetic,94.0
16.9,0.7,83.0,47.0,9.6,231.0,0.0,14.0,0.0,energetic,86.0
27.0,0.65,94.0,68.0,5.6,255.0,0.0,60.0,1.0,energetic,94.0
23.7,0.66,71.0,56.0,7.9,120.0,0.0,89.0,0.0,calm,91.0
32.9,0.66,93.0,49.0,8.6,56.0,1.0,47.0,1.0,energetic,100.0
36.0,0.88,43.0,51.0,9.1,41.0,1.0,79.0,0.0,energetic,94.0
12.3,0.81,50.0,49.0,7.7,45.0,0.0,23.0,0.0,energetic,82.0
7.6,0.57,44.0,42.0,7.0,93.0,1.0,9.0,0.0,energetic,67.0
37.1,0.88,70.0,57.0,4.3,299.0,1.0,64.0,1.0,energetic,100.0
8.9,0.47,53.0,55.0,7.9,273.0,1.0,76.0,0.0,energetic,63.0
8.7,0.52,41.0,61.0,8.0,104.0,1.0,47.0,0.0,calm,62.0
9.7,0.6,56.0,44.0,6.6,143.0,1.0,46.0,1.0,energetic,65.0
23.1,0.61,55.0,48.0,6.3,59.0,1.0,6.0,0.0,energetic,92.0
15.0,0.76,81.0,60.0,9.3,244.0,0.0,35.0,1.0,energetic,83.0
13.2,0.91,76.0,60.0,6.8,73.0,0.0,76.0,0.0,calm,90.0
13.5,0.66,57.0,53.0,4.7,238.0,1.0,25.0,0.0,energetic,76.0
25.7,0.87,43.0,45.0,7.5,142.0,0.0,87.0,0.0,energetic,84.0
12.8,0.46,89.0,66.0,6.5,244.0,0.0,6.0,0.0,calm,79.0
14.3,0.6,76.0,62.0,9.8,285.0,1.0,64.0,0.0,energetic,77.0
23.6,0.61,51.0,56.0,9.8,238.0,0.0,73.0,0.0,calm,77.0
19.6,0.6,43.0,46.0,8.0,120.0,1.0,73.0,0.0,energetic,71.0
38.8,0.93,81.0,48.0,5.3,227.0,0.0,38.0,0.0,energetic,100.0
13.5,0.59,92.0,50.0,4.2,61.0,0.0,19.0,0.0,energetic,80.0
6.2,0.65,90.0,53.0,5.3,270.0,1.0,79.0,1.0,energetic,83.0
18.5,0.83,91.0,50.0,9.1,84.0,1.0,47.0,0.0,calm,96.0
33.4,0.77,71.0,53.0,5.2,33.0,0.0,24.0,1.0,calm,100.0
27.1,0.62,73.0,55.0,5.9,52.0,0.0,66.0,1.0,calm,94.0
9.3,0.47,90.0,67.0,6.5,145.0,1.0,68.0,1.0,calm,81.0
38.8,0.91,62.0,54.0,5.3,289.0,0.0,12.0,0.0,energetic,94.0
10.4,0.59,60.0,59.0,7.8,31.0,1.0,51.0,0.0,calm,77.0
25.7,0.89,61.0,53.0,5.3,228.0,0.0,5.0,1.0,calm,90.0
12.8,0.59,41.0,51.0,4.6,103.0,0.0,67.0,0.0,calm,65.0
28.9,0.8,75.0,54.0,6.4,67.0,1.0,48.0,0.0,energetic,100.0
28.4,0.79,67.0,52.0,8.4,41.0,1.0,56.0,1.0,energetic,93.0
39.5,0.82,82.0,60.0,9.4,56.0,1.0,56.0,1.0,energetic,100.0
10.7,0.66,76.0,66.0,9.5,274.0,1.0,75.0,0.0,energetic,79.0
28.9,0.9,46.0,56.0,6.3,144.0,0.0,12.0,0.0,calm,93.0
20.2,0.64,89.0,72.0,9.9,223.0,1.0,5.0,0.0,calm,93.0
-36.98204017260248,0.87,50.0,59.0,6.2,228.0,1.0,67.0,1.0,calm,90.0
12.3,0.6,84.0,74.0,4.3,41.0,1.0,53.0,0.0,calm,91.0
27.4,0.71,61.0,45.0,4.8,61.0,1.0,24.0,0.0,energetic,93.0
37.6,0.89,59.0,65.0,8.4,148.0,1.0,64.0,0.0,energetic,100.0
29.8,0.72,65.0,50.0,5.1,225.0,0.0,11.0,1.0,calm,93.0
26.3,0.76,95.0,76.0,4.2,102.0,1.0,18.0,0.0,energetic,100.0
28.5,0.79,77.0,68.0,9.8,73.0,1.0,67.0,1.0,calm,100.0
28.1,0.95,40.0,41.0,9.3,71.0,1.0,34.0,0.0,energetic,86.0
5.4,0.37,71.0,69.0,6.4,34.0,0.0,44.0,1.0,calm,69.0
7.3,0.59,74.0,55.0,5.3,34.0,0.0,84.0,0.0,energetic,78.0
23.5,0.87,63.0,41.0,6.2,211.0,1.0,76.0,1.0,energetic,88.0
13.7,0.63,65.0,54.0,7.3,98.0,1.0,35.0,1.0,calm,78.0
21.7,0.67,71.0,42.0,4.4,213.0,0.0,36.0,1.0,energetic,87.0
29.8,0.68,54.0,58.0,6.7,95.0,0.0,10.0,0.0,calm,83.0
5.2,0.55,66.0,52.0,7.0,73.0,0.0,24.0,0.0,energetic,66.0
11.7,0.56,90.0,51.0,8.4,274.0,1.0,39.0,0.0,energetic,80.0
36.2,1.0,56.0,53.0,5.1,293.0,0.0,14.0,1.0,energetic,96.0
20.2,0.84,66.0,54.0,4.1,51.0,0.0,10.0,0.0,calm,84.0
33.9,0.71,92.0,73.0,8.7,251.0,0.0,8.0,1.0,calm,100.0
38.6,0.7,41.0,47.0,7.4,41.0,1.0,80.0,1.0,energetic,92.0
19.1,0.68,91.0,62.0,4.6,54.0,0.0,42.0,0.0,calm,95.0
9.0,0.65,55.0,37.0,6.5,154.0,1.0,68.0,1.0,energetic,68.0
14.2,0.62,41.0,37.0,6.1,87.0,0.0,17.0,1.0,energetic,64.0
17.6,0.77,72.0,51.0,7.5,184.0,1.0,70.0,0.0,calm,80.0
13.2,0.53,93.0,49.0,9.7,170.0,0.0,69.0,,calm,84.0
31.0,0.78,55.0,61.0,7.8,66.0,1.0,69.0,0.0,calm,99.0
29.7,0.83,85.0,54.0,8.7,141.0,0.0,5.0,0.0,calm,96.0
7.9,0.7,80.0,65.0,,283.0,0.0,55.0,0.0,energetic,78.0
27.1,0.74,87.0,56.0,7.4,108.0,1.0,29.0,0.0,calm,100.0
24.2,1.0,85.0,69.0,9.8,182.0,1.0,34.0,0.0,energetic,100.0
27.8,0.64,64.0,43.0,6.7,80.0,1.0,29.0,0.0,calm,91.0
18.6,0.53,72.0,45.0,8.9,264.0,0.0,63.0,1.0,energetic,73.0
15.5,0.62,72.0,47.0,7.0,169.0,1.0,28.0,1.0,energetic,80.0
19.9,0.006117576294656479,90.0,55.0,10.0,161.0,0.0,64.0,1.0,energetic,96.0
7.7,0.55,78.0,56.0,8.2,122.0,1.0,5.0,0.0,energetic,74.0
13.4,0.72,67.0,49.0,9.1,240.0,0.0,37.0,0.0,calm,78.0
7.0,0.43,75.0,49.0,8.3,187.0,0.0,32.0,0.0,calm,63.0
28.9,0.81,90.0,71.0,6.9,239.0,0.0,48.0,1.0,calm,99.0
14.7,0.7,51.0,62.0,6.9,33.0,,56.0,1.0,calm,82.0
23.4,0.66,70.0,44.0,7.8,96.0,0.0,64.0,0.0,calm,86.0
31.3,1.0,92.0,61.0,7.8,290.0,1.0,13.0,0.0,calm,100.0
22.1,0.68,90.0,56.0,4.7,197.0,1.0,90.0,0.0,energetic,93.0
38.2,0.98,65.0,43.0,6.7,196.0,1.0,9.0,1.0,calm,100.0
38.7,0.85,62.0,50.0,7.6,70.0,1.0,43.0,0.0,calm,99.0
27.3,0.77,44.0,49.0,9.6,294.0,0.0,73.0,1.0,energetic,78.0
11.7,0.7,68.0,47.0,6.1,162.0,0.0,10.0,0.0,calm,79.0
23.4,0.64,83.0,64.0,8.9,204.0,0.0,56.0,0.0,calm,87.0
13.7,0.64,78.0,73.0,7.4,146.0,1.0,27.0,0.0,calm,83.0
17.6,0.76,54.0,66.0,6.1,143.0,1.0,8.0,1.0,calm,84.0
11.4,0.89,87.0,53.0,5.1,162.0,0.0,57.0,1.0,calm,85.0
21.3,0.82,93.0,60.0,9.0,242.0,0.0,55.0,1.0,calm,97.0
10.0,0.73,74.0,43.0,6.0,163.0,0.0,78.0,0.0,energetic,76.0
21.7,0.6,59.0,48.0,5.1,255.0,0.0,9.0,1.0,energetic,77.0
26.7,0.75,61.0,65.0,8.3,33.0,1.0,9.0,0.0,energetic,97.0
18.2,0.65,87.0,70.0,9.3,61.0,1.0,74.0,1.0,calm,96.0
20.2,0.66,75.0,44.0,10.0,61.0,1.0,75.0,0.0,energetic,96.0
15.0,0.59,91.0,66.0,6.4,187.0,0.0,41.0,0.0,energetic,82.0
24.6,0.74,63.0,62.0,8.8,209.0,0.0,78.0,1.0,energetic,84.0
31.1,0.82,82.0,46.0,5.5,288.0,0.0,46.0,1.0,calm,94.0
19.9,0.72,59.0,58.0,4.6,71.0,0.0,74.0,1.0,energetic,81.0
19.1,0.8,55.0,62.0,9.6,131.0,1.0,89.0,1.0,calm,82.0
14.9,0.53,75.0,58.0,4.7,260.0,0.0,46.0,1.0,calm,79.0
36.7,0.95,45.0,59.0,5.9,270.0,0.0,49.0,1.0,energetic,95.0
23.8,0.8,43.0,49.0,4.2,101.0,1.0,14.0,1.0,calm,84.0
14.7,0.72,87.0,69.0,7.9,287.0,0.0,62.0,0.0,energetic,87.0
17.4,0.66,77.0,66.0,7.3,160.0,0.0,27.0,0.0,calm,83.0
25.1,0.73,80.0,60.0,8.2,273.0,1.0,21.0,0.0,calm,93.0
37.5,0.78,88.0,62.0,4.0,117.0,0.0,65.0,1.0,energetic,100.0
15.3,0.65,91.0,64.0,5.4,45.0,1.0,49.0,1.0,energetic,92.0
34.3,0.91,70.0,53.0,7.1,113.0,1.0,34.0,0.0,energetic,100.0
20.2,0.84,49.0,44.0,9.2,181.0,1.0,35.0,1.0,energetic,80.0
28.2,0.71,53.0,37.0,6.4,281.0,0.0,34.0,0.0,energetic,77.0
37.3,0.9,46.0,49.0,4.3,264.0,1.0,29.0,1.0,calm,90.0
25.6,0.79,65.0,44.0,8.1,244.0,0.0,47.0,0.0,calm,92.0
9.1,0.68,80.0,61.0,9.2,185.0,0.0,77.0,1.0,energetic,84.0
13.0,0.5,91.0,48.0,6.4,141.0,0.0,15.0,0.0,energetic,79.0
29.4,0.88,74.0,66.0,4.3,124.0,0.0,64.0,1.0,calm,98.0
31.1,0.9,82.0,62.0,5.7,130.0,0.0,85.0,0.0,calm,100.0
33.0,0.72,50.0,36.0,4.3,186.0,1.0,16.0,0.0,calm,84.0
9.4,0.56,69.0,42.0,7.6,233.0,1.0,79.0,1.0,energetic,72.0
27.9,0.68,65.0,44.0,10.0,288.0,1.0,29.0,1.0,energetic,91.0
19.9,0.73,70.0,43.0,9.1,292.0,0.0,19.0,0.0,calm,85.0
38.4,0.91,58.0,63.0,9.4,59.0,1.0,59.0,0.0,energetic,96.0
38.7,0.82,82.0,60.0,9.3,163.0,1.0,81.0,0.0,energetic,100.0
37.8,0.61,64.0,47.0,4.1,253.0,0.0,85.0,0.0,calm,95.0
13.3,0.6,55.0,49.0,4.0,41.0,1.0,82.0,0.0,calm,76.0
32.6,0.72,63.0,49.0,7.7,244.0,1.0,15.0,0.0,calm,93.0
32.0,0.81,69.0,45.0,4.2,41.0,1.0,65.0,0.0,energetic,100.0
9.0,0.45,64.0,39.0,6.0,227.0,0.0,42.0,0.0,calm,62.0
11.4,0.5,90.0,73.0,5.3,164.0,1.0,13.0,1.0,calm,85.0
15.2,0.32,45.0,37.0,9.4,164.0,0.0,25.0,1.0,energetic,59.0
26.0,0.75,47.0,36.0,6.0,75.0,1.0,88.0,1.0,calm,83.0
36.2,1.0,63.0,42.0,4.2,241.0,1.0,42.0,1.0,energetic,100.0
33.6,0.58,56.0,66.0,6.4,208.0,0.0,62.0,1.0,calm,91.0
34.1,0.78,91.0,59.0,7.6,101.0,0.0,8.0,0.0,calm,100.0
12.4,0.56,57.0,46.0,9.1,167.0,0.0,79.0,0.0,calm,64.0
11.8,0.52,77.0,48.0,9.6,124.0,0.0,44.0,0.0,energetic,81.0
32.3,0.88,42.0,44.0,9.9,110.0,1.0,25.0,1.0,energetic,89.0
28.0,0.93,74.0,62.0,6.2,182.0,1.0,51.0,1.0,calm,100.0
23.1,0.58,80.0,63.0,,226.0,1.0,86.0,1.0,calm,89.0
27.5,0.71,78.0,71.0,8.8,129.0,0.0,28.0,0.0,calm,96.0
20.5,0.78,75.0,68.0,4.6,164.0,1.0,62.0,0.0,calm,88.0
23.0,0.79,54.0,59.0,5.7,208.0,0.0,63.0,0.0,energetic,83.0
23.8,0.82,74.0,62.0,9.6,209.0,0.0,22.0,0.0,calm,92.0
35.1,0.93,57.0,42.0,7.8,177.0,0.0,16.0,0.0,calm,92.0
,0.82,44.0,49.0,4.2,177.0,0.0,23.0,0.0,calm,72.0
34.2,0.86,67.0,52.0,7.5,132.0,0.0,72.0,0.0,calm,100.0
35.3,0.86,67.0,45.0,9.7,45.0,0.0,19.0,0.0,energetic,100.0
22.1,0.72,50.0,35.0,7.0,201.0,0.0,84.0,0.0,calm,76.0
21.1,0.7,58.0,39.0,8.3,217.0,1.0,25.0,1.0,energetic,82.0
26.0,0.76,59.0,43.0,5.7,76.0,0.0,20.0,1.0,energetic,89.0
24.9,0.72,88.0,62.0,6.0,240.0,1.0,34.0,0.0,calm,93.0
17.0,0.52,72.0,57.0,8.2,141.0,1.0,9.0,1.0,energetic,85.0
11.4,0.5,83.0,54.0,5.9,176.0,1.0,22.0,1.0,energetic,79.0
36.8,1.0,87.0,65.0,8.1,264.0,0.0,32.0,1.0,calm,100.0
20.5,0.83,63.0,61.0,4.6,103.0,0.0,50.0,0.0,energetic,86.0
15.0,0.48,92.0,71.0,5.2,234.0,0.0,36.0,1.0,energetic,82.0
30.7,0.87,89.0,53.0,6.0,146.0,0.0,77.0,1.0,calm,100.0
6.1,0.62,62.0,51.0,5.4,112.0,1.0,76.0,0.0,calm,72.0
31.5,0.75,74.0,58.0,7.0,66.0,1.0,83.0,1.0,calm,100.0
27.7,0.87,47.0,49.0,6.9,204.0,1.0,88.0,1.0,energetic,85.0
5.1,0.53,60.0,46.0,9.0,-172.80952763899262,1.0,14.0,0.0,calm,66.0
13.3,0.69,59.0,50.0,9.5,126.0,1.0,49.0,1.0,energetic,76.0
27.0,0.78,95.0,57.0,6.2,165.0,1.0,81.0,1.0,energetic,98.0
16.9,0.74,83.0,56.0,5.7,193.0,0.0,28.0,0.0,calm,82.0
19.5,0.65,68.0,62.0,7.6,142.0,1.0,65.0,1.0,calm,89.0
24.9,0.84,75.0,50.0,5.7,135.0,1.0,36.0,1.0,energetic,91.0
28.5,0.7,75.0,48.0,8.3,291.0,0.0,88.0,1.0,calm,94.0
34.5,0.6,76.0,51.0,6.0,179.0,0.0,44.0,0.0,calm,97.0
22.7,0.83,46.0,64.0,4.7,258.0,1.0,8.0,0.0,calm,81.0
11.4,0.74,71.0,54.0,6.3,167.0,1.0,38.0,0.0,calm,77.0
5.9,0.66,84.0,56.0,9.7,213.0,0.0,59.0,1.0,energetic,76.0
5.9,0.62,47.0,37.0,7.5,191.0,0.0,62.0,0.0,energetic,60.0
34.4,0.88,88.0,73.0,8.9,35.0,1.0,45.0,1.0,calm,100.0
20.2,0.58,64.0,47.0,4.2,202.0,1.0,59.0,0.0,energetic,75.0
14.5,0.68,42.0,58.0,9.8,286.0,1.0,35.0,0.0,calm,70.0
38.7,0.87,61.0,41.0,4.2,247.0,0.0,29.0,1.0,calm,90.0
24.0,0.65,89.0,61.0,4.4,79.0,1.0,168.62190260814432,0.0,energetic,99.0
9.4,0.47,93.0,55.0,9.1,98.0,1.0,81.0,1.0,energetic,82.0
11.0,0.48,81.0,71.0,5.9,147.0,0.0,23.0,1.0,energetic,79.0
28.4,0.9,86.0,68.0,8.9,294.0,0.0,43.0,0.0,calm,100.0
19.1,0.67,58.0,57.0,4.9,127.0,1.0,51.0,0.0,calm,80.0
8.1,0.64,79.0,64.0,8.4,142.0,0.0,87.0,1.0,energetic,84.0
22.2,0.68,72.0,60.0,4.0,251.0,0.0,84.0,0.0,energetic,86.0
34.4,0.86,67.0,60.0,7.8,91.0,1.0,18.0,0.0,calm,100.0
15.0,0.76,94.0,61.0,5.8,127.0,1.0,77.0,1.0,calm,95.0
26.6,0.84,68.0,51.0,6.6,279.0,1.0,65.0,0.0,energetic,94.0
25.9,0.75,76.0,47.0,6.0,97.0,0.0,68.0,1.0,calm,92.0
9.3,0.52,94.0,58.0,7.0,244.0,1.0,51.0,0.0,energetic,82.0
23.9,0.81,82.0,51.0,7.1,186.0,1.0,72.0,1.0,calm,96.0
17.7,0.64,46.0,60.0,6.1,200.0,1.0,19.0,1.0,energetic,77.0
17.5,0.65,59.0,52.0,9.8,124.0,1.0,11.0,0.0,energetic,75.0
33.6,0.91,81.0,61.0,9.2,266.0,1.0,60.0,1.0,energetic,100.0
38.3,0.99,51.0,43.0,5.2,218.0,0.0,63.0,0.0,calm,97.0
7.4,0.53,65.0,66.0,6.0,100.0,1.0,39.0,1.0,energetic,78.0
14.0,0.62,74.0,43.0,8.1,39.0,0.0,81.0,0.0,energetic,79.0
9.1,0.85,95.0,57.0,8.8,204.0,1.0,32.0,0.0,calm,89.0
36.5,0.75,86.0,62.0,9.8,215.0,0.0,64.0,0.0,energetic,100.0
37.1,0.9,45.0,61.0,4.4,69.0,1.0,17.0,0.0,calm,97.0
7.2,0.57,51.0,49.0,7.7,76.0,1.0,76.0,0.0,calm,68.0
8.9,0.56,74.0,42.0,6.7,297.0,0.0,82.0,0.0,calm,76.0
8.8,0.75,60.0,39.0,8.8,56.0,1.0,46.0,0.0,calm,79.0
38.7,0.81,73.0,55.0,9.3,133.0,0.0,76.0,0.0,energetic,100.0
28.6,0.63,52.0,52.0,6.6,116.0,1.0,71.0,1.0,energetic,86.0
10.3,0.49,87.0,70.0,9.9,32.0,0.0,20.0,1.0,calm,81.0
11.4,0.52,64.0,40.0,9.7,197.0,1.0,78.0,0.0,calm,66.0
16.7,0.64,69.0,58.0,6.5,126.0,1.0,81.0,0.0,energetic,81.0
33.8,0.72,64.0,55.0,9.2,240.0,1.0,24.0,0.0,energetic,91.0
19.8,0.83,87.0,58.0,7.6,193.0,0.0,151.944710436688,0.0,energetic,93.0
8.7,0.59,89.0,73.0,9.3,178.0,0.0,80.0,0.0,energetic,82.0
36.8,0.84,66.0,65.0,9.4,201.0,1.0,42.0,0.0,calm,100.0
12.9,,94.0,76.0,6.7,39.0,1.0,61.0,1.0,calm,100.0
15.1,0.56,49.0,60.0,6.9,68.0,1.0,27.0,1.0,energetic,79.0
11.0,0.53,41.0,62.0,7.9,235.0,1.0,15.0,1.0,energetic,65.0
17.8,0.66,58.0,46.0,5.2,163.0,1.0,37.0,1.0,calm,74.0
36.2,0.89,54.0,48.0,6.5,140.0,1.0,51.0,0.0,calm,99.0
32.8,0.79,45.0,42.0,7.6,180.0,0.0,47.0,0.0,energetic,84.0
37.1,0.99,78.0,72.0,8.5,246.0,1.0,80.0,0.0,energetic,100.0
16.9,0.68,81.0,67.0,4.9,64.0,0.0,33.0,1.0,energetic,92.0
16.0,0.66,64.0,57.0,8.4,238.0,0.0,24.0,1.0,calm,78.0
34.9,0.83,70.0,66.0,7.8,224.0,0.0,64.0,1.0,energetic,100.0
34.9,0.76,46.0,50.0,4.3,181.0,1.0,17.0,1.0,energetic,86.0
17.4,0.65,94.0,66.0,9.9,107.0,1.0,89.0,1.0,energetic,100.0
34.6,0.89,62.0,56.0,9.8,106.0,1.0,79.0,0.0,calm,97.0
24.3,0.63,52.0,10.947963778098043,8.2,163.0,0.0,67.0,0.0,calm,83.0
10.2,0.64,46.0,51.0,7.1,150.0,1.0,45.0,0.0,energetic,68.0
22.7,0.77,48.0,53.0,5.6,136.0,0.0,56.0,1.0,energetic,81.0
9.3,0.57,43.0,45.0,6.7,67.0,1.0,33.0,0.0,calm,71.0
31.0,0.72,88.0,61.0,9.2,192.0,1.0,54.0,0.0,calm,100.0
23.8,0.71,62.0,60.0,8.0,31.0,0.0,77.0,1.0,energetic,88.0
28.1,0.76,62.0,41.0,4.2,76.0,1.0,16.0,1.0,calm,87.0
38.6,1.0,80.0,56.0,5.9,140.0,0.0,24.0,0.0,calm,100.0
33.1,0.7,48.0,46.0,4.9,299.0,0.0,87.0,0.0,calm,87.0
38.9,0.98,55.0,59.0,6.0,184.0,1.0,84.0,0.0,calm,100.0
34.8,0.81,69.0,66.0,6.1,165.0,1.0,13.0,0.0,calm,100.0
29.1,0.74,61.0,64.0,6.1,293.0,0.0,81.0,0.0,energetic,89.0
19.0,0.56,69.0,48.0,4.2,202.0,1.0,60.0,0.0,calm,76.0
9.4,0.66,91.0,64.0,9.1,280.0,1.0,85.0,1.0,energetic,84.0
36.0,0.99,86.0,65.0,9.6,176.0,0.0,16.0,0.0,calm,100.0
6.6,0.54,45.0,45.0,8.7,209.0,1.0,54.0,0.0,calm,58.0
15.4,0.7,53.0,44.0,6.5,115.0,0.0,49.0,0.0,calm,77.0
32.9,0.89,57.0,44.0,7.5,225.0,0.0,27.0,0.0,energetic,92.0
10.7,0.58,75.0,49.0,9.4,123.0,1.0,7.0,0.0,energetic,74.0
35.5,0.68,75.0,67.0,8.3,258.0,0.0,80.0,1.0,energetic,100.0
18.0,0.48,66.0,54.0,4.7,268.0,1.0,34.0,0.0,energetic,77.0
31.4,0.8,87.0,62.0,6.0,294.0,0.0,38.0,1.0,calm,99.0
32.0,0.72,91.0,50.0,5.4,197.0,0.0,70.0,0.0,energetic,100.0
11.5,0.72,71.0,42.0,5.5,59.0,1.0,23.0,1.0,calm,80.0
18.0,0.79,52.0,48.0,5.4,191.0,1.0,83.0,1.0,calm,80.0
24.7,0.85,42.0,61.0,7.7,180.0,0.0,81.0,0.0,calm,82.0
34.9,0.84,58.0,61.0,4.5,175.0,1.0,66.0,1.0,energetic,100.0
32.9,0.77,51.0,60.0,7.8,248.0,0.0,58.0,0.0,calm,94.0
25.2,0.91,87.0,53.0,7.5,111.0,1.0,45.0,0.0,energetic,100.0
21.8,0.94,52.0,108.97711848815314,7.9,85.0,0.0,38.0,0.0,energetic,89.0
11.1,0.38,60.0,38.0,5.5,269.0,1.0,46.0,1.0,energetic,64.0
28.4,0.8,68.0,46.0,7.8,62.0,0.0,77.0,0.0,energetic,94.0
20.5,0.64,70.0,54.0,4.1,143.0,0.0,31.0,0.0,energetic,81.0
34.7,0.9,79.0,50.0,4.1,279.0,1.0,11.0,0.0,calm,100.0
25.8,0.71,85.0,49.0,5.2,235.0,0.0,56.0,0.0,calm,96.0
24.0,0.65,48.0,60.0,5.3,157.0,0.0,74.0,0.0,calm,81.0
39.5,0.94,72.0,57.0,5.1,217.0,,28.0,0.0,energetic,100.0
5.6,0.57,62.0,67.0,9.9,236.0,1.0,60.0,1.0,energetic,66.0
30.9,0.73,80.0,47.0,5.4,286.0,1.0,51.0,1.0,calm,99.0
33.6,0.91,77.0,56.0,8.0,209.0,0.0,49.0,1.0,energetic,100.0
29.1,0.55,62.0,53.0,4.2,282.0,1.0,88.0,0.0,calm,85.0
10.0,0.57,48.0,64.0,6.4,67.0,1.0,45.0,0.0,calm,73.0
29.6,0.76,51.0,37.0,4.3,145.0,1.0,8.0,0.0,calm,83.0
35.6,0.88,48.0,58.0,8.5,131.0,1.0,11.0,0.0,energetic,94.0
17.4,0.85,82.0,55.0,4.1,54.0,0.0,20.0,0.0,energetic,94.0
27.8,0.66,74.0,55.0,6.4,34.0,0.0,55.0,0.0,energetic,96.0
36.0,0.85,75.0,52.0,9.7,91.0,0.0,16.0,0.0,calm,99.0
39.0,0.68,60.0,66.0,5.4,249.0,0.0,41.0,1.0,calm,97.0
17.6,0.53,92.0,62.0,4.5,153.0,0.0,90.0,0.0,energetic,82.0
17.6,0.63,87.0,76.0,6.0,69.0,0.0,38.0,1.0,calm,91.0
28.5,0.78,80.0,46.0,4.9,267.0,0.0,6.0,1.0,energetic,91.0
14.7,0.68,56.0,41.0,8.2,110.0,0.0,,0.0,calm,72.0
37.8,0.87,83.0,48.0,4.3,199.0,0.0,90.0,0.0,calm,100.0
29.4,0.82,95.0,68.0,4.5,52.0,0.0,35.0,0.0,energetic,100.0
38.3,0.93,46.0,,5.1,60.0,0.0,18.0,0.0,energetic,93.0
10.3,0.49,58.0,59.0,8.9,46.0,0.0,43.0,0.0,energetic,66.0
16.1,0.7,80.0,68.0,4.2,200.0,0.0,63.0,0.0,calm,85.0
12.3,0.77,69.0,67.0,8.7,234.0,0.0,76.0,1.0,energetic,85.0
26.6,0.81,44.0,46.0,5.0,285.0,1.0,64.0,1.0,energetic,84.0
22.6,0.85,50.0,45.0,6.2,253.0,0.0,46.0,0.0,calm,79.0
22.2,0.69,60.0,61.0,7.4,78.0,0.0,16.0,0.0,energetic,88.0
12.8,0.74,72.0,61.0,4.1,161.0,1.0,75.0,0.0,calm,78.0
33.7,0.68,67.0,54.0,8.2,270.0,1.0,76.0,1.0,calm,97.0
7.8,0.64,61.0,60.0,10.0,147.0,0.0,7.0,1.0,energetic,67.0
16.0,0.78,42.0,61.0,6.4,192.0,1.0,60.0,0.0,calm,79.0
9.7,0.82,40.0,35.0,9.8,199.0,1.0,15.0,1.0,energetic,61.0
23.7,0.93,59.0,53.0,4.6,78.0,1.0,32.0,0.0,energetic,92.0
22.4,0.87,50.0,47.0,6.3,150.0,0.0,55.0,1.0,calm,77.0
30.5,0.81,42.0,62.0,8.8,150.0,1.0,67.0,0.0,calm,94.0
14.6,0.57,75.0,44.0,5.8,102.0,0.0,9.0,1.0,calm,79.0
5.2,0.56,43.0,46.0,4.0,95.0,0.0,40.0,0.0,calm,58.0
39.6,0.72,85.0,59.0,7.3,30.0,1.0,17.0,1.0,energetic,100.0
33.5,0.74,75.0,47.0,8.6,169.0,1.0,63.0,1.0,energetic,99.0
19.5,0.85,94.0,77.0,4.9,234.0,1.0,11.0,1.0,energetic,96.0
35.6,0.8,75.0,51.0,4.5,75.0,1.0,29.0,1.0,energetic,100.0
-25.20712626511224,0.63,67.0,64.0,6.9,241.0,1.0,78.0,0.0,energetic,91.0
16.2,0.6,77.0,59.0,8.2,183.0,0.0,24.0,1.0,energetic,82.0
20.2,0.72,50.0,52.0,8.9,177.0,1.0,88.0,1.0,calm,74.0
22.8,0.81,65.0,58.0,7.6,97.0,1.0,8.0,0.0,energetic,90.0
12.7,0.5,56.0,47.0,7.7,31.0,1.0,19.0,1.0,energetic,79.0
14.4,0.62,-2.4755457816434614,59.0,9.5,297.0,0.0,69.0,1.0,energetic,70.0
29.7,0.75,52.0,40.0,6.4,43.0,0.0,12.0,1.0,calm,87.0
11.0,0.84,56.0,60.0,5.4,136.0,0.0,73.0,1.0,energetic,73.0
35.1,0.71,65.0,50.0,5.8,112.0,0.0,79.0,0.0,energetic,99.0
9.8,0.51,75.0,67.0,8.6,156.0,1.0,63.0,0.0,energetic,78.0
21.2,0.76,56.0,44.0,8.9,78.0,1.0,90.0,0.0,calm,82.0
23.7,0.64,59.0,49.0,8.0,281.0,1.0,52.0,0.0,calm,75.0
30.2,0.76,90.0,62.0,6.4,208.0,0.0,26.0,0.0,energetic,100.0
22.0,0.81,92.0,68.0,7.4,115.0,1.0,43.0,0.0,calm,100.0
23.8,0.83,86.0,76.0,9.4,198.0,1.0,16.0,0.0,energetic,100.0
20.7,0.76,63.0,68.0,4.3,261.0,1.0,39.0,1.0,energetic,85.0
5.9,0.62,49.0,55.0,9.0,228.0,0.0,49.0,0.0,energetic,58.0
23.1,0.58,91.0,76.0,6.1,150.0,1.0,50.0,0.0,calm,100.0
26.9,0.86,87.0,56.0,9.1,270.0,1.0,63.0,0.0,calm,100.0
32.6,0.72,66.0,69.0,8.8,78.0,0.0,73.0,1.0,energetic,93.0
16.0,0.95,50.0,42.0,9.0,105.0,0.0,77.0,1.0,energetic,85.0
11.9,0.65,91.0,75.0,6.8,230.0,1.0,28.0,0.0,energetic,91.0
20.5,0.7,91.0,67.0,9.9,261.0,0.0,37.0,1.0,energetic,89.0
24.3,0.81,54.0,59.0,7.7,149.0,0.0,69.0,0.0,energetic,88.0
13.8,0.71,67.0,59.0,9.4,59.0,0.0,54.0,0.0,calm,80.0
29.4,0.84,70.0,54.0,8.4,130.0,1.0,22.0,0.0,calm,98.0
19.0,0.73,78.0,72.0,6.3,300.0,0.0,60.0,0.0,energetic,87.0
36.8,1.0,74.0,45.0,5.1,55.0,0.0,87.0,0.0,calm,100.0
31.9,0.86,52.0,52.0,9.9,224.0,0.0,31.0,0.0,calm,85.0
5.2,0.71,78.0,59.0,5.9,35.0,1.0,81.0,0.0,calm,84.0
35.5,1.0,91.0,48.0,6.4,56.0,1.0,79.0,1.0,energetic,100.0
34.9,0.92,46.0,35.0,7.5,93.0,1.0,14.0,0.0,calm,95.0
39.3,0.82,79.0,51.0,7.7,139.0,0.0,30.0,1.0,energetic,100.0
31.8,0.74,87.0,71.0,5.3,87.0,1.0,13.0,1.0,energetic,100.0
26.2,0.81,88.0,59.0,6.5,280.0,0.0,10.0,0.0,energetic,100.0
-22.81271268529159,0.71,93.0,54.0,9.0,224.0,1.0,55.0,0.0,calm,82.0
8.4,0.65,87.0,72.0,7.4,260.0,0.0,50.0,1.0,calm,86.0
13.2,0.59,79.0,52.0,7.2,208.0,0.0,36.0,0.0,energetic,84.0
21.6,0.72,57.0,46.0,4.2,294.0,1.0,87.0,0.0,calm,78.0
17.9,0.68,74.0,49.0,5.7,243.0,1.0,24.0,0.0,calm,82.0
12.4,0.63,55.0,65.0,5.2,52.0,0.0,75.0,1.0,calm,82.0
17.9,0.74,77.0,61.0,16.99808149299915,55.0,1.0,32.0,0.0,energetic,93.0
34.2,0.75,69.0,43.0,8.9,276.0,1.0,70.0,0.0,calm,96.0
20.1,0.64,74.0,66.0,7.7,74.0,1.0,41.0,1.0,calm,89.0
36.0,0.8,63.0,59.0,7.1,144.0,1.0,64.0,0.0,energetic,100.0
13.3,0.65,48.0,40.0,4.6,202.0,1.0,19.0,1.0,calm,66.0
14.8,0.74,90.0,64.0,7.4,205.0,1.0,78.0,0.0,energetic,92.0
20.3,0.66,72.0,64.0,6.8,150.0,0.0,86.0,1.0,calm,85.0
23.1,0.65,76.0,72.0,9.7,262.0,0.0,23.0,1.0,energetic,85.0
16.7,0.52,,39.0,6.1,179.0,1.0,63.0,0.0,calm,70.0
28.2,0.76,73.0,59.0,5.6,130.0,0.0,48.0,0.0,energetic,96.0
36.5,0.95,84.0,61.0,7.4,175.0,1.0,23.0,1.0,energetic,100.0
6.6,0.57,68.0,60.0,5.0,227.0,1.0,31.0,0.0,calm,71.0
22.9,0.65,73.0,69.0,5.9,209.0,1.0,34.0,0.0,calm,95.0
38.5,1.0,89.0,57.0,5.8,108.0,1.0,65.0,0.0,energetic,100.0
7.1,0.59,62.0,43.0,9.6,233.0,0.0,19.0,0.0,energetic,66.0
9.3,0.74,41.0,35.0,9.0,168.0,1.0,72.0,0.0,calm,65.0
36.4,0.77,62.0,60.0,7.0,66.0,0.0,55.0,0.0,calm,99.0
6.2,0.6,86.0,55.0,8.1,151.0,0.0,13.0,1.0,energetic,79.0
9.9,0.64,92.0,62.0,7.2,183.0,1.0,61.0,0.0,energetic,87.0
32.8,0.78,85.0,47.0,5.4,83.0,1.0,43.0,1.0,energetic,100.0
39.3,0.91,47.0,36.0,8.8,176.0,1.0,73.0,0.0,calm,93.0
34.8,0.94,88.0,54.0,9.5,196.0,0.0,84.0,1.0,energetic,100.0
10.9,0.67,77.0,47.0,5.7,208.0,0.0,54.0,1.0,energetic,79.0
35.7,0.97,86.0,64.0,5.9,43.0,0.0,64.0,1.0,energetic,100.0
36.6,0.75,52.0,56.0,6.5,230.0,1.0,46.0,1.0,calm,93.0
13.7,0.65,73.0,49.0,7.1,121.0,0.0,16.0,1.0,calm,84.0
31.5,0.92,64.0,50.0,5.2,219.0,0.0,30.0,1.0,calm,94.0
9.4,0.6,53.0,47.0,4.7,66.0,0.0,79.0,0.0,calm,69.0
31.9,0.78,67.0,47.0,9.9,210.0,0.0,86.0,1.0,calm,92.0
6.4,0.73,82.0,72.0,9.6,80.0,0.0,81.0,0.0,calm,88.0
29.7,0.85,77.0,68.0,7.0,297.0,1.0,41.0,0.0,energetic,100.0
18.5,0.71,54.0,63.0,6.9,45.0,1.0,14.0,1.0,energetic,90.0
24.3,0.67,64.0,46.0,4.5,233.0,1.0,9.0,1.0,energetic,80.0
27.0,0.74,86.0,70.0,5.9,184.0,0.0,78.0,1.0,energetic,100.0
13.4,0.45,86.0,46.0,4.3,96.0,0.0,72.0,1.0,calm,75.0
18.3,0.64,78.0,47.0,5.9,282.0,0.0,48.0,0.0,energetic,85.0
10.0,0.62,43.0,46.0,8.9,246.0,1.0,70.0,1.0,calm,62.0
6.5,0.62,40.0,52.0,6.5,35.0,1.0,57.0,0.0,calm,68.0
24.1,0.74,78.0,47.0,8.3,281.0,0.0,9.0,0.0,energetic,89.0
30.3,1.0,46.0,63.0,9.5,37.0,0.0,46.0,0.0,energetic,100.0
39.4,0.95,91.0,50.0,7.5,282.0,0.0,83.0,1.0,energetic,100.0
28.5,0.93,51.0,62.0,9.0,299.0,0.0,45.0,1.0,calm,88.0
37.3,0.88,54.0,53.0,9.6,156.0,1.0,34.0,0.0,calm,99.0
19.9,0.44,77.0,72.0,4.5,197.0,1.0,29.0,0.0,calm,89.0
22.5,0.71,63.0,44.0,6.8,126.0,0.0,85.0,0.0,energetic,84.0
19.7,0.84,69.0,55.0,7.6,122.0,0.0,45.0,0.0,calm,88.0
7.5,0.59,89.0,71.0,16.22782726713721,63.0,0.0,16.0,0.0,energetic,82.0
5.7,0.72,58.0,44.0,4.6,33.0,0.0,89.0,0.0,calm,71.0
30.6,1.0,54.0,51.0,7.2,103.0,1.0,68.0,0.0,energetic,96.0
19.6,0.5,86.0,49.0,9.1,61.0,1.0,16.0,0.0,calm,90.0
11.1,0.8,71.0,51.0,6.4,116.0,1.0,19.0,1.0,calm,88.0
5.6,0.54,65.0,56.0,9.5,74.0,0.0,19.0,0.0,calm,73.0
15.9,0.71,81.0,64.0,8.7,-190.37044710741273,0.0,68.0,1.0,calm,87.0
33.4,0.6,67.0,9.109457697843744,-1.573286573285408,179.0,0.0,60.0,0.0,calm,91.0
14.3,0.64,59.0,60.0,7.8,161.0,1.0,47.0,1.0,calm,72.0
22.7,0.79,85.0,63.0,5.0,265.0,0.0,38.0,1.0,calm,93.0
33.1,0.7,70.0,42.0,8.1,113.0,0.0,74.0,0.0,energetic,96.0
23.1,0.69,92.0,61.0,6.8,118.0,0.0,59.0,0.0,calm,97.0
28.6,0.86,90.0,51.0,5.0,80.0,1.0,42.0,0.0,energetic,100.0
8.2,0.56,75.0,,5.8,189.0,1.0,27.0,0.0,energetic,67.0
36.4,0.91,66.0,41.0,6.3,258.0,1.0,28.0,1.0,energetic,100.0
30.1,0.75,59.0,50.0,5.8,77.0,1.0,46.0,0.0,energetic,92.0
30.1,0.6,56.0,45.0,4.3,108.0,0.0,27.0,0.0,calm,78.0
18.1,0.75,64.0,45.0,4.4,155.0,0.0,64.0,0.0,energetic,83.0
15.5,0.79,94.0,50.0,6.9,177.0,0.0,62.0,1.0,calm,93.0
14.5,0.59,67.0,41.0,4.0,140.0,1.0,50.0,1.0,calm,69.0
13.4,0.43,43.0,,5.2,279.0,0.0,38.0,1.0,energetic,56.0
5.8,0.57,74.0,64.0,6.9,287.0,1.0,22.0,1.0,calm,70.0
31.3,0.84,40.0,59.0,7.7,229.0,0.0,89.0,1.0,calm,85.0
28.2,0.73,84.0,60.0,7.4,254.0,0.0,5.0,0.0,calm,98.0
26.8,0.71,62.0,63.0,8.0,158.0,0.0,65.0,1.0,energetic,92.0
15.9,0.66,55.0,46.0,9.1,240.0,1.0,49.0,0.0,calm,79.0
17.0,0.57,78.0,63.0,8.8,249.0,1.0,84.0,0.0,calm,77.0
23.0,0.56,74.0,52.0,5.9,191.0,1.0,63.0,0.0,energetic,81.0
29.2,0.94,79.0,56.0,-1.6282651690001027,193.0,0.0,39.0,0.0,calm,100.0
35.4,1.0,61.0,49.0,7.3,168.0,0.0,22.0,0.0,calm,98.0
22.8,0.85,71.0,47.0,17.659012275483335,72.0,0.0,55.0,0.0,energetic,94.0
28.6,0.71,81.0,60.0,7.8,258.0,1.0,49.0,0.0,energetic,97.0
38.5,0.79,62.0,49.0,5.1,188.0,1.0,65.0,0.0,energetic,100.0
34.4,0.92,76.0,59.0,4.3,168.0,0.0,71.0,0.0,calm,100.0
23.3,0.84,71.0,47.0,4.7,296.0,1.0,69.0,0.0,energetic,86.0
24.3,0.58,73.0,46.0,9.0,258.0,1.0,35.0,0.0,calm,79.0
31.5,0.86,54.0,49.0,5.6,191.0,1.0,44.0,0.0,energetic,92.0
13.3,0.65,59.0,42.0,8.4,89.0,0.0,42.0,0.0,calm,73.0
34.2,0.66,92.0,65.0,5.0,172.0,0.0,34.0,0.0,energetic,100.0
34.2,0.9,76.0,72.0,6.5,227.0,0.0,16.0,0.0,energetic,100.0
34.1,0.68,86.0,62.0,4.4,172.0,1.0,61.0,0.0,energetic,100.0
20.5,0.7,43.0,46.0,8.6,267.0,1.0,70.0,0.0,calm,73.0
34.6,0.78,66.0,52.0,9.9,255.0,1.0,89.0,0.0,calm,97.0
32.7,1.0,91.0,67.0,6.8,198.0,1.0,56.0,1.0,calm,100.0
29.3,0.81,74.0,44.0,9.3,176.0,1.0,62.0,1.0,energetic,93.0
24.3,0.79,73.0,61.0,7.6,142.0,0.0,71.0,1.0,calm,89.0
23.7,0.83,84.0,72.0,5.1,92.0,1.0,15.0,0.0,energetic,100.0
5.3,0.56,59.0,66.0,5.0,246.0,0.0,13.0,0.0,energetic,67.0
35.3,0.83,73.0,48.0,9.2,277.0,1.0,53.0,0.0,calm,98.0
15.9,0.79,78.0,52.0,5.8,61.0,1.0,16.0,0.0,energetic,95.0
7.2,0.67,54.0,47.0,4.1,120.0,1.0,62.0,0.0,energetic,64.0
23.0,0.85,72.0,55.0,8.1,214.0,0.0,30.0,0.0,calm,95.0
14.2,0.61,87.0,66.0,6.6,250.0,0.0,44.0,0.0,calm,86.0
39.2,0.79,70.0,50.0,9.2,289.0,0.0,57.0,1.0,energetic,100.0
27.7,1.0,89.0,49.0,6.8,34.0,1.0,44.0,0.0,calm,100.0
34.6,0.72,68.0,44.0,9.7,61.0,0.0,87.0,1.0,calm,95.0
24.2,0.83,71.0,42.0,9.0,261.0,1.0,19.0,1.0,energetic,87.0
16.6,0.62,57.0,39.0,8.7,188.0,1.0,43.0,0.0,energetic,74.0
13.6,0.62,57.0,38.0,6.3,277.0,0.0,30.0,1.0,calm,72.0
9.9,1.3734821653515517,92.0,58.0,8.0,121.0,1.0,81.0,1.0,calm,79.0
35.9,0.84,83.0,74.0,6.9,203.0,0.0,88.0,0.0,energetic,100.0
30.4,0.86,73.0,56.0,4.2,161.0,0.0,52.0,0.0,energetic,94.0
37.5,0.82,83.0,63.0,5.1,176.0,1.0,26.0,0.0,calm,100.0
28.3,0.87,63.0,54.0,9.4,272.0,0.0,70.0,0.0,calm,87.0
32.6,0.97,58.0,60.0,5.8,113.0,0.0,58.0,0.0,calm,97.0
27.2,0.87,66.0,62.0,6.3,50.0,1.0,11.0,1.0,energetic,98.0
21.7,0.83,75.0,44.0,9.1,181.0,0.0,36.0,0.0,calm,90.0
7.4,0.37,84.0,55.0,4.7,137.0,1.0,43.0,0.0,energetic,77.0
21.6,0.73,47.0,41.0,8.4,122.0,0.0,17.0,0.0,calm,74.0
26.5,0.81,43.0,36.0,10.0,239.0,1.0,68.0,0.0,energetic,81.0
32.5,0.71,45.0,52.0,7.2,204.0,1.0,46.0,1.0,calm,85.0
18.5,0.67,91.0,62.0,4.4,292.0,1.0,11.0,1.0,energetic,89.0
23.5,0.71,86.0,56.0,9.3,51.0,1.0,53.0,0.0,energetic,97.0
6.4,0.46,89.0,59.0,6.5,205.0,0.0,79.0,0.0,energetic,71.0
32.7,0.82,82.0,45.0,5.2,243.0,1.0,23.0,0.0,energetic,100.0
13.1,0.51,75.0,54.0,9.2,254.0,1.0,76.0,1.0,calm,80.0
34.9,0.92,43.0,37.0,4.2,34.0,1.0,15.0,1.0,calm,95.0
25.6,0.67,81.0,53.0,5.2,151.0,1.0,54.0,0.0,calm,97.0
10.5,0.65,76.0,59.0,4.4,44.0,0.0,62.0,1.0,energetic,81.0
31.4,0.75,68.0,42.0,5.7,72.0,1.0,5.0,0.0,energetic,93.0
29.4,0.73,70.0,60.0,5.2,238.0,0.0,64.0,0.0,calm,91.0
24.2,0.8,45.0,43.0,5.8,185.0,0.0,66.0,0.0,energetic,75.0
32.8,0.96,90.0,51.0,4.3,297.0,1.0,49.0,0.0,calm,100.0
22.9,0.79,91.0,67.0,4.0,181.0,1.0,85.0,0.0,energetic,100.0
30.6,0.79,90.0,52.0,4.2,167.0,1.0,31.0,0.0,calm,100.0
19.3,0.79,47.0,38.0,5.2,215.0,0.0,40.0,0.0,energetic,70.0
30.8,0.91,93.0,62.0,8.9,183.0,0.0,76.0,1.0,calm,100.0
16.6,0.64,62.0,40.0,4.1,276.0,0.0,43.0,0.0,energetic,68.0
28.2,0.78,85.0,52.0,6.8,78.0,0.0,33.0,1.0,calm,98.0
9.3,0.6,52.0,62.0,6.8,58.0,1.0,38.0,0.0,energetic,74.0
19.2,0.74,50.0,39.0,7.8,255.0,0.0,55.0,0.0,calm,79.0
31.8,0.87,90.0,73.0,9.9,251.0,0.0,15.0,0.0,energetic,100.0
27.3,0.9,91.0,49.0,4.7,232.0,0.0,75.0,0.0,calm,98.0
35.6,1.0,75.0,70.0,9.0,265.0,1.0,47.0,1.0,energetic,100.0
33.4,0.75,52.0,53.0,8.8,277.0,1.0,35.0,0.0,calm,87.0
32.3,0.83,94.0,68.0,8.0,127.0,1.0,81.0,1.0,calm,100.0
32.6,0.79,65.0,42.0,8.0,138.0,0.0,6.0,0.0,energetic,95.0
10.0,0.63,55.0,55.0,4.9,32.0,0.0,36.0,1.0,energetic,73.0
14.3,0.64,63.0,52.0,8.9,180.0,1.0,23.0,1.0,calm,72.0
8.1,0.44,56.0,56.0,9.7,260.0,0.0,12.0,1.0,energetic,62.0
8.3,0.61,74.0,57.0,9.2,180.0,1.0,89.0,1.0,calm,73.0
37.2,1.0,77.0,71.0,5.9,251.0,1.0,90.0,1.0,calm,100.0
15.8,0.56,81.0,56.0,7.2,256.0,1.0,31.0,0.0,energetic,80.0
11.7,0.64,88.0,49.0,9.3,196.0,0.0,10.0,0.0,calm,82.0
28.4,0.94,64.0,54.0,6.0,99.0,0.0,49.0,0.0,energetic,94.0
22.7,0.81,70.0,53.0,9.3,117.0,1.0,11.0,0.0,calm,95.0
15.4,0.75,41.0,47.0,7.9,31.0,1.0,10.0,1.0,energetic,82.0
14.7,0.66,45.0,42.0,5.6,97.0,1.0,17.0,0.0,energetic,71.0
7.0,0.54,46.0,49.0,5.3,84.0,1.0,13.0,1.0,calm,66.0
31.4,0.92,91.0,77.0,9.6,185.0,0.0,31.0,0.0,calm,100.0
23.4,0.71,71.0,71.0,7.9,203.0,0.0,66.0,0.0,calm,91.0
16.0,0.59,44.0,43.0,9.5,250.0,1.0,67.0,0.0,calm,70.0
25.8,0.71,53.0,46.0,5.2,265.0,0.0,63.0,0.0,energetic,85.0
19.8,0.63,83.0,74.0,4.1,153.0,1.0,87.0,0.0,calm,94.0
31.1,0.99,57.0,47.0,8.2,225.0,0.0,80.0,0.0,energetic,97.0
15.2,0.62,83.0,62.0,8.9,47.0,0.0,30.0,0.0,energetic,87.0
37.7,0.84,67.0,64.0,6.4,39.0,0.0,88.0,0.0,calm,100.0
20.9,0.52,65.0,40.0,5.1,282.0,0.0,33.0,1.0,calm,75.0
8.8,0.58,82.0,59.0,9.2,199.0,0.0,44.0,0.0,energetic,74.0
17.2,0.82,64.0,59.0,4.3,199.0,0.0,45.0,0.0,calm,78.0
16.8,0.82,50.0,39.0,7.3,250.0,1.0,69.0,1.0,energetic,78.0
24.3,0.8,89.0,54.0,9.5,135.0,1.0,34.0,1.0,calm,100.0
5.1,0.46,46.0,37.0,6.0,221.0,0.0,39.0,0.0,energetic,58.0
19.2,0.78,86.0,55.0,6.9,55.0,1.0,49.0,1.0,calm,95.0
30.5,0.88,55.0,49.0,6.2,163.0,1.0,37.0,0.0,calm,94.0
32.8,0.9,78.0,61.0,8.9,216.0,1.0,80.0,0.0,calm,100.0
22.2,0.77,,53.0,8.8,134.0,1.0,41.0,1.0,energetic,97.0
33.8,0.92,84.0,67.0,9.6,169.0,1.0,45.0,1.0,energetic,100.0
34.5,0.66,50.0,43.0,5.1,,0.0,51.0,0.0,calm,88.0
35.6,1.0,44.0,41.0,7.8,171.0,0.0,43.0,1.0,energetic,94.0
10.7,0.59,65.0,59.0,5.5,263.0,0.0,59.0,0.0,calm,72.0
38.4,1.0,86.0,76.0,6.8,267.0,1.0,14.0,0.0,calm,100.0
35.3,0.85,52.0,41.0,7.3,79.0,0.0,60.0,1.0,energetic,100.0
25.4,0.91,94.0,55.0,9.6,288.0,0.0,67.0,1.0,calm,98.0
35.6,0.81,51.0,42.0,8.4,236.0,0.0,64.0,0.0,energetic,92.0
17.4,0.81,43.0,59.0,5.6,187.0,0.0,84.0,0.0,calm,75.0
35.6,0.9,86.0,67.0,6.9,268.0,1.0,28.0,0.0,energetic,100.0
11.2,0.4,53.0,59.0,8.6,208.0,1.0,62.0,1.0,calm,64.0
16.9,0.64,81.0,74.0,9.2,168.0,0.0,17.0,1.0,calm,91.0
20.2,0.79,,62.0,7.8,91.0,0.0,45.0,1.0,calm,89.0
20.6,0.76,79.0,47.0,6.1,87.0,1.0,59.0,1.0,calm,94.0
20.5,0.63,64.0,64.0,6.7,67.0,0.0,45.0,1.0,calm,89.0
19.0,0.69,58.0,51.0,9.7,215.0,0.0,33.0,1.0,calm,74.0
17.5,0.62,70.0,64.0,5.1,82.0,0.0,78.0,0.0,calm,82.0
28.9,0.84,88.0,74.0,8.3,272.0,1.0,37.0,1.0,energetic,100.0
9.2,0.54,60.0,43.0,8.7,251.0,0.0,57.0,1.0,energetic,63.0
8.9,0.55,78.0,65.0,8.3,290.0,0.0,72.0,0.0,calm,78.0
9.8,0.63,87.0,51.0,9.2,226.0,0.0,,0.0,energetic,75.0
24.9,0.64,62.0,40.0,6.2,52.0,1.0,21.0,0.0,energetic,86.0
38.7,0.72,68.0,52.0,7.9,149.0,1.0,59.0,0.0,calm,100.0
28.5,0.8,93.0,58.0,5.9,590.894144940123,0.0,74.0,0.0,calm,99.0
26.4,0.91,47.0,47.0,9.4,285.0,0.0,50.0,1.0,calm,83.0
5.9,0.57,95.0,72.0,6.4,253.0,1.0,23.0,0.0,calm,80.0
36.0,0.76,79.0,72.0,6.2,116.0,1.0,17.0,0.0,calm,100.0
34.5,0.85,42.0,62.0,9.7,143.0,0.0,26.0,0.0,energetic,100.0
10.5,0.44,92.0,51.0,6.0,52.0,0.0,86.0,1.0,calm,80.0
25.6,0.78,86.0,47.0,5.7,148.0,0.0,16.0,0.0,energetic,96.0
29.4,0.7,54.0,56.0,6.7,284.0,0.0,42.0,1.0,energetic,93.0
27.6,0.61,55.0,62.0,4.4,121.0,1.0,32.0,1.0,calm,87.0
6.3,0.49,81.0,59.0,7.1,182.0,0.0,15.0,1.0,calm,75.0
29.5,0.75,73.0,72.0,8.7,169.0,0.0,88.0,0.0,calm,98.0
10.2,0.87,65.0,60.0,8.3,129.0,1.0,41.0,1.0,energetic,82.0
26.2,0.74,46.0,56.0,7.9,235.0,1.0,12.0,1.0,calm,86.0
7.3,0.58,60.0,66.0,9.6,54.0,0.0,12.0,0.0,calm,72.0
16.1,0.72,88.0,56.0,9.1,54.0,0.0,23.0,0.0,calm,88.0
7.6,0.56,91.0,75.0,6.5,169.0,0.0,48.0,1.0,energetic,84.0
39.8,0.93,92.0,72.0,4.9,137.0,0.0,54.0,0.0,calm,100.0
25.2,0.74,47.0,39.0,5.5,85.0,1.0,65.0,0.0,calm,80.0
10.6,0.65,57.0,56.0,9.5,199.0,0.0,58.0,0.0,calm,68.0
33.8,0.76,78.0,56.0,9.4,138.0,1.0,65.0,1.0,calm,100.0
21.0,0.77,63.0,55.0,4.3,61.0,1.0,55.0,1.0,energetic,91.0
29.5,0.75,70.0,48.0,8.3,273.0,0.0,49.0,0.0,calm,96.0
32.6,0.76,59.0,56.0,5.8,89.0,1.0,67.0,1.0,calm,94.0
16.9,0.69,50.0,65.0,4.7,261.0,1.0,56.0,0.0,calm,74.0
21.9,0.71,68.0,41.0,9.9,137.0,1.0,72.0,0.0,calm,85.0
24.1,0.72,87.0,61.0,8.8,262.0,1.0,53.0,0.0,calm,100.0
20.2,0.82,91.0,57.0,7.9,165.0,1.0,67.0,0.0,calm,97.0
17.8,0.74,48.0,54.0,4.0,86.0,0.0,13.0,0.0,calm,80.0
10.5,0.57,66.0,65.0,6.6,182.0,0.0,89.0,1.0,calm,71.0
-25.345319681415223,0.6,55.0,65.0,7.0,285.0,0.0,15.0,0.0,energetic,69.0
10.6,0.72,44.0,56.0,6.1,100.0,1.0,20.0,0.0,calm,70.0
27.7,0.88,76.0,60.0,9.6,204.0,1.0,62.0,0.0,energetic,100.0
32.1,0.73,42.0,38.0,9.3,49.0,1.0,67.0,1.0,calm,92.0
32.9,0.92,89.0,72.0,8.8,144.0,1.0,86.0,0.0,energetic,100.0
26.5,0.84,60.0,67.0,5.5,120.0,0.0,10.0,0.0,energetic,96.0
18.7,0.7,77.0,64.0,4.9,264.0,1.0,85.0,1.0,calm,89.0
29.7,0.93,52.0,45.0,9.6,49.0,0.0,9.0,1.0,calm,93.0
26.8,0.72,65.0,52.0,9.7,30.0,0.0,30.0,0.0,energetic,95.0
38.1,0.87,65.0,67.0,8.8,104.0,0.0,46.0,0.0,calm,100.0
20.5,0.77,94.0,72.0,6.3,119.0,1.0,84.0,0.0,calm,100.0
25.2,0.65,41.0,57.0,5.3,43.0,0.0,63.0,0.0,calm,79.0
19.6,0.6,41.0,55.0,6.2,169.0,0.0,45.0,1.0,calm,69.0
12.3,0.65,76.0,55.0,7.7,206.0,1.0,88.0,1.0,energetic,78.0
17.9,0.67,40.0,39.0,7.0,245.0,0.0,78.0,1.0,calm,70.0
26.1,0.73,58.0,62.0,8.0,138.0,0.0,62.0,0.0,calm,90.0
13.3,0.62,92.0,74.0,4.6,261.0,0.0,77.0,1.0,energetic,85.0
17.7,0.53,61.0,51.0,5.8,215.0,0.0,57.0,0.0,energetic,74.0
22.7,0.8,84.0,67.0,7.5,285.0,0.0,22.0,1.0,energetic,91.0
27.5,0.68,63.0,51.0,7.6,35.0,0.0,35.0,1.0,calm,94.0
36.4,0.87,76.0,67.0,4.1,158.0,0.0,12.0,1.0,calm,100.0
34.5,0.99,62.0,44.0,4.4,264.0,0.0,22.0,1.0,calm,99.0
6.1,0.62,,66.0,4.8,274.0,1.0,17.0,1.0,energetic,69.0
30.2,0.87,49.0,50.0,7.2,220.0,0.0,23.0,0.0,energetic,88.0
24.9,0.75,81.0,66.0,7.8,42.0,1.0,29.0,1.0,calm,100.0
25.2,0.77,67.0,48.0,9.1,181.0,1.0,65.0,0.0,calm,91.0
31.3,0.82,52.0,62.0,8.9,139.0,1.0,51.0,1.0,energetic,95.0
10.8,0.63,73.0,57.0,9.9,89.0,1.0,50.0,1.0,energetic,80.0
17.8,0.68,94.0,62.0,4.7,113.0,1.0,62.0,0.0,energetic,93.0
11.0,0.68,45.0,51.0,6.0,105.0,1.0,6.0,0.0,calm,74.0
15.9,0.53,75.0,46.0,5.9,231.0,0.0,37.0,1.0,calm,77.0
30.3,0.72,60.0,60.0,8.0,87.0,0.0,42.0,0.0,energetic,88.0
24.1,0.8,45.0,54.0,4.1,197.0,1.0,90.0,0.0,calm,80.0
13.7,0.71,45.0,48.0,5.6,202.0,1.0,22.0,1.0,energetic,73.0
38.0,0.65,44.0,61.0,4.5,69.0,0.0,60.0,1.0,energetic,88.0
21.8,0.68,56.0,49.0,8.4,41.0,1.0,41.0,1.0,calm,82.0
24.5,0.87,84.0,55.0,5.3,263.0,1.0,67.0,0.0,energetic,100.0
8.1,0.44,78.0,71.0,8.6,237.0,0.0,14.0,1.0,calm,71.0
9.8,0.56,68.0,45.0,6.0,153.0,1.0,63.0,0.0,energetic,75.0
35.0,0.92,82.0,49.0,5.4,185.0,0.0,62.0,1.0,calm,100.0
20.1,0.68,63.0,50.0,8.6,289.0,0.0,46.0,1.0,energetic,79.0
6.1,0.36,95.0,54.0,7.3,220.0,0.0,8.0,0.0,energetic,70.0
14.0,0.75,79.0,51.0,4.9,93.0,0.0,40.0,1.0,energetic,83.0
11.8,0.7,43.0,34.0,7.3,225.0,1.0,77.0,0.0,energetic,66.0
38.8,0.97,45.0,60.0,5.8,237.0,0.0,34.0,1.0,energetic,100.0
9.6,0.75,46.0,44.0,5.5,152.0,1.0,70.0,1.0,energetic,71.0
23.5,0.77,82.0,65.0,5.2,82.0,1.0,42.0,1.0,calm,96.0
8.4,0.61,60.0,53.0,6.7,67.0,0.0,35.0,1.0,calm,69.0
38.6,0.9,76.0,69.0,7.0,255.0,0.0,20.0,1.0,calm,100.0
15.6,0.7,72.0,69.0,,51.0,0.0,9.0,0.0,calm,92.0
8.9,0.55,95.0,53.0,9.8,190.0,0.0,89.0,0.0,calm,79.0
27.5,0.75,82.0,74.0,6.2,183.0,0.0,38.0,0.0,energetic,98.0
12.6,0.63,88.0,55.0,8.1,280.0,0.0,53.0,0.0,energetic,76.0
36.1,0.72,88.0,68.0,4.6,188.0,0.0,9.0,1.0,energetic,100.0
14.6,0.48,42.0,57.0,,222.0,1.0,44.0,1.0,energetic,61.0
11.2,0.58,83.0,50.0,6.6,181.0,0.0,13.0,1.0,energetic,79.0
7.0,0.58,90.0,70.0,7.6,47.0,1.0,17.0,0.0,energetic,87.0
15.0,0.65,85.0,53.0,9.9,280.0,1.0,15.0,0.0,calm,89.0
19.2,0.66,64.0,44.0,7.5,254.0,1.0,72.0,1.0,calm,82.0
38.3,0.78,40.0,52.0,5.6,155.0,1.0,40.0,0.0,calm,91.0
17.3,0.84,48.0,8.032179310019515,6.1,173.0,0.0,16.0,1.0,calm,73.0
21.7,0.66,,39.0,9.7,150.0,0.0,52.0,1.0,energetic,71.0
6.5,0.46,82.0,74.0,7.4,224.0,1.0,45.0,0.0,calm,81.0
8.9,0.5,83.0,58.0,8.6,181.0,1.0,17.0,1.0,calm,75.0
33.4,0.92,87.0,63.0,4.5,105.0,1.0,53.0,0.0,calm,100.0
39.3,0.76,46.0,63.0,9.9,273.0,1.0,16.0,1.0,calm,93.0
33.6,0.9,89.0,67.0,4.1,105.0,1.0,87.0,0.0,energetic,100.0
15.8,0.55,64.0,42.0,9.9,262.0,0.0,9.0,0.0,energetic,72.0
38.3,0.95,62.0,45.0,7.7,89.0,0.0,84.0,0.0,energetic,100.0
37.9,1.0,55.0,57.0,5.5,177.0,0.0,44.0,1.0,calm,100.0
35.1,0.7,83.0,45.0,5.6,144.0,1.0,65.0,0.0,energetic,100.0
21.6,0.8,80.0,53.0,4.9,167.0,0.0,41.0,1.0,energetic,86.0
9.2,0.67,,61.0,9.0,77.0,1.0,34.0,1.0,energetic,77.0
31.6,0.75,55.0,42.0,7.3,177.0,0.0,50.0,0.0,energetic,84.0
30.4,0.93,92.0,64.0,8.5,157.0,1.0,82.0,0.0,calm,100.0
13.9,0.5,91.0,64.0,4.3,231.0,1.0,37.0,1.0,energetic,85.0
26.0,0.73,85.0,57.0,6.4,,1.0,28.0,0.0,calm,100.0
37.7,1.0,76.0,62.0,7.1,187.0,1.0,38.0,1.0,calm,100.0
36.8,0.82,62.0,57.0,4.5,64.0,0.0,9.0,1.0,calm,98.0
13.7,0.65,75.0,57.0,7.5,136.0,1.0,45.0,0.0,calm,86.0
27.1,0.84,80.0,56.0,7.5,50.0,0.0,23.0,1.0,energetic,99.0
13.2,0.73,86.0,51.0,6.3,153.0,0.0,26.0,1.0,calm,83.0
5.6,0.62,91.0,53.0,5.7,81.0,0.0,84.0,1.0,energetic,76.0
10.9,0.81,61.0,59.0,7.6,234.0,1.0,76.0,1.0,calm,82.0
5.5,0.58,53.0,55.0,7.4,294.0,1.0,89.0,0.0,energetic,68.0
27.7,0.7,45.0,54.0,9.7,243.0,0.0,79.0,0.0,calm,81.0
25.2,0.6,75.0,55.0,9.9,90.0,0.0,58.0,1.0,calm,93.0
5.1,0.44,46.0,43.0,6.4,120.0,0.0,71.0,0.0,energetic,57.0
24.9,0.68,72.0,54.0,8.4,259.0,0.0,17.0,1.0,energetic,87.0
31.7,0.78,73.0,63.0,5.0,181.0,0.0,14.0,0.0,energetic,95.0
28.2,0.98,87.0,61.0,6.2,207.0,0.0,53.0,1.0,calm,100.0
25.9,0.09882116661381657,47.0,39.0,9.5,41.0,0.0,51.0,0.0,calm,81.0
12.5,0.6,62.0,59.0,7.1,242.0,0.0,59.0,1.0,calm,72.0
16.1,0.65,79.0,57.0,8.6,268.0,0.0,14.0,0.0,calm,81.0
6.1,0.69,90.0,66.0,5.0,83.0,1.0,74.0,1.0,calm,89.0
6.1,0.67,52.0,47.0,8.9,93.0,1.0,78.0,1.0,energetic,69.0
17.0,0.66,46.0,56.0,5.2,140.0,1.0,62.0,1.0,energetic,70.0
38.9,0.84,88.0,71.0,8.4,295.0,1.0,41.0,0.0,calm,100.0
38.7,0.71,74.0,68.0,4.5,224.0,1.0,78.0,0.0,calm,100.0
28.9,0.86,92.0,50.0,4.6,252.0,0.0,68.0,0.0,energetic,100.0
6.4,0.54,44.0,43.0,9.9,191.0,1.0,83.0,0.0,energetic,57.0
11.5,0.74,49.0,48.0,6.6,101.0,0.0,21.0,1.0,calm,72.0
35.3,0.94,47.0,48.0,8.4,268.0,0.0,53.0,1.0,energetic,88.0
13.3,0.69,43.0,44.0,4.4,198.0,0.0,31.0,0.0,energetic,62.0
7.5,0.57,63.0,56.0,5.5,63.0,1.0,45.0,0.0,energetic,73.0
7.7,0.51,,49.0,9.3,178.0,1.0,51.0,0.0,energetic,64.0
16.3,0.73,47.0,47.0,7.5,89.0,0.0,78.0,0.0,energetic,77.0
31.7,0.72,58.0,51.0,6.5,294.0,1.0,29.0,0.0,energetic,91.0
23.9,0.71,84.0,66.0,6.8,44.0,1.0,67.0,0.0,calm,100.0
11.6,0.62,47.0,61.0,5.3,192.0,1.0,86.0,1.0,energetic,72.0
18.1,0.57,55.0,57.0,9.1,150.0,0.0,71.0,1.0,energetic,71.0
20.7,0.64,52.0,55.0,7.6,114.0,1.0,82.0,0.0,calm,82.0
5.8,0.57,52.0,36.0,4.1,297.0,1.0,30.0,1.0,calm,57.0
17.0,0.73,87.0,57.0,4.7,192.0,0.0,53.0,1.0,calm,86.0
20.8,0.76,63.0,62.0,7.4,67.0,1.0,57.0,0.0,calm,89.0
16.9,0.61,63.0,47.0,7.1,73.0,1.0,53.0,1.0,calm,81.0
36.1,0.87,50.0,41.0,5.6,262.0,1.0,64.0,0.0,calm,98.0
26.9,0.81,68.0,44.0,4.6,120.0,0.0,49.0,0.0,energetic,87.0
26.5,0.68,82.0,47.0,8.8,136.0,1.0,28.0,1.0,calm,93.0
6.0,0.66,52.0,37.0,9.2,172.0,0.0,63.0,0.0,calm,66.0
27.0,0.76,44.0,101.39406664662935,4.3,60.0,0.0,88.0,0.0,energetic,80.0
8.9,0.78,41.0,42.0,5.4,166.0,0.0,76.0,0.0,calm,66.0
22.6,0.59,62.0,49.0,9.7,245.0,1.0,87.0,1.0,calm,77.0
26.9,0.79,78.0,54.0,5.5,107.0,1.0,66.0,1.0,energetic,96.0
24.9,0.8,55.0,65.0,9.6,142.0,0.0,69.0,0.0,energetic,88.0
15.0,0.74,69.0,48.0,5.9,271.0,0.0,42.0,0.0,energetic,79.0
23.9,0.67,74.0,61.0,8.6,274.0,0.0,8.0,0.0,energetic,87.0
23.1,0.76,70.0,63.0,10.0,185.0,0.0,48.0,1.0,calm,87.0
7.2,0.43,86.0,50.0,6.6,66.0,1.0,45.0,1.0,calm,76.0
14.9,0.66,41.0,53.0,4.9,151.0,1.0,48.0,0.0,calm,72.0
20.6,0.75,53.0,38.0,7.0,174.0,1.0,26.0,1.0,calm,83.0
26.2,0.66,69.0,49.0,4.8,115.0,0.0,70.0,1.0,energetic,84.0
14.8,0.69,63.0,63.0,9.9,175.0,0.0,48.0,0.0,calm,77.0
16.1,0.68,67.0,54.0,4.7,124.0,0.0,58.0,1.0,calm,75.0
17.8,0.62,76.0,71.0,6.5,71.0,0.0,60.0,0.0,calm,81.0
28.3,0.6,53.0,56.0,7.8,246.0,0.0,72.0,0.0,energetic,85.0
30.5,0.83,86.0,48.0,5.1,297.0,0.0,39.0,0.0,calm,93.0
17.6,0.85,62.0,59.0,6.3,63.0,1.0,34.0,0.0,calm,96.0
5.5,0.54,43.0,33.0,5.3,262.0,1.0,53.0,0.0,energetic,53.0
32.7,0.91,42.0,49.0,9.6,115.0,1.0,46.0,0.0,calm,90.0
21.4,0.68,41.0,41.0,5.0,297.0,1.0,37.0,1.0,energetic,74.0
14.5,0.77,81.0,47.0,6.9,187.0,0.0,41.0,1.0,energetic,80.0
35.6,1.0,51.0,48.0,9.2,70.0,0.0,81.0,0.0,energetic,98.0
5.3,0.54,79.0,44.0,8.7,44.0,0.0,19.0,0.0,energetic,79.0
20.0,0.74,67.0,70.0,5.7,298.0,0.0,14.0,0.0,calm,85.0
17.9,0.76,78.0,55.0,7.6,288.0,0.0,89.0,1.0,energetic,86.0
12.3,0.73,49.0,48.0,5.1,232.0,1.0,34.0,0.0,energetic,72.0
33.4,0.92,56.0,58.0,4.0,134.0,0.0,52.0,1.0,calm,94.0
9.6,0.5,73.0,65.0,5.6,129.0,0.0,72.0,0.0,calm,80.0
28.5,0.68,64.0,46.0,6.5,82.0,1.0,89.0,0.0,calm,93.0
39.9,0.76,74.0,71.0,7.3,34.0,1.0,54.0,0.0,energetic,100.0
21.4,0.82,56.0,55.0,7.9,83.0,0.0,7.0,0.0,calm,85.0
40.0,0.8,71.0,56.0,5.2,290.0,1.0,14.0,1.0,calm,100.0
26.1,0.81,90.0,66.0,7.0,150.0,0.0,49.0,0.0,calm,100.0
18.9,0.79,95.0,49.0,5.2,296.0,0.0,78.0,1.0,energetic,91.0
8.9,0.56,43.0,47.0,5.3,212.0,0.0,88.0,0.0,calm,60.0
19.4,0.78,44.0,58.0,9.1,166.0,1.0,44.0,1.0,energetic,84.0
27.7,0.64,73.0,46.0,6.7,71.0,1.0,77.0,1.0,calm,89.0
33.5,0.74,76.0,49.0,5.9,194.0,1.0,19.0,1.0,energetic,100.0
19.6,0.7,59.0,62.0,6.0,197.0,0.0,36.0,0.0,calm,84.0
7.5,0.47,59.0,61.0,8.0,116.0,1.0,36.0,0.0,energetic,71.0
8.3,0.65,77.0,50.0,9.8,75.0,0.0,13.0,1.0,energetic,79.0
24.9,0.76,79.0,69.0,4.4,274.0,1.0,75.0,0.0,calm,98.0
25.4,0.69,75.0,58.0,8.7,44.0,0.0,51.0,1.0,energetic,93.0
34.6,0.92,49.0,44.0,6.6,208.0,1.0,71.0,1.0,energetic,92.0
18.6,0.57,42.0,44.0,9.3,239.0,0.0,20.0,0.0,calm,65.0
25.8,0.79,68.0,54.0,4.8,92.0,1.0,60.0,0.0,energetic,91.0
37.0,0.91,84.0,61.0,5.8,141.0,0.0,49.0,0.0,energetic,100.0
36.7,0.81,88.0,51.0,9.6,102.0,1.0,90.0,0.0,energetic,100.0
6.8,0.38,94.0,53.0,5.1,195.0,1.0,78.0,1.0,calm,74.0
13.2,0.72,47.0,62.0,8.6,230.0,1.0,19.0,0.0,calm,75.0
33.6,0.68,43.0,34.0,7.6,180.0,1.0,57.0,0.0,energetic,88.0
33.3,0.75,42.0,53.0,6.6,292.0,0.0,8.0,1.0,calm,84.0
23.8,0.83,94.0,76.0,5.7,289.0,1.0,70.0,0.0,energetic,100.0
12.6,0.56,77.0,57.0,6.8,107.0,1.0,25.0,1.0,calm,77.0
18.2,0.85,50.0,61.0,8.2,260.0,0.0,42.0,0.0,calm,80.0
11.8,0.51,43.0,48.0,8.6,113.0,1.0,79.0,1.0,energetic,63.0
32.1,0.76,56.0,38.0,5.3,283.0,0.0,56.0,0.0,calm,88.0
26.9,0.66,60.0,43.0,6.5,243.0,1.0,42.0,0.0,energetic,86.0
25.1,0.61,48.0,64.0,6.8,264.0,0.0,38.0,0.0,energetic,76.0
39.8,0.99,87.0,73.0,5.8,151.0,0.0,83.0,0.0,energetic,100.0
30.6,0.94,59.0,40.0,8.9,219.0,1.0,24.0,1.0,energetic,91.0
24.1,0.67,65.0,68.0,6.8,225.0,1.0,19.0,0.0,energetic,91.0
33.8,1.0,80.0,48.0,6.0,241.0,1.0,48.0,1.0,calm,100.0
39.4,0.83,71.0,62.0,7.7,115.0,1.0,84.0,0.0,energetic,100.0
16.5,0.7,69.0,56.0,8.4,30.0,1.0,46.0,0.0,calm,87.0
12.7,0.69,47.0,51.0,5.0,254.0,1.0,75.0,0.0,energetic,67.0
39.4,1.0,69.0,42.0,9.2,117.0,0.0,31.0,1.0,energetic,100.0
35.4,0.82,56.0,37.0,8.9,109.0,1.0,87.0,1.0,energetic,92.0
28.5,0.9,90.0,69.0,8.8,86.0,0.0,25.0,0.0,calm,100.0
12.1,0.64,61.0,63.0,9.7,281.0,0.0,36.0,1.0,calm,72.0
31.5,0.71,45.0,46.0,7.9,188.0,1.0,20.0,0.0,calm,84.0
23.8,0.82,55.0,47.0,9.0,243.0,1.0,73.0,0.0,calm,86.0
15.9,0.71,84.0,69.0,4.7,292.0,1.0,48.0,1.0,energetic,92.0
5.4,0.54,90.0,52.0,5.1,185.0,1.0,5.0,1.0,,75.0
31.8,0.88,68.0,42.0,9.7,58.0,1.0,48.0,1.0,calm,98.0
8.9,0.57,65.0,65.0,8.3,122.0,0.0,16.0,0.0,energetic,69.0
38.7,0.79,88.0,50.0,5.7,98.0,1.0,57.0,0.0,energetic,100.0
33.7,0.97,51.0,55.0,9.9,254.0,1.0,15.0,0.0,calm,91.0
33.8,0.7,50.0,60.0,9.8,291.0,0.0,83.0,1.0,calm,84.0
11.6,0.57,63.0,57.0,6.7,186.0,1.0,36.0,0.0,calm,76.0
32.3,0.84,45.0,56.0,4.7,108.0,1.0,38.0,0.0,calm,92.0
32.9,0.82,74.0,57.0,5.6,164.0,1.0,79.0,0.0,calm,100.0
5.2,0.44,91.0,49.0,7.0,273.0,1.0,18.0,1.0,energetic,79.0
10.7,0.61,67.0,42.0,8.7,109.0,0.0,89.0,0.0,calm,77.0
13.9,0.65,56.0,51.0,5.2,54.0,0.0,56.0,0.0,energetic,71.0
33.9,0.86,82.0,66.0,7.7,231.0,0.0,50.0,1.0,calm,100.0
18.0,0.72,79.0,65.0,9.4,83.0,1.0,76.0,0.0,energetic,96.0
19.7,0.76,81.0,62.0,4.5,297.0,0.0,31.0,0.0,calm,89.0
8.5,0.58,83.0,50.0,7.3,215.0,1.0,8.0,1.0,energetic,80.0
9.2,0.57,60.0,65.0,8.6,201.0,0.0,19.0,0.0,energetic,67.0
8.8,0.68,87.0,53.0,4.4,271.0,0.0,77.0,0.0,calm,77.0
38.9,0.96,63.0,64.0,4.1,217.0,0.0,45.0,0.0,energetic,100.0
26.1,0.72,41.0,49.0,8.7,89.0,0.0,52.0,0.0,energetic,79.0
12.1,0.6,66.0,47.0,5.6,287.0,0.0,62.0,1.0,energetic,65.0
11.5,0.54,72.0,59.0,8.3,210.0,0.0,17.0,0.0,energetic,78.0
35.1,0.62,87.0,50.0,8.3,270.0,0.0,73.0,1.0,calm,96.0
24.1,0.66,86.0,59.0,4.8,266.0,0.0,88.0,0.0,calm,94.0
18.0,0.59,62.0,66.0,9.3,135.0,1.0,28.0,1.0,calm,81.0
20.9,0.65,92.0,58.0,9.8,227.0,1.0,59.0,0.0,calm,92.0
9.9,0.44,86.0,69.0,5.0,297.0,0.0,56.0,1.0,calm,78.0
16.9,0.52,45.0,,10.0,159.0,1.0,68.0,1.0,calm,65.0
24.6,0.67,79.0,65.0,8.2,81.0,0.0,69.0,0.0,energetic,91.0
26.8,0.72,72.0,56.0,9.4,279.0,0.0,53.0,0.0,calm,86.0
7.2,,60.0,52.0,5.9,97.0,0.0,68.0,0.0,calm,68.0
35.3,0.69,58.0,59.0,8.6,152.0,0.0,78.0,0.0,calm,93.0
20.7,0.79,55.0,63.0,7.0,106.0,0.0,36.0,0.0,calm,81.0
5.1,0.6,43.0,56.0,6.9,176.0,0.0,35.0,0.0,calm,60.0
14.3,0.56,83.0,64.0,7.1,291.0,0.0,16.0,1.0,calm,83.0
10.9,0.55,76.0,57.0,4.6,289.0,0.0,20.0,0.0,energetic,78.0
30.2,0.9,43.0,55.0,6.6,171.0,0.0,41.0,0.0,calm,94.0
16.3,0.76,75.0,54.0,5.3,146.0,0.0,28.0,0.0,calm,77.0
18.3,0.67,78.0,113.74803489892355,6.5,37.0,1.0,79.0,0.0,energetic,88.0
8.7,0.69,90.0,65.0,7.6,33.0,1.0,22.0,0.0,energetic,85.0
15.2,0.71,63.0,53.0,9.5,62.0,1.0,87.0,1.0,calm,83.0
33.2,0.87,71.0,55.0,7.6,194.0,0.0,75.0,1.0,energetic,99.0
6.7,0.68,51.0,48.0,8.3,97.0,1.0,88.0,1.0,calm,70.0
19.0,0.77,88.0,61.0,7.7,45.0,0.0,5.0,0.0,energetic,96.0
26.0,0.69,94.0,74.0,6.3,292.0,1.0,84.0,0.0,calm,100.0
20.5,0.59,88.0,72.0,8.7,59.0,1.0,12.0,1.0,calm,100.0
7.3,0.61,77.0,73.0,6.4,206.0,1.0,34.0,1.0,calm,74.0
22.5,0.88,44.0,41.0,5.9,140.0,0.0,66.0,0.0,calm,79.0
17.0,0.63,43.0,36.0,6.2,187.0,1.0,69.0,1.0,calm,65.0
22.9,0.75,75.0,46.0,4.6,165.0,1.0,6.0,0.0,calm,91.0
6.8,0.61,54.0,44.0,7.3,137.0,1.0,11.0,0.0,calm,67.0
-24.483429885642327,0.69,71.0,60.0,5.4,292.0,0.0,55.0,1.0,energetic,81.0
11.8,0.5,44.0,36.0,7.7,96.0,0.0,41.0,0.0,calm,64.0
33.1,0.51,42.0,53.0,8.0,256.0,1.0,5.0,0.0,calm,84.0
11.5,0.52,56.0,47.0,9.4,286.0,0.0,65.0,1.0,calm,62.0
21.5,0.58,80.0,53.0,8.0,504.995021954142,0.0,56.0,0.0,energetic,86.0
7.0,0.38,45.0,55.0,9.7,214.0,0.0,75.0,0.0,energetic,55.0
8.8,0.46,71.0,47.0,8.4,85.0,0.0,86.0,0.0,calm,70.0
32.2,1.0,77.0,49.0,7.6,288.0,0.0,64.0,0.0,energetic,100.0
36.5,0.85,45.0,63.0,9.8,162.0,1.0,31.0,1.0,calm,93.0
12.4,0.7,83.0,59.0,6.8,179.0,0.0,13.0,1.0,energetic,87.0
8.2,0.61,50.0,40.0,5.4,169.0,1.0,28.0,0.0,calm,62.0
33.0,0.84,94.0,62.0,5.4,294.0,0.0,30.0,0.0,calm,100.0
31.2,1.0,89.0,49.0,9.5,162.0,0.0,69.0,0.0,calm,100.0
28.2,0.84,41.0,42.0,8.9,162.0,1.0,47.0,0.0,calm,86.0
7.2,0.66,40.0,47.0,8.7,211.0,0.0,76.0,0.0,energetic,64.0
5.5,0.45,43.0,54.0,4.7,132.0,0.0,58.0,1.0,energetic,52.0
24.9,1.386813951793117,86.0,72.0,4.9,138.0,0.0,52.0,1.0,calm,100.0
29.3,0.97,70.0,69.0,4.1,108.0,1.0,42.0,0.0,calm,100.0
37.6,0.76,44.0,62.0,9.1,177.0,1.0,18.0,1.0,energetic,93.0
29.5,0.76,89.0,67.0,4.7,39.0,1.0,86.0,0.0,energetic,100.0
27.0,0.92,61.0,62.0,8.7,58.0,0.0,73.0,1.0,calm,95.0
6.9,0.48,68.0,41.0,7.4,86.0,0.0,59.0,0.0,calm,71.0
14.4,0.65,85.0,70.0,7.8,73.0,1.0,30.0,1.0,calm,95.0
24.8,0.73,85.0,52.0,8.7,45.0,0.0,83.0,0.0,calm,94.0
30.7,0.92,89.0,68.0,5.2,116.0,1.0,87.0,0.0,energetic,100.0
8.9,0.74,42.0,60.0,6.9,291.0,0.0,81.0,1.0,energetic,69.0
17.7,0.59,53.0,66.0,6.9,111.0,0.0,77.0,0.0,calm,76.0
23.5,0.66,73.0,56.0,9.1,176.0,1.0,45.0,1.0,calm,91.0
38.3,0.95,44.0,114.35853961086795,5.3,145.0,0.0,49.0,0.0,calm,96.0
31.7,0.6,74.0,61.0,8.4,129.0,1.0,57.0,0.0,energetic,93.0
7.8,0.64,89.0,57.0,5.6,100.0,1.0,54.0,0.0,energetic,84.0
9.7,0.6,42.0,60.0,8.0,285.0,1.0,90.0,0.0,calm,71.0
39.8,0.9,81.0,55.0,5.8,266.0,0.0,17.0,1.0,calm,100.0
22.1,0.66,54.0,44.0,8.1,199.0,0.0,20.0,0.0,energetic,78.0
16.3,0.61,50.0,45.0,7.2,46.0,0.0,49.0,0.0,energetic,75.0
21.5,0.71,46.0,54.0,5.4,288.0,0.0,80.0,0.0,calm,72.0
25.7,0.7,66.0,44.0,6.6,177.0,0.0,85.0,1.0,calm,89.0
11.2,0.7,54.0,61.0,4.8,294.0,0.0,32.0,1.0,energetic,66.0
35.5,0.7,42.0,37.0,8.7,232.0,1.0,45.0,0.0,energetic,86.0
33.3,0.88,67.0,48.0,8.5,215.0,0.0,20.0,0.0,calm,95.0
35.2,0.56,87.0,68.0,6.4,80.0,1.0,32.0,0.0,calm,100.0
24.8,0.86,46.0,51.0,7.0,109.0,1.0,57.0,1.0,calm,86.0
9.2,0.69,70.0,57.0,7.2,185.0,1.0,86.0,0.0,energetic,78.0
37.5,0.97,62.0,69.0,8.5,36.0,0.0,39.0,0.0,calm,100.0
25.3,0.77,71.0,66.0,7.9,37.0,0.0,12.0,1.0,calm,91.0
12.9,0.67,65.0,66.0,5.3,145.0,0.0,30.0,0.0,energetic,82.0
14.5,0.72,90.0,69.0,8.9,159.0,1.0,53.0,0.0,calm,95.0
28.9,0.85,46.0,51.0,9.9,53.0,1.0,87.0,1.0,calm,88.0
15.7,0.59,57.0,50.0,5.9,47.0,1.0,58.0,0.0,calm,77.0
6.2,0.65,64.0,51.0,7.3,274.0,0.0,26.0,0.0,energetic,65.0
19.9,0.88,44.0,50.0,4.6,156.0,0.0,90.0,0.0,calm,76.0
30.6,0.78,48.0,63.0,4.7,222.0,0.0,61.0,0.0,energetic,84.0
23.8,0.78,55.0,49.0,6.2,40.0,1.0,39.0,0.0,calm,92.0
19.5,0.73,59.0,64.0,8.3,256.0,1.0,41.0,0.0,energetic,81.0
8.7,0.6,45.0,52.0,4.7,40.0,0.0,72.0,0.0,energetic,67.0
12.9,0.58,83.0,61.0,7.8,108.0,1.0,60.0,1.0,calm,90.0
30.4,0.76,72.0,52.0,6.3,168.0,1.0,6.0,1.0,energetic,98.0
35.5,0.79,77.0,68.0,9.7,274.0,1.0,54.0,0.0,calm,100.0
18.0,0.6,86.0,75.0,6.3,32.0,0.0,72.0,0.0,energetic,93.0
39.0,0.76,54.0,55.0,5.0,272.0,0.0,19.0,0.0,energetic,90.0
12.3,0.43,49.0,49.0,8.8,100.0,0.0,84.0,1.0,energetic,62.0
17.0,0.78,63.0,40.0,9.3,191.0,0.0,18.0,0.0,calm,81.0
19.6,0.65,92.0,65.0,9.9,249.0,0.0,64.0,0.0,calm,88.0
14.8,0.82,86.0,59.0,6.9,249.0,0.0,68.0,1.0,energetic,87.0
37.8,0.83,47.0,61.0,6.5,213.0,1.0,59.0,1.0,calm,98.0
31.4,0.75,61.0,59.0,4.5,88.0,0.0,48.0,1.0,energetic,93.0
16.1,0.68,71.0,59.0,6.6,288.0,1.0,47.0,1.0,calm,81.0
22.5,0.61,49.0,56.0,5.5,130.0,0.0,26.0,1.0,calm,83.0
24.1,0.61,82.0,52.0,4.4,245.0,0.0,38.0,1.0,energetic,84.0
17.9,0.63,42.0,60.0,4.8,137.0,1.0,48.0,0.0,energetic,75.0
16.2,0.7,83.0,51.0,8.6,275.0,1.0,46.0,1.0,calm,86.0
9.7,0.54,82.0,74.0,5.8,67.0,1.0,83.0,1.0,energetic,82.0
5.2,0.49,91.0,66.0,5.2,79.0,1.0,54.0,1.0,energetic,86.0
29.3,0.71,54.0,57.0,8.2,184.0,1.0,7.0,0.0,energetic,84.0
5.3,0.64,89.0,75.0,6.5,145.0,1.0,49.0,1.0,energetic,85.0
5.2,0.6,61.0,,4.7,88.0,0.0,54.0,0.0,energetic,66.0
12.0,0.64,87.0,48.0,6.5,261.0,1.0,90.0,0.0,energetic,78.0
33.6,0.91,44.0,62.0,7.9,148.0,1.0,70.0,0.0,calm,93.0
7.4,0.63,45.0,50.0,9.7,118.0,1.0,45.0,1.0,energetic,64.0
20.0,0.71,54.0,37.0,4.6,63.0,1.0,58.0,1.0,calm,78.0
31.9,0.85,93.0,55.0,8.4,258.0,1.0,37.0,0.0,energetic,100.0
5.0,0.46,64.0,56.0,8.9,164.0,0.0,40.0,1.0,energetic,57.0
32.3,0.88,53.0,48.0,8.2,149.0,1.0,49.0,0.0,energetic,97.0
23.5,0.87,95.0,58.0,6.0,37.0,0.0,21.0,1.0,energetic,100.0
15.0,0.61,78.0,65.0,7.2,121.0,0.0,82.0,1.0,calm,88.0
25.7,0.69,68.0,41.0,8.3,241.0,0.0,75.0,0.0,energetic,86.0
16.1,0.62,55.0,63.0,8.2,132.0,0.0,34.0,1.0,,75.0
30.1,0.74,86.0,68.0,4.8,131.0,0.0,17.0,1.0,energetic,100.0
14.3,0.68,89.0,52.0,4.2,70.0,1.0,46.0,1.0,calm,84.0
30.7,0.87,72.0,58.0,5.1,276.0,0.0,8.0,0.0,energetic,95.0
33.3,0.93,54.0,52.0,5.7,57.0,0.0,29.0,0.0,energetic,97.0
28.2,0.85,54.0,59.0,4.9,287.0,0.0,38.0,0.0,calm,86.0
21.7,0.59,48.0,41.0,6.2,201.0,1.0,26.0,0.0,calm,73.0
25.8,0.81,51.0,61.0,7.0,107.0,0.0,46.0,0.0,calm,86.0
9.6,0.46,51.0,57.0,8.0,298.0,1.0,33.0,1.0,calm,65.0
38.5,0.98,48.0,58.0,5.6,79.0,1.0,43.0,1.0,energetic,98.0
32.2,0.78,77.0,57.0,7.6,213.0,1.0,55.0,0.0,energetic,100.0
11.0,0.0024956220633823856,75.0,45.0,5.6,49.0,0.0,75.0,0.0,energetic,76.0
